area,perimeter,aspect_ratio,extent,solidity,centroid_x,centroid_y,label,image,mask_index,image_folder,mask_folder
3.5,9.41421353816986,2.5,0.35,1.0,0.504991060418938,0.7212571367944659,0,frame_0000.tif,0,C:\Users\raglo\OneDrive - University of Arizona\Printz Lab\Data\Capillary_Bridges\My_better_CLB_videos\5-9\s1_tifs,C:\Users\raglo\OneDrive - University of Arizona\Printz Lab\Data\Capillary_Bridges\masks_json
0.0,2.0,2.0,0.0,0.0,0.49603973423484,0.2054561858342839,0,frame_0000.tif,1,C:\Users\raglo\OneDrive - University of Arizona\Printz Lab\Data\Capillary_Bridges\My_better_CLB_videos\5-9\s1_tifs,C:\Users\raglo\OneDrive - University of Arizona\Printz Lab\Data\Capillary_Bridges\masks_json
9969.5,394.40916085243225,1.4886363636363635,0.8648074253990284,0.9903148902354226,0.0580499221289274,0.431896385304836,1,frame_0000.tif,2,C:\Users\raglo\OneDrive - University of Arizona\Printz Lab\Data\Capillary_Bridges\My_better_CLB_videos\5-9\s1_tifs,C:\Users\raglo\OneDrive - University of Arizona\Printz Lab\Data\Capillary_Bridges\masks_json
3514.0,229.4802284240723,0.9857142857142858,0.7275362318840579,0.976517993608448,0.2920873037147205,0.2819524073049253,0,frame_0000.tif,3,C:\Users\raglo\OneDrive - University of Arizona\Printz Lab\Data\Capillary_Bridges\My_better_CLB_videos\5-9\s1_tifs,C:\Users\raglo\OneDrive - University of Arizona\Printz Lab\Data\Capillary_Bridges\masks_json
47.5,30.727921843528748,1.0,0.475,0.8407079646017699,0.5021905405461007,0.4996003021646265,0,frame_0000.tif,4,C:\Users\raglo\OneDrive - University of Arizona\Printz Lab\Data\Capillary_Bridges\My_better_CLB_videos\5-9\s1_tifs,C:\Users\raglo\OneDrive - University of Arizona\Printz Lab\Data\Capillary_Bridges\masks_json
19.5,17.071067690849304,1.4,0.5571428571428572,0.975,0.0580122924003045,0.4329446400812157,0,frame_0000.tif,5,C:\Users\raglo\OneDrive - University of Arizona\Printz Lab\Data\Capillary_Bridges\My_better_CLB_videos\5-9\s1_tifs,C:\Users\raglo\OneDrive - University of Arizona\Printz Lab\Data\Capillary_Bridges\masks_json
9486.0,421.4802281856537,1.7,0.871875,0.9555757026291932,0.936780337385096,0.4254046684569304,1,frame_0000.tif,6,C:\Users\raglo\OneDrive - University of Arizona\Printz Lab\Data\Capillary_Bridges\My_better_CLB_videos\5-9\s1_tifs,C:\Users\raglo\OneDrive - University of Arizona\Printz Lab\Data\Capillary_Bridges\masks_json
717.0,166.4507919549942,0.819672131147541,0.2350819672131147,0.8445229681978799,0.899274375399106,0.3489757343550447,0,frame_0000.tif,7,C:\Users\raglo\OneDrive - University of Arizona\Printz Lab\Data\Capillary_Bridges\My_better_CLB_videos\5-9\s1_tifs,C:\Users\raglo\OneDrive - University of Arizona\Printz Lab\Data\Capillary_Bridges\masks_json
133.5,48.38477599620819,2.0,0.6675,0.9535714285714286,0.7391138321314102,0.509982905982906,0,frame_0000.tif,8,C:\Users\raglo\OneDrive - University of Arizona\Printz Lab\Data\Capillary_Bridges\My_better_CLB_videos\5-9\s1_tifs,C:\Users\raglo\OneDrive - University of Arizona\Printz Lab\Data\Capillary_Bridges\masks_json
87.5,34.72792172431946,1.0,0.7231404958677686,0.9887005649717514,0.4248422475961538,0.2066153846153846,0,frame_0000.tif,9,C:\Users\raglo\OneDrive - University of Arizona\Printz Lab\Data\Capillary_Bridges\My_better_CLB_videos\5-9\s1_tifs,C:\Users\raglo\OneDrive - University of Arizona\Printz Lab\Data\Capillary_Bridges\masks_json
77.5,32.72792172431946,0.9090909090909092,0.7045454545454546,0.9872611464968152,0.0454994119623655,0.2361433691756272,0,frame_0000.tif,10,C:\Users\raglo\OneDrive - University of Arizona\Printz Lab\Data\Capillary_Bridges\My_better_CLB_videos\5-9\s1_tifs,C:\Users\raglo\OneDrive - University of Arizona\Printz Lab\Data\Capillary_Bridges\masks_json
98.0,36.97056221961975,1.0,0.6805555555555556,0.98,0.2367697010869565,0.6643594202898551,0,frame_0000.tif,11,C:\Users\raglo\OneDrive - University of Arizona\Printz Lab\Data\Capillary_Bridges\My_better_CLB_videos\5-9\s1_tifs,C:\Users\raglo\OneDrive - University of Arizona\Printz Lab\Data\Capillary_Bridges\masks_json
45.0,26.485281229019165,1.4285714285714286,0.6428571428571429,0.9574468085106383,0.2354357489224137,0.5161149425287357,0,frame_0000.tif,12,C:\Users\raglo\OneDrive - University of Arizona\Printz Lab\Data\Capillary_Bridges\My_better_CLB_videos\5-9\s1_tifs,C:\Users\raglo\OneDrive - University of Arizona\Printz Lab\Data\Capillary_Bridges\masks_json
58.0,30.14213538169861,1.2222222222222223,0.5858585858585859,0.935483870967742,0.2357177734375,0.5161851851851852,0,frame_0000.tif,13,C:\Users\raglo\OneDrive - University of Arizona\Printz Lab\Data\Capillary_Bridges\My_better_CLB_videos\5-9\s1_tifs,C:\Users\raglo\OneDrive - University of Arizona\Printz Lab\Data\Capillary_Bridges\masks_json
105.0,38.97056233882904,1.0833333333333333,0.6730769230769231,0.967741935483871,0.6037061737804879,0.2083794037940379,0,frame_0000.tif,14,C:\Users\raglo\OneDrive - University of Arizona\Printz Lab\Data\Capillary_Bridges\My_better_CLB_videos\5-9\s1_tifs,C:\Users\raglo\OneDrive - University of Arizona\Printz Lab\Data\Capillary_Bridges\masks_json
42.5,23.899494767189022,1.0,0.6640625,1.0,0.2955186631944444,0.7021481481481481,0,frame_0000.tif,15,C:\Users\raglo\OneDrive - University of Arizona\Printz Lab\Data\Capillary_Bridges\My_better_CLB_videos\5-9\s1_tifs,C:\Users\raglo\OneDrive - University of Arizona\Printz Lab\Data\Capillary_Bridges\masks_json
38.0,23.656854152679443,1.1428571428571428,0.6785714285714286,0.9743589743589745,0.5765234375,0.6746666666666666,0,frame_0000.tif,16,C:\Users\raglo\OneDrive - University of Arizona\Printz Lab\Data\Capillary_Bridges\My_better_CLB_videos\5-9\s1_tifs,C:\Users\raglo\OneDrive - University of Arizona\Printz Lab\Data\Capillary_Bridges\masks_json
49.5,26.727921724319454,1.0,0.6111111111111112,0.9705882352941176,0.890593497983871,0.0513118279569892,0,frame_0000.tif,17,C:\Users\raglo\OneDrive - University of Arizona\Printz Lab\Data\Capillary_Bridges\My_better_CLB_videos\5-9\s1_tifs,C:\Users\raglo\OneDrive - University of Arizona\Printz Lab\Data\Capillary_Bridges\masks_json
41.0,24.485281229019165,1.0,0.640625,0.9647058823529412,0.8589696344339622,0.8903899371069183,0,frame_0000.tif,18,C:\Users\raglo\OneDrive - University of Arizona\Printz Lab\Data\Capillary_Bridges\My_better_CLB_videos\5-9\s1_tifs,C:\Users\raglo\OneDrive - University of Arizona\Printz Lab\Data\Capillary_Bridges\masks_json
0.0,0.0,1.0,0.0,0.0,0.5049368560542818,0.7210202507537984,0,frame_0001.tif,0,C:\Users\raglo\OneDrive - University of Arizona\Printz Lab\Data\Capillary_Bridges\My_better_CLB_videos\5-9\s1_tifs,C:\Users\raglo\OneDrive - University of Arizona\Printz Lab\Data\Capillary_Bridges\masks_json
309977.5,2790.281305909157,3.2,0.9459762573242188,0.9764823921144898,0.4977453808264943,0.2067868746670268,0,frame_0001.tif,1,C:\Users\raglo\OneDrive - University of Arizona\Printz Lab\Data\Capillary_Bridges\My_better_CLB_videos\5-9\s1_tifs,C:\Users\raglo\OneDrive - University of Arizona\Printz Lab\Data\Capillary_Bridges\masks_json
9939.0,392.9949476718903,1.5057471264367817,0.8720715977888918,0.9913720013964392,0.0583769612292531,0.4316102219587697,1,frame_0001.tif,2,C:\Users\raglo\OneDrive - University of Arizona\Printz Lab\Data\Capillary_Bridges\My_better_CLB_videos\5-9\s1_tifs,C:\Users\raglo\OneDrive - University of Arizona\Printz Lab\Data\Capillary_Bridges\masks_json
748223.0,3856.8082177639008,1.3763440860215057,0.9821055422547044,0.9843951457996748,0.5054351467668278,0.500312119629743,0,frame_0001.tif,3,C:\Users\raglo\OneDrive - University of Arizona\Printz Lab\Data\Capillary_Bridges\My_better_CLB_videos\5-9\s1_tifs,C:\Users\raglo\OneDrive - University of Arizona\Printz Lab\Data\Capillary_Bridges\masks_json
3306.5,216.06601512432096,1.0952380952380951,0.7606395215090868,0.9876045400238948,0.2926324103860294,0.2839298039215686,0,frame_0001.tif,4,C:\Users\raglo\OneDrive - University of Arizona\Printz Lab\Data\Capillary_Bridges\My_better_CLB_videos\5-9\s1_tifs,C:\Users\raglo\OneDrive - University of Arizona\Printz Lab\Data\Capillary_Bridges\masks_json
9362.5,397.92388010025024,1.5595238095238095,0.8508269720101781,0.9600594749794914,0.0587064499554927,0.5440612978671414,0,frame_0001.tif,5,C:\Users\raglo\OneDrive - University of Arizona\Printz Lab\Data\Capillary_Bridges\My_better_CLB_videos\5-9\s1_tifs,C:\Users\raglo\OneDrive - University of Arizona\Printz Lab\Data\Capillary_Bridges\masks_json
9704.5,424.8944420814514,1.6585365853658536,0.8702026542324247,0.9580906308618816,0.9368304501300242,0.4254670436948765,1,frame_0001.tif,6,C:\Users\raglo\OneDrive - University of Arizona\Printz Lab\Data\Capillary_Bridges\My_better_CLB_videos\5-9\s1_tifs,C:\Users\raglo\OneDrive - University of Arizona\Printz Lab\Data\Capillary_Bridges\masks_json
731.5,169.03657793998718,0.8360655737704918,0.2351333976213436,0.8251551043429216,0.8989337257509387,0.3487759699624531,0,frame_0001.tif,7,C:\Users\raglo\OneDrive - University of Arizona\Printz Lab\Data\Capillary_Bridges\My_better_CLB_videos\5-9\s1_tifs,C:\Users\raglo\OneDrive - University of Arizona\Printz Lab\Data\Capillary_Bridges\masks_json
134.5,49.21320295333862,1.818181818181818,0.6113636363636363,0.9307958477508652,0.7388970441878981,0.5097324840764331,0,frame_0001.tif,8,C:\Users\raglo\OneDrive - University of Arizona\Printz Lab\Data\Capillary_Bridges\My_better_CLB_videos\5-9\s1_tifs,C:\Users\raglo\OneDrive - University of Arizona\Printz Lab\Data\Capillary_Bridges\masks_json
83.0,34.14213538169861,1.0,0.6859504132231405,0.976470588235294,0.0456222380050505,0.236,0,frame_0001.tif,9,C:\Users\raglo\OneDrive - University of Arizona\Printz Lab\Data\Capillary_Bridges\My_better_CLB_videos\5-9\s1_tifs,C:\Users\raglo\OneDrive - University of Arizona\Printz Lab\Data\Capillary_Bridges\masks_json
98.5,37.55634891986847,1.0,0.6840277777777778,0.965686274509804,0.4244763604525862,0.2063448275862069,0,frame_0001.tif,10,C:\Users\raglo\OneDrive - University of Arizona\Printz Lab\Data\Capillary_Bridges\My_better_CLB_videos\5-9\s1_tifs,C:\Users\raglo\OneDrive - University of Arizona\Printz Lab\Data\Capillary_Bridges\masks_json
90.0,36.14213538169861,1.0909090909090908,0.6818181818181818,0.962566844919786,0.2368666033878504,0.6639750778816199,0,frame_0001.tif,11,C:\Users\raglo\OneDrive - University of Arizona\Printz Lab\Data\Capillary_Bridges\My_better_CLB_videos\5-9\s1_tifs,C:\Users\raglo\OneDrive - University of Arizona\Printz Lab\Data\Capillary_Bridges\masks_json
49.0,27.313708305358887,1.25,0.6125,0.9514563106796116,0.2354460685483871,0.5161505376344087,0,frame_0001.tif,12,C:\Users\raglo\OneDrive - University of Arizona\Printz Lab\Data\Capillary_Bridges\My_better_CLB_videos\5-9\s1_tifs,C:\Users\raglo\OneDrive - University of Arizona\Printz Lab\Data\Capillary_Bridges\masks_json
58.0,29.313708305358887,1.1111111111111112,0.6444444444444445,0.9508196721311476,0.5765652126736112,0.6745555555555556,0,frame_0001.tif,13,C:\Users\raglo\OneDrive - University of Arizona\Printz Lab\Data\Capillary_Bridges\My_better_CLB_videos\5-9\s1_tifs,C:\Users\raglo\OneDrive - University of Arizona\Printz Lab\Data\Capillary_Bridges\masks_json
53.0,27.313708305358887,1.25,0.6625,0.9814814814814816,0.2955433238636363,0.7032929292929293,0,frame_0001.tif,14,C:\Users\raglo\OneDrive - University of Arizona\Printz Lab\Data\Capillary_Bridges\My_better_CLB_videos\5-9\s1_tifs,C:\Users\raglo\OneDrive - University of Arizona\Printz Lab\Data\Capillary_Bridges\masks_json
55.0,27.313708305358887,1.25,0.6875,1.0,0.85888671875,0.89,0,frame_0001.tif,15,C:\Users\raglo\OneDrive - University of Arizona\Printz Lab\Data\Capillary_Bridges\My_better_CLB_videos\5-9\s1_tifs,C:\Users\raglo\OneDrive - University of Arizona\Printz Lab\Data\Capillary_Bridges\masks_json
41.0,24.485281229019165,1.0,0.640625,0.9647058823529412,0.5766509433962265,0.674566037735849,0,frame_0001.tif,16,C:\Users\raglo\OneDrive - University of Arizona\Printz Lab\Data\Capillary_Bridges\My_better_CLB_videos\5-9\s1_tifs,C:\Users\raglo\OneDrive - University of Arizona\Printz Lab\Data\Capillary_Bridges\masks_json
45.0,25.313708305358887,0.8888888888888888,0.625,0.967741935483871,0.8911218475877193,0.051719298245614,0,frame_0001.tif,17,C:\Users\raglo\OneDrive - University of Arizona\Printz Lab\Data\Capillary_Bridges\My_better_CLB_videos\5-9\s1_tifs,C:\Users\raglo\OneDrive - University of Arizona\Printz Lab\Data\Capillary_Bridges\masks_json
416474.0,2920.582823038101,2.42080378250591,0.9614961953309692,0.9816989520033568,0.501047995208449,0.7222361771847371,0,frame_0002.tif,0,C:\Users\raglo\OneDrive - University of Arizona\Printz Lab\Data\Capillary_Bridges\My_better_CLB_videos\5-9\s1_tifs,C:\Users\raglo\OneDrive - University of Arizona\Printz Lab\Data\Capillary_Bridges\masks_json
309902.0,2773.068102478981,3.2,0.945745849609375,0.9790078566531984,0.4975146240020152,0.2068298711887214,0,frame_0002.tif,1,C:\Users\raglo\OneDrive - University of Arizona\Printz Lab\Data\Capillary_Bridges\My_better_CLB_videos\5-9\s1_tifs,C:\Users\raglo\OneDrive - University of Arizona\Printz Lab\Data\Capillary_Bridges\masks_json
748034.0,3868.2640619277954,1.374496644295302,0.9805395343959732,0.9834865907435504,0.5053343399252284,0.5001232461570722,0,frame_0002.tif,2,C:\Users\raglo\OneDrive - University of Arizona\Printz Lab\Data\Capillary_Bridges\My_better_CLB_videos\5-9\s1_tifs,C:\Users\raglo\OneDrive - University of Arizona\Printz Lab\Data\Capillary_Bridges\masks_json
9850.5,392.0660156011581,1.4886363636363635,0.8544847328244275,0.9876673183937434,0.0581959020197866,0.4320075757575757,1,frame_0002.tif,3,C:\Users\raglo\OneDrive - University of Arizona\Printz Lab\Data\Capillary_Bridges\My_better_CLB_videos\5-9\s1_tifs,C:\Users\raglo\OneDrive - University of Arizona\Printz Lab\Data\Capillary_Bridges\masks_json
3420.5,224.89444243907928,1.0147058823529411,0.7290068201193521,0.9782639782639784,0.2922195339148664,0.2824187985597878,0,frame_0002.tif,4,C:\Users\raglo\OneDrive - University of Arizona\Printz Lab\Data\Capillary_Bridges\My_better_CLB_videos\5-9\s1_tifs,C:\Users\raglo\OneDrive - University of Arizona\Printz Lab\Data\Capillary_Bridges\masks_json
9642.0,426.7939373254776,1.691358024691358,0.8688834820221681,0.9545589545589546,0.9367508289714402,0.4245763458346038,1,frame_0002.tif,5,C:\Users\raglo\OneDrive - University of Arizona\Printz Lab\Data\Capillary_Bridges\My_better_CLB_videos\5-9\s1_tifs,C:\Users\raglo\OneDrive - University of Arizona\Printz Lab\Data\Capillary_Bridges\masks_json
9432.5,400.75230646133423,1.5595238095238095,0.8571882951653944,0.9661477005018948,0.0590170624350311,0.5444916146916147,0,frame_0002.tif,6,C:\Users\raglo\OneDrive - University of Arizona\Printz Lab\Data\Capillary_Bridges\My_better_CLB_videos\5-9\s1_tifs,C:\Users\raglo\OneDrive - University of Arizona\Printz Lab\Data\Capillary_Bridges\masks_json
714.5,167.0365787744522,0.819672131147541,0.2342622950819672,0.829849012775842,0.8991452264724712,0.3488638497652582,0,frame_0002.tif,7,C:\Users\raglo\OneDrive - University of Arizona\Printz Lab\Data\Capillary_Bridges\My_better_CLB_videos\5-9\s1_tifs,C:\Users\raglo\OneDrive - University of Arizona\Printz Lab\Data\Capillary_Bridges\masks_json
82.0,34.14213538169861,1.0,0.6776859504132231,0.970414201183432,0.0455695950255102,0.2360136054421768,0,frame_0002.tif,8,C:\Users\raglo\OneDrive - University of Arizona\Printz Lab\Data\Capillary_Bridges\My_better_CLB_videos\5-9\s1_tifs,C:\Users\raglo\OneDrive - University of Arizona\Printz Lab\Data\Capillary_Bridges\masks_json
137.0,48.97056245803833,2.0,0.685,0.9513888888888888,0.73919677734375,0.5096416666666667,0,frame_0002.tif,9,C:\Users\raglo\OneDrive - University of Arizona\Printz Lab\Data\Capillary_Bridges\My_better_CLB_videos\5-9\s1_tifs,C:\Users\raglo\OneDrive - University of Arizona\Printz Lab\Data\Capillary_Bridges\masks_json
84.5,34.72792184352875,1.0,0.6983471074380165,0.971264367816092,0.4248820389851485,0.2063762376237623,0,frame_0002.tif,10,C:\Users\raglo\OneDrive - University of Arizona\Printz Lab\Data\Capillary_Bridges\My_better_CLB_videos\5-9\s1_tifs,C:\Users\raglo\OneDrive - University of Arizona\Printz Lab\Data\Capillary_Bridges\masks_json
99.5,37.55634880065918,1.0,0.6909722222222222,0.9754901960784312,0.2369290865384615,0.6641823361823361,0,frame_0002.tif,11,C:\Users\raglo\OneDrive - University of Arizona\Printz Lab\Data\Capillary_Bridges\My_better_CLB_videos\5-9\s1_tifs,C:\Users\raglo\OneDrive - University of Arizona\Printz Lab\Data\Capillary_Bridges\masks_json
44.0,25.656854152679443,1.2857142857142858,0.6984126984126984,0.9777777777777776,0.2353515625,0.516140350877193,0,frame_0002.tif,12,C:\Users\raglo\OneDrive - University of Arizona\Printz Lab\Data\Capillary_Bridges\My_better_CLB_videos\5-9\s1_tifs,C:\Users\raglo\OneDrive - University of Arizona\Printz Lab\Data\Capillary_Bridges\masks_json
53.5,27.899494767189022,1.0,0.6604938271604939,0.963963963963964,0.2951113572761194,0.702407960199005,0,frame_0002.tif,13,C:\Users\raglo\OneDrive - University of Arizona\Printz Lab\Data\Capillary_Bridges\My_better_CLB_videos\5-9\s1_tifs,C:\Users\raglo\OneDrive - University of Arizona\Printz Lab\Data\Capillary_Bridges\masks_json
52.0,28.14213538169861,1.375,0.5909090909090909,0.9541284403669724,0.235381610576923,0.5162871794871795,0,frame_0002.tif,14,C:\Users\raglo\OneDrive - University of Arizona\Printz Lab\Data\Capillary_Bridges\My_better_CLB_videos\5-9\s1_tifs,C:\Users\raglo\OneDrive - University of Arizona\Printz Lab\Data\Capillary_Bridges\masks_json
55.5,27.899494767189022,1.25,0.69375,0.9910714285714286,0.8588230298913043,0.890048309178744,0,frame_0002.tif,15,C:\Users\raglo\OneDrive - University of Arizona\Printz Lab\Data\Capillary_Bridges\My_better_CLB_videos\5-9\s1_tifs,C:\Users\raglo\OneDrive - University of Arizona\Printz Lab\Data\Capillary_Bridges\masks_json
40.0,23.656854152679443,1.1428571428571428,0.7142857142857143,1.0,0.57666015625,0.6746666666666666,0,frame_0002.tif,16,C:\Users\raglo\OneDrive - University of Arizona\Printz Lab\Data\Capillary_Bridges\My_better_CLB_videos\5-9\s1_tifs,C:\Users\raglo\OneDrive - University of Arizona\Printz Lab\Data\Capillary_Bridges\masks_json
425418.5,3113.4528794288635,2.1974248927038627,0.891518785206545,0.949967007164637,0.5102681780341145,0.7167223687765809,0,frame_0003.tif,0,C:\Users\raglo\OneDrive - University of Arizona\Printz Lab\Data\Capillary_Bridges\My_better_CLB_videos\5-9\s1_tifs,C:\Users\raglo\OneDrive - University of Arizona\Printz Lab\Data\Capillary_Bridges\masks_json
10.0,13.656854152679443,1.5,0.4166666666666667,0.9090909090909092,0.4977925666852633,0.2052960537309249,0,frame_0003.tif,1,C:\Users\raglo\OneDrive - University of Arizona\Printz Lab\Data\Capillary_Bridges\My_better_CLB_videos\5-9\s1_tifs,C:\Users\raglo\OneDrive - University of Arizona\Printz Lab\Data\Capillary_Bridges\masks_json
9844.0,390.1665204763413,1.4942528735632183,0.8703801945181255,0.991139750302054,0.0582364757879513,0.4317350887692,1,frame_0003.tif,2,C:\Users\raglo\OneDrive - University of Arizona\Printz Lab\Data\Capillary_Bridges\My_better_CLB_videos\5-9\s1_tifs,C:\Users\raglo\OneDrive - University of Arizona\Printz Lab\Data\Capillary_Bridges\masks_json
747125.5,3875.619400024414,1.3763440860215057,0.9806649813088038,0.9834778465058176,0.505303626354046,0.5002625900467614,0,frame_0003.tif,3,C:\Users\raglo\OneDrive - University of Arizona\Printz Lab\Data\Capillary_Bridges\My_better_CLB_videos\5-9\s1_tifs,C:\Users\raglo\OneDrive - University of Arizona\Printz Lab\Data\Capillary_Bridges\masks_json
3310.0,216.3086564540863,1.078125,0.7495471014492754,0.9862932061978544,0.2927503650271819,0.2836869428935253,0,frame_0003.tif,4,C:\Users\raglo\OneDrive - University of Arizona\Printz Lab\Data\Capillary_Bridges\My_better_CLB_videos\5-9\s1_tifs,C:\Users\raglo\OneDrive - University of Arizona\Printz Lab\Data\Capillary_Bridges\masks_json
9579.5,420.8944422006607,1.691358024691358,0.8632513291880688,0.9583812715722076,0.9364918678069054,0.4260982779198636,1,frame_0003.tif,5,C:\Users\raglo\OneDrive - University of Arizona\Printz Lab\Data\Capillary_Bridges\My_better_CLB_videos\5-9\s1_tifs,C:\Users\raglo\OneDrive - University of Arizona\Printz Lab\Data\Capillary_Bridges\masks_json
713.0,165.62236392498016,0.8032786885245902,0.2385413181666109,0.8363636363636363,0.8992247673299102,0.3488643560119812,0,frame_0003.tif,6,C:\Users\raglo\OneDrive - University of Arizona\Printz Lab\Data\Capillary_Bridges\My_better_CLB_videos\5-9\s1_tifs,C:\Users\raglo\OneDrive - University of Arizona\Printz Lab\Data\Capillary_Bridges\masks_json
126.5,47.55634891986847,2.2222222222222223,0.7027777777777777,0.9619771863117872,0.73884490352349,0.509503355704698,0,frame_0003.tif,7,C:\Users\raglo\OneDrive - University of Arizona\Printz Lab\Data\Capillary_Bridges\My_better_CLB_videos\5-9\s1_tifs,C:\Users\raglo\OneDrive - University of Arizona\Printz Lab\Data\Capillary_Bridges\masks_json
77.5,32.72792172431946,0.9090909090909092,0.7045454545454546,0.9872611464968152,0.0455204133064516,0.2361720430107526,0,frame_0003.tif,8,C:\Users\raglo\OneDrive - University of Arizona\Printz Lab\Data\Capillary_Bridges\My_better_CLB_videos\5-9\s1_tifs,C:\Users\raglo\OneDrive - University of Arizona\Printz Lab\Data\Capillary_Bridges\masks_json
93.0,36.97056233882904,1.0,0.6458333333333334,0.9489795918367347,0.4244673295454545,0.2062060606060606,0,frame_0003.tif,9,C:\Users\raglo\OneDrive - University of Arizona\Printz Lab\Data\Capillary_Bridges\My_better_CLB_videos\5-9\s1_tifs,C:\Users\raglo\OneDrive - University of Arizona\Printz Lab\Data\Capillary_Bridges\masks_json
99.5,37.55634880065918,1.0,0.6909722222222222,0.9707317073170731,0.2368873530982906,0.6643988603988604,0,frame_0003.tif,10,C:\Users\raglo\OneDrive - University of Arizona\Printz Lab\Data\Capillary_Bridges\My_better_CLB_videos\5-9\s1_tifs,C:\Users\raglo\OneDrive - University of Arizona\Printz Lab\Data\Capillary_Bridges\masks_json
42.0,25.656854152679443,1.2857142857142858,0.6666666666666666,0.9545454545454546,0.2354403409090909,0.5161454545454546,0,frame_0003.tif,11,C:\Users\raglo\OneDrive - University of Arizona\Printz Lab\Data\Capillary_Bridges\My_better_CLB_videos\5-9\s1_tifs,C:\Users\raglo\OneDrive - University of Arizona\Printz Lab\Data\Capillary_Bridges\masks_json
9003.0,389.6812397241592,1.6582278481012658,0.869939124553097,0.971406991799741,0.0594883475873612,0.5417503447274838,0,frame_0003.tif,12,C:\Users\raglo\OneDrive - University of Arizona\Printz Lab\Data\Capillary_Bridges\My_better_CLB_videos\5-9\s1_tifs,C:\Users\raglo\OneDrive - University of Arizona\Printz Lab\Data\Capillary_Bridges\masks_json
50.5,27.071067690849304,0.8888888888888888,0.7013888888888888,0.9805825242718448,0.2954254150390625,0.7028125,0,frame_0003.tif,13,C:\Users\raglo\OneDrive - University of Arizona\Printz Lab\Data\Capillary_Bridges\My_better_CLB_videos\5-9\s1_tifs,C:\Users\raglo\OneDrive - University of Arizona\Printz Lab\Data\Capillary_Bridges\masks_json
54.5,28.727921843528748,1.1111111111111112,0.6055555555555555,0.9396551724137931,0.5766888786764706,0.6748627450980392,0,frame_0003.tif,14,C:\Users\raglo\OneDrive - University of Arizona\Printz Lab\Data\Capillary_Bridges\My_better_CLB_videos\5-9\s1_tifs,C:\Users\raglo\OneDrive - University of Arizona\Printz Lab\Data\Capillary_Bridges\masks_json
45.5,25.899494767189022,1.125,0.6319444444444444,0.9578947368421052,0.8906418372844828,0.0513793103448275,0,frame_0003.tif,15,C:\Users\raglo\OneDrive - University of Arizona\Printz Lab\Data\Capillary_Bridges\My_better_CLB_videos\5-9\s1_tifs,C:\Users\raglo\OneDrive - University of Arizona\Printz Lab\Data\Capillary_Bridges\masks_json
53.0,27.313708305358887,1.25,0.6625,0.9814814814814816,0.8587535511363636,0.890040404040404,0,frame_0003.tif,16,C:\Users\raglo\OneDrive - University of Arizona\Printz Lab\Data\Capillary_Bridges\My_better_CLB_videos\5-9\s1_tifs,C:\Users\raglo\OneDrive - University of Arizona\Printz Lab\Data\Capillary_Bridges\masks_json
41.0,24.485281229019165,1.0,0.640625,0.9647058823529412,0.5766509433962265,0.6747672955974843,0,frame_0003.tif,17,C:\Users\raglo\OneDrive - University of Arizona\Printz Lab\Data\Capillary_Bridges\My_better_CLB_videos\5-9\s1_tifs,C:\Users\raglo\OneDrive - University of Arizona\Printz Lab\Data\Capillary_Bridges\masks_json
20.5,24.242640614509583,0.6666666666666666,0.3796296296296296,0.7192982456140351,0.5048812418549508,0.7212351167038219,0,frame_0004.tif,0,C:\Users\raglo\OneDrive - University of Arizona\Printz Lab\Data\Capillary_Bridges\My_better_CLB_videos\5-9\s1_tifs,C:\Users\raglo\OneDrive - University of Arizona\Printz Lab\Data\Capillary_Bridges\masks_json
308439.0,2790.808218598366,3.220125786163522,0.9472011350235848,0.9761453778999388,0.4975537972616717,0.2057599726074302,0,frame_0004.tif,1,C:\Users\raglo\OneDrive - University of Arizona\Printz Lab\Data\Capillary_Bridges\My_better_CLB_videos\5-9\s1_tifs,C:\Users\raglo\OneDrive - University of Arizona\Printz Lab\Data\Capillary_Bridges\masks_json
9831.5,392.0660148859024,1.5057471264367817,0.8626392910415022,0.9906791616283755,0.0581280468203835,0.4318504610672792,1,frame_0004.tif,2,C:\Users\raglo\OneDrive - University of Arizona\Printz Lab\Data\Capillary_Bridges\My_better_CLB_videos\5-9\s1_tifs,C:\Users\raglo\OneDrive - University of Arizona\Printz Lab\Data\Capillary_Bridges\masks_json
747713.5,3863.192992925644,1.374496644295302,0.9801194158976512,0.9831078638005368,0.5052711518226521,0.5001474166354773,0,frame_0004.tif,3,C:\Users\raglo\OneDrive - University of Arizona\Printz Lab\Data\Capillary_Bridges\My_better_CLB_videos\5-9\s1_tifs,C:\Users\raglo\OneDrive - University of Arizona\Printz Lab\Data\Capillary_Bridges\masks_json
3366.0,222.3086565732956,1.0298507462686568,0.72809863724854,0.9800553210074248,0.2923216574595609,0.2830437126901598,0,frame_0004.tif,4,C:\Users\raglo\OneDrive - University of Arizona\Printz Lab\Data\Capillary_Bridges\My_better_CLB_videos\5-9\s1_tifs,C:\Users\raglo\OneDrive - University of Arizona\Printz Lab\Data\Capillary_Bridges\masks_json
0.0,0.0,1.0,0.0,0.0,0.058093630771274,0.432512315270936,0,frame_0004.tif,5,C:\Users\raglo\OneDrive - University of Arizona\Printz Lab\Data\Capillary_Bridges\My_better_CLB_videos\5-9\s1_tifs,C:\Users\raglo\OneDrive - University of Arizona\Printz Lab\Data\Capillary_Bridges\masks_json
9734.5,424.89444267749786,1.670731707317073,0.8665212747017981,0.9571309178506464,0.9366446720511982,0.4256804940260438,1,frame_0004.tif,6,C:\Users\raglo\OneDrive - University of Arizona\Printz Lab\Data\Capillary_Bridges\My_better_CLB_videos\5-9\s1_tifs,C:\Users\raglo\OneDrive - University of Arizona\Printz Lab\Data\Capillary_Bridges\masks_json
9464.5,399.58073484897614,1.5294117647058822,0.8565158371040724,0.9625241533611308,0.0583745774401616,0.5447550167512866,0,frame_0004.tif,7,C:\Users\raglo\OneDrive - University of Arizona\Printz Lab\Data\Capillary_Bridges\My_better_CLB_videos\5-9\s1_tifs,C:\Users\raglo\OneDrive - University of Arizona\Printz Lab\Data\Capillary_Bridges\masks_json
734.5,169.03657865524292,0.8064516129032258,0.2369354838709677,0.8299435028248587,0.8994871220386533,0.3496176226101413,0,frame_0004.tif,8,C:\Users\raglo\OneDrive - University of Arizona\Printz Lab\Data\Capillary_Bridges\My_better_CLB_videos\5-9\s1_tifs,C:\Users\raglo\OneDrive - University of Arizona\Printz Lab\Data\Capillary_Bridges\masks_json
74.5,32.72792172431946,0.9090909090909092,0.6772727272727272,0.9675324675324676,0.0455078125,0.2362518518518518,0,frame_0004.tif,9,C:\Users\raglo\OneDrive - University of Arizona\Printz Lab\Data\Capillary_Bridges\My_better_CLB_videos\5-9\s1_tifs,C:\Users\raglo\OneDrive - University of Arizona\Printz Lab\Data\Capillary_Bridges\masks_json
128.5,47.55634891986847,1.9,0.6763157894736842,0.9448529411764706,0.7388115687086093,0.5097924944812362,0,frame_0004.tif,10,C:\Users\raglo\OneDrive - University of Arizona\Printz Lab\Data\Capillary_Bridges\My_better_CLB_videos\5-9\s1_tifs,C:\Users\raglo\OneDrive - University of Arizona\Printz Lab\Data\Capillary_Bridges\masks_json
91.5,35.55634868144989,0.9166666666666666,0.6931818181818182,0.9838709677419356,0.4248589409722222,0.2062345679012345,0,frame_0004.tif,11,C:\Users\raglo\OneDrive - University of Arizona\Printz Lab\Data\Capillary_Bridges\My_better_CLB_videos\5-9\s1_tifs,C:\Users\raglo\OneDrive - University of Arizona\Printz Lab\Data\Capillary_Bridges\masks_json
100.5,37.55634880065918,1.0,0.6979166666666666,0.9804878048780488,0.236617783368644,0.6642485875706214,0,frame_0004.tif,12,C:\Users\raglo\OneDrive - University of Arizona\Printz Lab\Data\Capillary_Bridges\My_better_CLB_videos\5-9\s1_tifs,C:\Users\raglo\OneDrive - University of Arizona\Printz Lab\Data\Capillary_Bridges\masks_json
55.5,28.727921724319454,1.1111111111111112,0.6166666666666667,0.9487179487179488,0.2955870697463768,0.702743961352657,0,frame_0004.tif,13,C:\Users\raglo\OneDrive - University of Arizona\Printz Lab\Data\Capillary_Bridges\My_better_CLB_videos\5-9\s1_tifs,C:\Users\raglo\OneDrive - University of Arizona\Printz Lab\Data\Capillary_Bridges\masks_json
40.0,23.656854152679443,1.1428571428571428,0.7142857142857143,1.0,0.29541015625,0.7026666666666667,0,frame_0004.tif,14,C:\Users\raglo\OneDrive - University of Arizona\Printz Lab\Data\Capillary_Bridges\My_better_CLB_videos\5-9\s1_tifs,C:\Users\raglo\OneDrive - University of Arizona\Printz Lab\Data\Capillary_Bridges\masks_json
46.0,26.485281229019165,1.4285714285714286,0.6571428571428571,0.968421052631579,0.2354839777542373,0.5160451977401129,0,frame_0004.tif,15,C:\Users\raglo\OneDrive - University of Arizona\Printz Lab\Data\Capillary_Bridges\My_better_CLB_videos\5-9\s1_tifs,C:\Users\raglo\OneDrive - University of Arizona\Printz Lab\Data\Capillary_Bridges\masks_json
61.0,30.14213538169861,1.2222222222222223,0.6161616161616161,0.953125,0.2357682291666666,0.5159822222222222,0,frame_0004.tif,16,C:\Users\raglo\OneDrive - University of Arizona\Printz Lab\Data\Capillary_Bridges\My_better_CLB_videos\5-9\s1_tifs,C:\Users\raglo\OneDrive - University of Arizona\Printz Lab\Data\Capillary_Bridges\masks_json
51.5,27.899494767189022,1.0,0.6358024691358025,0.944954128440367,0.5768930288461539,0.6746871794871795,0,frame_0004.tif,17,C:\Users\raglo\OneDrive - University of Arizona\Printz Lab\Data\Capillary_Bridges\My_better_CLB_videos\5-9\s1_tifs,C:\Users\raglo\OneDrive - University of Arizona\Printz Lab\Data\Capillary_Bridges\masks_json
58.0,29.313708305358887,1.1111111111111112,0.6444444444444445,0.9508196721311476,0.8590087890625,0.8904814814814814,0,frame_0004.tif,18,C:\Users\raglo\OneDrive - University of Arizona\Printz Lab\Data\Capillary_Bridges\My_better_CLB_videos\5-9\s1_tifs,C:\Users\raglo\OneDrive - University of Arizona\Printz Lab\Data\Capillary_Bridges\masks_json
44.0,24.485281229019165,1.0,0.6875,1.0,0.8909040178571429,0.0513333333333333,0,frame_0004.tif,19,C:\Users\raglo\OneDrive - University of Arizona\Printz Lab\Data\Capillary_Bridges\My_better_CLB_videos\5-9\s1_tifs,C:\Users\raglo\OneDrive - University of Arizona\Printz Lab\Data\Capillary_Bridges\masks_json
106.5,39.55634891986847,1.0833333333333333,0.6826923076923077,0.9551569506726456,0.6037109375,0.20832,0,frame_0004.tif,20,C:\Users\raglo\OneDrive - University of Arizona\Printz Lab\Data\Capillary_Bridges\My_better_CLB_videos\5-9\s1_tifs,C:\Users\raglo\OneDrive - University of Arizona\Printz Lab\Data\Capillary_Bridges\masks_json
39.0,23.656854152679443,1.1428571428571428,0.6964285714285714,0.9873417721518988,0.5767271752450981,0.6746143790849672,0,frame_0004.tif,21,C:\Users\raglo\OneDrive - University of Arizona\Printz Lab\Data\Capillary_Bridges\My_better_CLB_videos\5-9\s1_tifs,C:\Users\raglo\OneDrive - University of Arizona\Printz Lab\Data\Capillary_Bridges\masks_json
42.5,25.071067690849304,1.0,0.6640625,0.9659090909090908,0.858984375,0.8904,0,frame_0004.tif,22,C:\Users\raglo\OneDrive - University of Arizona\Printz Lab\Data\Capillary_Bridges\My_better_CLB_videos\5-9\s1_tifs,C:\Users\raglo\OneDrive - University of Arizona\Printz Lab\Data\Capillary_Bridges\masks_json
416038.5,2916.3401823043823,2.4265402843601898,0.9627668190906398,0.9821192928451205,0.5009352047984534,0.7222463402539723,0,frame_0005.tif,0,C:\Users\raglo\OneDrive - University of Arizona\Printz Lab\Data\Capillary_Bridges\My_better_CLB_videos\5-9\s1_tifs,C:\Users\raglo\OneDrive - University of Arizona\Printz Lab\Data\Capillary_Bridges\masks_json
0.0,2.0,2.0,0.0,0.0,0.4956969981301963,0.2053277472966955,0,frame_0005.tif,1,C:\Users\raglo\OneDrive - University of Arizona\Printz Lab\Data\Capillary_Bridges\My_better_CLB_videos\5-9\s1_tifs,C:\Users\raglo\OneDrive - University of Arizona\Printz Lab\Data\Capillary_Bridges\masks_json
9925.5,392.4091613292694,1.4772727272727273,0.8676136363636363,0.9903711833965276,0.0581082705221112,0.4320298113705316,1,frame_0005.tif,2,C:\Users\raglo\OneDrive - University of Arizona\Printz Lab\Data\Capillary_Bridges\My_better_CLB_videos\5-9\s1_tifs,C:\Users\raglo\OneDrive - University of Arizona\Printz Lab\Data\Capillary_Bridges\masks_json
747581.5,3820.600066065788,1.3726541554959786,0.9786327863186998,0.9828826151950892,0.5052882217905984,0.5012201729857905,0,frame_0005.tif,3,C:\Users\raglo\OneDrive - University of Arizona\Printz Lab\Data\Capillary_Bridges\My_better_CLB_videos\5-9\s1_tifs,C:\Users\raglo\OneDrive - University of Arizona\Printz Lab\Data\Capillary_Bridges\masks_json
3284.5,216.066015958786,1.0952380952380951,0.755578559926386,0.986632622409132,0.2929170020167259,0.2841851194000395,0,frame_0005.tif,4,C:\Users\raglo\OneDrive - University of Arizona\Printz Lab\Data\Capillary_Bridges\My_better_CLB_videos\5-9\s1_tifs,C:\Users\raglo\OneDrive - University of Arizona\Printz Lab\Data\Capillary_Bridges\masks_json
9600.0,425.9655092954636,1.670731707317073,0.8545486914723162,0.9507303788066354,0.9362563954526896,0.4258196046408765,1,frame_0005.tif,5,C:\Users\raglo\OneDrive - University of Arizona\Printz Lab\Data\Capillary_Bridges\My_better_CLB_videos\5-9\s1_tifs,C:\Users\raglo\OneDrive - University of Arizona\Printz Lab\Data\Capillary_Bridges\masks_json
735.0,168.45079135894775,0.8360655737704918,0.23625843780135,0.8309779536461278,0.8990329352400249,0.3489825436408977,0,frame_0005.tif,6,C:\Users\raglo\OneDrive - University of Arizona\Printz Lab\Data\Capillary_Bridges\My_better_CLB_videos\5-9\s1_tifs,C:\Users\raglo\OneDrive - University of Arizona\Printz Lab\Data\Capillary_Bridges\masks_json
9418.5,397.5807350873947,1.5294117647058822,0.8523529411764705,0.9654059040590406,0.0582543325046855,0.5445667083159794,0,frame_0005.tif,7,C:\Users\raglo\OneDrive - University of Arizona\Printz Lab\Data\Capillary_Bridges\My_better_CLB_videos\5-9\s1_tifs,C:\Users\raglo\OneDrive - University of Arizona\Printz Lab\Data\Capillary_Bridges\masks_json
135.5,47.55634880065918,1.9,0.7131578947368421,0.9644128113879004,0.7390476661392406,0.5100168776371308,0,frame_0005.tif,8,C:\Users\raglo\OneDrive - University of Arizona\Printz Lab\Data\Capillary_Bridges\My_better_CLB_videos\5-9\s1_tifs,C:\Users\raglo\OneDrive - University of Arizona\Printz Lab\Data\Capillary_Bridges\masks_json
66.0,31.313708305358887,1.0,0.66,0.9565217391304348,0.0455970293209876,0.236,0,frame_0005.tif,9,C:\Users\raglo\OneDrive - University of Arizona\Printz Lab\Data\Capillary_Bridges\My_better_CLB_videos\5-9\s1_tifs,C:\Users\raglo\OneDrive - University of Arizona\Printz Lab\Data\Capillary_Bridges\masks_json
97.5,37.55634880065918,1.0,0.6770833333333334,0.9653465346534652,0.2367612092391304,0.6642782608695652,0,frame_0005.tif,10,C:\Users\raglo\OneDrive - University of Arizona\Printz Lab\Data\Capillary_Bridges\My_better_CLB_videos\5-9\s1_tifs,C:\Users\raglo\OneDrive - University of Arizona\Printz Lab\Data\Capillary_Bridges\masks_json
93.5,36.38477599620819,1.0,0.6493055555555556,0.9689119170984456,0.4240855823863636,0.2062666666666666,0,frame_0005.tif,11,C:\Users\raglo\OneDrive - University of Arizona\Printz Lab\Data\Capillary_Bridges\My_better_CLB_videos\5-9\s1_tifs,C:\Users\raglo\OneDrive - University of Arizona\Printz Lab\Data\Capillary_Bridges\masks_json
54.0,28.14213526248932,1.1111111111111112,0.6,0.9557522123893806,0.2956798041044776,0.7025671641791044,0,frame_0005.tif,12,C:\Users\raglo\OneDrive - University of Arizona\Printz Lab\Data\Capillary_Bridges\My_better_CLB_videos\5-9\s1_tifs,C:\Users\raglo\OneDrive - University of Arizona\Printz Lab\Data\Capillary_Bridges\masks_json
41.5,25.071067690849304,1.2857142857142858,0.6587301587301587,0.9651162790697676,0.2354239004629629,0.5159506172839506,0,frame_0005.tif,13,C:\Users\raglo\OneDrive - University of Arizona\Printz Lab\Data\Capillary_Bridges\My_better_CLB_videos\5-9\s1_tifs,C:\Users\raglo\OneDrive - University of Arizona\Printz Lab\Data\Capillary_Bridges\masks_json
52.0,28.97056245803833,1.2222222222222223,0.5252525252525253,0.912280701754386,0.235381610576923,0.5159589743589743,0,frame_0005.tif,14,C:\Users\raglo\OneDrive - University of Arizona\Printz Lab\Data\Capillary_Bridges\My_better_CLB_videos\5-9\s1_tifs,C:\Users\raglo\OneDrive - University of Arizona\Printz Lab\Data\Capillary_Bridges\masks_json
41.0,24.485281229019165,1.0,0.640625,0.9647058823529412,0.2954009433962264,0.702566037735849,0,frame_0005.tif,15,C:\Users\raglo\OneDrive - University of Arizona\Printz Lab\Data\Capillary_Bridges\My_better_CLB_videos\5-9\s1_tifs,C:\Users\raglo\OneDrive - University of Arizona\Printz Lab\Data\Capillary_Bridges\masks_json
55.0,29.313708305358887,1.1111111111111112,0.6111111111111112,0.9243697478991596,0.5766389266304348,0.6745893719806764,0,frame_0005.tif,16,C:\Users\raglo\OneDrive - University of Arizona\Printz Lab\Data\Capillary_Bridges\My_better_CLB_videos\5-9\s1_tifs,C:\Users\raglo\OneDrive - University of Arizona\Printz Lab\Data\Capillary_Bridges\masks_json
45.5,25.071067690849304,1.0,0.7109375,1.0,0.8589877424568966,0.8901379310344828,0,frame_0005.tif,17,C:\Users\raglo\OneDrive - University of Arizona\Printz Lab\Data\Capillary_Bridges\My_better_CLB_videos\5-9\s1_tifs,C:\Users\raglo\OneDrive - University of Arizona\Printz Lab\Data\Capillary_Bridges\masks_json
40.0,23.656854152679443,1.1428571428571428,0.7142857142857143,1.0,0.57666015625,0.6746666666666666,0,frame_0005.tif,18,C:\Users\raglo\OneDrive - University of Arizona\Printz Lab\Data\Capillary_Bridges\My_better_CLB_videos\5-9\s1_tifs,C:\Users\raglo\OneDrive - University of Arizona\Printz Lab\Data\Capillary_Bridges\masks_json
47.5,26.727921843528748,1.0,0.5864197530864198,0.9405940594059404,0.8908528645833333,0.0509111111111111,0,frame_0005.tif,19,C:\Users\raglo\OneDrive - University of Arizona\Printz Lab\Data\Capillary_Bridges\My_better_CLB_videos\5-9\s1_tifs,C:\Users\raglo\OneDrive - University of Arizona\Printz Lab\Data\Capillary_Bridges\masks_json
33.0,21.656854152679443,1.0,0.673469387755102,0.9850746268656716,0.8906915838068182,0.0507272727272727,0,frame_0005.tif,20,C:\Users\raglo\OneDrive - University of Arizona\Printz Lab\Data\Capillary_Bridges\My_better_CLB_videos\5-9\s1_tifs,C:\Users\raglo\OneDrive - University of Arizona\Printz Lab\Data\Capillary_Bridges\masks_json
0.0,4.0,0.3333333333333333,0.0,0.0,0.5094000403823455,0.7181616441193361,0,frame_0006.tif,0,C:\Users\raglo\OneDrive - University of Arizona\Printz Lab\Data\Capillary_Bridges\My_better_CLB_videos\5-9\s1_tifs,C:\Users\raglo\OneDrive - University of Arizona\Printz Lab\Data\Capillary_Bridges\masks_json
308573.5,2829.9625450372696,3.2100313479623823,0.9446436006073669,0.9748525827440064,0.4977130827563338,0.2054167215613334,0,frame_0006.tif,1,C:\Users\raglo\OneDrive - University of Arizona\Printz Lab\Data\Capillary_Bridges\My_better_CLB_videos\5-9\s1_tifs,C:\Users\raglo\OneDrive - University of Arizona\Printz Lab\Data\Capillary_Bridges\masks_json
9918.5,394.40916085243225,1.4886363636363635,0.860383414295628,0.9890312609064168,0.0582354901875866,0.431816537979278,1,frame_0006.tif,2,C:\Users\raglo\OneDrive - University of Arizona\Printz Lab\Data\Capillary_Bridges\My_better_CLB_videos\5-9\s1_tifs,C:\Users\raglo\OneDrive - University of Arizona\Printz Lab\Data\Capillary_Bridges\masks_json
0.0,2.0,2.0,0.0,0.0,0.5025219077942349,0.4995912504427914,0,frame_0006.tif,3,C:\Users\raglo\OneDrive - University of Arizona\Printz Lab\Data\Capillary_Bridges\My_better_CLB_videos\5-9\s1_tifs,C:\Users\raglo\OneDrive - University of Arizona\Printz Lab\Data\Capillary_Bridges\masks_json
3242.5,213.7228697538376,1.0625,0.7450597426470589,0.987062404870624,0.2928003266534193,0.2841751649670066,0,frame_0006.tif,4,C:\Users\raglo\OneDrive - University of Arizona\Printz Lab\Data\Capillary_Bridges\My_better_CLB_videos\5-9\s1_tifs,C:\Users\raglo\OneDrive - University of Arizona\Printz Lab\Data\Capillary_Bridges\masks_json
3.5,8.242640614509583,1.3333333333333333,0.2916666666666667,0.875,0.0581225132825271,0.4326287784081802,0,frame_0006.tif,5,C:\Users\raglo\OneDrive - University of Arizona\Printz Lab\Data\Capillary_Bridges\My_better_CLB_videos\5-9\s1_tifs,C:\Users\raglo\OneDrive - University of Arizona\Printz Lab\Data\Capillary_Bridges\masks_json
9743.0,429.1370834112168,1.670731707317073,0.8672779063557059,0.9549620191129624,0.9366431749459364,0.4252285925031852,1,frame_0006.tif,6,C:\Users\raglo\OneDrive - University of Arizona\Printz Lab\Data\Capillary_Bridges\My_better_CLB_videos\5-9\s1_tifs,C:\Users\raglo\OneDrive - University of Arizona\Printz Lab\Data\Capillary_Bridges\masks_json
9270.0,394.9949479103088,1.617283950617284,0.8736217133163698,0.9755327545382794,0.0591759275174529,0.5440221423030815,0,frame_0006.tif,7,C:\Users\raglo\OneDrive - University of Arizona\Printz Lab\Data\Capillary_Bridges\My_better_CLB_videos\5-9\s1_tifs,C:\Users\raglo\OneDrive - University of Arizona\Printz Lab\Data\Capillary_Bridges\masks_json
728.5,166.2081503868103,0.8032786885245902,0.2437269989963198,0.8402537485582469,0.8989485062893082,0.3486641509433962,0,frame_0006.tif,8,C:\Users\raglo\OneDrive - University of Arizona\Printz Lab\Data\Capillary_Bridges\My_better_CLB_videos\5-9\s1_tifs,C:\Users\raglo\OneDrive - University of Arizona\Printz Lab\Data\Capillary_Bridges\masks_json
19970.5,640.9188269376755,0.8154761904761905,0.8676790059089329,0.9275015674709148,0.9374966265606496,0.4838478747203579,0,frame_0006.tif,9,C:\Users\raglo\OneDrive - University of Arizona\Printz Lab\Data\Capillary_Bridges\My_better_CLB_videos\5-9\s1_tifs,C:\Users\raglo\OneDrive - University of Arizona\Printz Lab\Data\Capillary_Bridges\masks_json
76.5,32.72792172431946,0.9090909090909092,0.6954545454545454,0.9807692307692308,0.0455693783967391,0.2361304347826087,0,frame_0006.tif,10,C:\Users\raglo\OneDrive - University of Arizona\Printz Lab\Data\Capillary_Bridges\My_better_CLB_videos\5-9\s1_tifs,C:\Users\raglo\OneDrive - University of Arizona\Printz Lab\Data\Capillary_Bridges\masks_json
93.0,36.97056245803833,1.0,0.6458333333333334,0.9489795918367347,0.4244495738636363,0.2060727272727272,0,frame_0006.tif,11,C:\Users\raglo\OneDrive - University of Arizona\Printz Lab\Data\Capillary_Bridges\My_better_CLB_videos\5-9\s1_tifs,C:\Users\raglo\OneDrive - University of Arizona\Printz Lab\Data\Capillary_Bridges\masks_json
133.5,48.38477599620819,2.0,0.6675,0.946808510638298,0.7388446514423077,0.509931623931624,0,frame_0006.tif,12,C:\Users\raglo\OneDrive - University of Arizona\Printz Lab\Data\Capillary_Bridges\My_better_CLB_videos\5-9\s1_tifs,C:\Users\raglo\OneDrive - University of Arizona\Printz Lab\Data\Capillary_Bridges\masks_json
99.0,38.14213538169861,1.0,0.6875,0.9611650485436892,0.2366953792735042,0.6641709401709401,0,frame_0006.tif,13,C:\Users\raglo\OneDrive - University of Arizona\Printz Lab\Data\Capillary_Bridges\My_better_CLB_videos\5-9\s1_tifs,C:\Users\raglo\OneDrive - University of Arizona\Printz Lab\Data\Capillary_Bridges\masks_json
73.0,31.313708305358887,1.0,0.73,1.0,0.42431640625,0.206,0,frame_0006.tif,14,C:\Users\raglo\OneDrive - University of Arizona\Printz Lab\Data\Capillary_Bridges\My_better_CLB_videos\5-9\s1_tifs,C:\Users\raglo\OneDrive - University of Arizona\Printz Lab\Data\Capillary_Bridges\masks_json
41.0,24.485281229019165,1.2857142857142858,0.6507936507936508,0.9761904761904762,0.2354989681603773,0.516,0,frame_0006.tif,15,C:\Users\raglo\OneDrive - University of Arizona\Printz Lab\Data\Capillary_Bridges\My_better_CLB_videos\5-9\s1_tifs,C:\Users\raglo\OneDrive - University of Arizona\Printz Lab\Data\Capillary_Bridges\masks_json
41.0,24.485281229019165,1.0,0.640625,0.9647058823529412,0.2954009433962264,0.702566037735849,0,frame_0006.tif,16,C:\Users\raglo\OneDrive - University of Arizona\Printz Lab\Data\Capillary_Bridges\My_better_CLB_videos\5-9\s1_tifs,C:\Users\raglo\OneDrive - University of Arizona\Printz Lab\Data\Capillary_Bridges\masks_json
45.5,25.071067690849304,1.0,0.7109375,1.0,0.8589877424568966,0.8901379310344828,0,frame_0006.tif,17,C:\Users\raglo\OneDrive - University of Arizona\Printz Lab\Data\Capillary_Bridges\My_better_CLB_videos\5-9\s1_tifs,C:\Users\raglo\OneDrive - University of Arizona\Printz Lab\Data\Capillary_Bridges\masks_json
42.0,24.485281229019165,1.0,0.65625,0.9767441860465116,0.5765697337962963,0.674320987654321,0,frame_0006.tif,18,C:\Users\raglo\OneDrive - University of Arizona\Printz Lab\Data\Capillary_Bridges\My_better_CLB_videos\5-9\s1_tifs,C:\Users\raglo\OneDrive - University of Arizona\Printz Lab\Data\Capillary_Bridges\masks_json
43.0,24.485281229019165,1.0,0.671875,0.9885057471264368,0.8908380681818182,0.0512969696969697,0,frame_0006.tif,19,C:\Users\raglo\OneDrive - University of Arizona\Printz Lab\Data\Capillary_Bridges\My_better_CLB_videos\5-9\s1_tifs,C:\Users\raglo\OneDrive - University of Arizona\Printz Lab\Data\Capillary_Bridges\masks_json
415942.5,2928.281306385994,2.42080378250591,0.96026914339539,0.9811110023457928,0.5008559903021476,0.7225705052944662,0,frame_0007.tif,0,C:\Users\raglo\OneDrive - University of Arizona\Printz Lab\Data\Capillary_Bridges\My_better_CLB_videos\5-9\s1_tifs,C:\Users\raglo\OneDrive - University of Arizona\Printz Lab\Data\Capillary_Bridges\masks_json
0.0,2.0,2.0,0.0,0.0,0.4959645589851593,0.2054627415419824,0,frame_0007.tif,1,C:\Users\raglo\OneDrive - University of Arizona\Printz Lab\Data\Capillary_Bridges\My_better_CLB_videos\5-9\s1_tifs,C:\Users\raglo\OneDrive - University of Arizona\Printz Lab\Data\Capillary_Bridges\masks_json
9723.5,391.23758804798126,1.5232558139534884,0.8630836144150541,0.9893671143671144,0.0583648173271075,0.4324805653710247,1,frame_0007.tif,2,C:\Users\raglo\OneDrive - University of Arizona\Printz Lab\Data\Capillary_Bridges\My_better_CLB_videos\5-9\s1_tifs,C:\Users\raglo\OneDrive - University of Arizona\Printz Lab\Data\Capillary_Bridges\masks_json
747502.0,3856.1219267845154,1.374496644295302,0.9798421770134228,0.983061145582089,0.5052814180736602,0.5001824255294112,0,frame_0007.tif,3,C:\Users\raglo\OneDrive - University of Arizona\Printz Lab\Data\Capillary_Bridges\My_better_CLB_videos\5-9\s1_tifs,C:\Users\raglo\OneDrive - University of Arizona\Printz Lab\Data\Capillary_Bridges\masks_json
20813.5,657.8893896341324,0.7840909090909091,0.8569458168642952,0.9332989552038026,0.93762368342372,0.4867705521084955,0,frame_0007.tif,4,C:\Users\raglo\OneDrive - University of Arizona\Printz Lab\Data\Capillary_Bridges\My_better_CLB_videos\5-9\s1_tifs,C:\Users\raglo\OneDrive - University of Arizona\Printz Lab\Data\Capillary_Bridges\masks_json
3454.0,227.48022890090945,1.0,0.7254778407897501,0.9746049661399548,0.29222993772868,0.2822523688901397,0,frame_0007.tif,5,C:\Users\raglo\OneDrive - University of Arizona\Printz Lab\Data\Capillary_Bridges\My_better_CLB_videos\5-9\s1_tifs,C:\Users\raglo\OneDrive - University of Arizona\Printz Lab\Data\Capillary_Bridges\masks_json
9715.0,424.3086556196213,1.670731707317073,0.8647854726722449,0.959079915099462,0.9360638265171004,0.4257921711057304,1,frame_0007.tif,6,C:\Users\raglo\OneDrive - University of Arizona\Printz Lab\Data\Capillary_Bridges\My_better_CLB_videos\5-9\s1_tifs,C:\Users\raglo\OneDrive - University of Arizona\Printz Lab\Data\Capillary_Bridges\masks_json
8993.0,389.6812392473221,1.625,0.8647115384615385,0.9652766596897976,0.0594837883813753,0.5422676547515257,0,frame_0007.tif,7,C:\Users\raglo\OneDrive - University of Arizona\Printz Lab\Data\Capillary_Bridges\My_better_CLB_videos\5-9\s1_tifs,C:\Users\raglo\OneDrive - University of Arizona\Printz Lab\Data\Capillary_Bridges\masks_json
733.0,167.6223646402359,0.819672131147541,0.240327868852459,0.8231330713082537,0.899248046875,0.3490716666666666,0,frame_0007.tif,8,C:\Users\raglo\OneDrive - University of Arizona\Printz Lab\Data\Capillary_Bridges\My_better_CLB_videos\5-9\s1_tifs,C:\Users\raglo\OneDrive - University of Arizona\Printz Lab\Data\Capillary_Bridges\masks_json
79.5,33.55634880065918,1.0,0.6570247933884298,0.9695121951219512,0.0456003289473684,0.236098245614035,0,frame_0007.tif,9,C:\Users\raglo\OneDrive - University of Arizona\Printz Lab\Data\Capillary_Bridges\My_better_CLB_videos\5-9\s1_tifs,C:\Users\raglo\OneDrive - University of Arizona\Printz Lab\Data\Capillary_Bridges\masks_json
137.0,48.14213538169861,1.9,0.7210526315789474,0.9614035087719298,0.7392578125,0.5096833333333333,0,frame_0007.tif,10,C:\Users\raglo\OneDrive - University of Arizona\Printz Lab\Data\Capillary_Bridges\My_better_CLB_videos\5-9\s1_tifs,C:\Users\raglo\OneDrive - University of Arizona\Printz Lab\Data\Capillary_Bridges\masks_json
99.0,36.97056233882904,1.0,0.6875,0.9801980198019802,0.4243416621767241,0.2059080459770115,0,frame_0007.tif,11,C:\Users\raglo\OneDrive - University of Arizona\Printz Lab\Data\Capillary_Bridges\My_better_CLB_videos\5-9\s1_tifs,C:\Users\raglo\OneDrive - University of Arizona\Printz Lab\Data\Capillary_Bridges\masks_json
96.0,36.97056233882904,1.0,0.6666666666666666,0.9696969696969696,0.2368639380530973,0.6643539823008849,0,frame_0007.tif,12,C:\Users\raglo\OneDrive - University of Arizona\Printz Lab\Data\Capillary_Bridges\My_better_CLB_videos\5-9\s1_tifs,C:\Users\raglo\OneDrive - University of Arizona\Printz Lab\Data\Capillary_Bridges\masks_json
41.0,24.485281229019165,1.2857142857142858,0.6507936507936508,0.9761904761904762,0.2355910966981132,0.5161509433962264,0,frame_0007.tif,13,C:\Users\raglo\OneDrive - University of Arizona\Printz Lab\Data\Capillary_Bridges\My_better_CLB_videos\5-9\s1_tifs,C:\Users\raglo\OneDrive - University of Arizona\Printz Lab\Data\Capillary_Bridges\masks_json
43.0,24.485281229019165,1.0,0.671875,0.9885057471264368,0.2953835227272727,0.7023757575757575,0,frame_0007.tif,14,C:\Users\raglo\OneDrive - University of Arizona\Printz Lab\Data\Capillary_Bridges\My_better_CLB_videos\5-9\s1_tifs,C:\Users\raglo\OneDrive - University of Arizona\Printz Lab\Data\Capillary_Bridges\masks_json
55.0,29.313708305358887,1.1111111111111112,0.6111111111111112,0.9243697478991596,0.5767238451086957,0.674647342995169,0,frame_0007.tif,15,C:\Users\raglo\OneDrive - University of Arizona\Printz Lab\Data\Capillary_Bridges\My_better_CLB_videos\5-9\s1_tifs,C:\Users\raglo\OneDrive - University of Arizona\Printz Lab\Data\Capillary_Bridges\masks_json
53.0,27.313708305358887,1.25,0.6625,0.9814814814814816,0.8590198863636364,0.890040404040404,0,frame_0007.tif,16,C:\Users\raglo\OneDrive - University of Arizona\Printz Lab\Data\Capillary_Bridges\My_better_CLB_videos\5-9\s1_tifs,C:\Users\raglo\OneDrive - University of Arizona\Printz Lab\Data\Capillary_Bridges\masks_json
56.0,27.313708305358887,1.0,0.691358024691358,1.0,0.890625,0.052,0,frame_0007.tif,17,C:\Users\raglo\OneDrive - University of Arizona\Printz Lab\Data\Capillary_Bridges\My_better_CLB_videos\5-9\s1_tifs,C:\Users\raglo\OneDrive - University of Arizona\Printz Lab\Data\Capillary_Bridges\masks_json
41.0,24.485281229019165,1.0,0.640625,0.9647058823529412,0.5766509433962265,0.674566037735849,0,frame_0007.tif,18,C:\Users\raglo\OneDrive - University of Arizona\Printz Lab\Data\Capillary_Bridges\My_better_CLB_videos\5-9\s1_tifs,C:\Users\raglo\OneDrive - University of Arizona\Printz Lab\Data\Capillary_Bridges\masks_json
415878.0,2926.038665294647,2.4265402843601898,0.9623954013625592,0.9820928019345349,0.5008300134169604,0.7228275399862766,0,frame_0008.tif,0,C:\Users\raglo\OneDrive - University of Arizona\Printz Lab\Data\Capillary_Bridges\My_better_CLB_videos\5-9\s1_tifs,C:\Users\raglo\OneDrive - University of Arizona\Printz Lab\Data\Capillary_Bridges\masks_json
309685.5,2788.281306385994,3.2100313479623823,0.9480477933973356,0.9767856664106572,0.4977273502807073,0.2066417506403225,0,frame_0008.tif,1,C:\Users\raglo\OneDrive - University of Arizona\Printz Lab\Data\Capillary_Bridges\My_better_CLB_videos\5-9\s1_tifs,C:\Users\raglo\OneDrive - University of Arizona\Printz Lab\Data\Capillary_Bridges\masks_json
9894.5,391.2375878095627,1.4772727272727273,0.8649038461538462,0.9896479295859172,0.0579667767157106,0.4316538308852719,1,frame_0008.tif,2,C:\Users\raglo\OneDrive - University of Arizona\Printz Lab\Data\Capillary_Bridges\My_better_CLB_videos\5-9\s1_tifs,C:\Users\raglo\OneDrive - University of Arizona\Printz Lab\Data\Capillary_Bridges\masks_json
20591.5,653.4041101932526,0.7840909090909091,0.8478055006587615,0.9285698180424342,0.9374542499461104,0.4851684869387495,0,frame_0008.tif,3,C:\Users\raglo\OneDrive - University of Arizona\Printz Lab\Data\Capillary_Bridges\My_better_CLB_videos\5-9\s1_tifs,C:\Users\raglo\OneDrive - University of Arizona\Printz Lab\Data\Capillary_Bridges\masks_json
747118.5,3863.737149953842,1.3763440860215057,0.980655793220766,0.9831522071687668,0.5049993466027358,0.5004101998464195,0,frame_0008.tif,4,C:\Users\raglo\OneDrive - University of Arizona\Printz Lab\Data\Capillary_Bridges\My_better_CLB_videos\5-9\s1_tifs,C:\Users\raglo\OneDrive - University of Arizona\Printz Lab\Data\Capillary_Bridges\masks_json
3294.5,215.722869515419,1.078125,0.7460371376811594,0.987116104868914,0.2927158874926188,0.2836248400747957,0,frame_0008.tif,5,C:\Users\raglo\OneDrive - University of Arizona\Printz Lab\Data\Capillary_Bridges\My_better_CLB_videos\5-9\s1_tifs,C:\Users\raglo\OneDrive - University of Arizona\Printz Lab\Data\Capillary_Bridges\masks_json
9754.0,422.65180230140686,1.670731707317073,0.8682570767313512,0.957494846372828,0.93617171405512,0.4260012729038957,1,frame_0008.tif,6,C:\Users\raglo\OneDrive - University of Arizona\Printz Lab\Data\Capillary_Bridges\My_better_CLB_videos\5-9\s1_tifs,C:\Users\raglo\OneDrive - University of Arizona\Printz Lab\Data\Capillary_Bridges\masks_json
9081.5,392.7523078918457,1.625,0.8732211538461538,0.9663226218344328,0.0590332821775499,0.542981831264616,0,frame_0008.tif,7,C:\Users\raglo\OneDrive - University of Arizona\Printz Lab\Data\Capillary_Bridges\My_better_CLB_videos\5-9\s1_tifs,C:\Users\raglo\OneDrive - University of Arizona\Printz Lab\Data\Capillary_Bridges\masks_json
727.5,169.0365777015686,0.8064516129032258,0.2346774193548387,0.8238958097395244,0.8993821246069182,0.3494004192872117,0,frame_0008.tif,8,C:\Users\raglo\OneDrive - University of Arizona\Printz Lab\Data\Capillary_Bridges\My_better_CLB_videos\5-9\s1_tifs,C:\Users\raglo\OneDrive - University of Arizona\Printz Lab\Data\Capillary_Bridges\masks_json
133.5,48.38477599620819,1.7272727272727273,0.638755980861244,0.9335664335664337,0.7389260316506411,0.5097350427350428,0,frame_0008.tif,9,C:\Users\raglo\OneDrive - University of Arizona\Printz Lab\Data\Capillary_Bridges\My_better_CLB_videos\5-9\s1_tifs,C:\Users\raglo\OneDrive - University of Arizona\Printz Lab\Data\Capillary_Bridges\masks_json
83.0,34.14213538169861,1.0,0.6859504132231405,0.976470588235294,0.0455433238636363,0.236080808080808,0,frame_0008.tif,10,C:\Users\raglo\OneDrive - University of Arizona\Printz Lab\Data\Capillary_Bridges\My_better_CLB_videos\5-9\s1_tifs,C:\Users\raglo\OneDrive - University of Arizona\Printz Lab\Data\Capillary_Bridges\masks_json
86.5,34.72792160511017,1.0,0.7148760330578512,0.9885714285714284,0.4245676577669903,0.2064466019417475,0,frame_0008.tif,11,C:\Users\raglo\OneDrive - University of Arizona\Printz Lab\Data\Capillary_Bridges\My_better_CLB_videos\5-9\s1_tifs,C:\Users\raglo\OneDrive - University of Arizona\Printz Lab\Data\Capillary_Bridges\masks_json
94.0,36.97056233882904,1.0,0.6527777777777778,0.964102564102564,0.236891188063063,0.664036036036036,0,frame_0008.tif,12,C:\Users\raglo\OneDrive - University of Arizona\Printz Lab\Data\Capillary_Bridges\My_better_CLB_videos\5-9\s1_tifs,C:\Users\raglo\OneDrive - University of Arizona\Printz Lab\Data\Capillary_Bridges\masks_json
41.5,25.071067690849304,1.2857142857142858,0.6587301587301587,0.9651162790697676,0.2354239004629629,0.5159506172839506,0,frame_0008.tif,13,C:\Users\raglo\OneDrive - University of Arizona\Printz Lab\Data\Capillary_Bridges\My_better_CLB_videos\5-9\s1_tifs,C:\Users\raglo\OneDrive - University of Arizona\Printz Lab\Data\Capillary_Bridges\masks_json
51.0,28.14213538169861,1.1111111111111112,0.5666666666666667,0.9272727272727272,0.2355194091796875,0.5160625,0,frame_0008.tif,14,C:\Users\raglo\OneDrive - University of Arizona\Printz Lab\Data\Capillary_Bridges\My_better_CLB_videos\5-9\s1_tifs,C:\Users\raglo\OneDrive - University of Arizona\Printz Lab\Data\Capillary_Bridges\masks_json
39.0,23.656854152679443,1.1428571428571428,0.6964285714285714,0.9873417721518988,0.2953431372549019,0.7026143790849674,0,frame_0008.tif,15,C:\Users\raglo\OneDrive - University of Arizona\Printz Lab\Data\Capillary_Bridges\My_better_CLB_videos\5-9\s1_tifs,C:\Users\raglo\OneDrive - University of Arizona\Printz Lab\Data\Capillary_Bridges\masks_json
53.0,28.14213526248932,1.1111111111111112,0.5888888888888889,0.9464285714285714,0.5766009706439394,0.6744646464646465,0,frame_0008.tif,16,C:\Users\raglo\OneDrive - University of Arizona\Printz Lab\Data\Capillary_Bridges\My_better_CLB_videos\5-9\s1_tifs,C:\Users\raglo\OneDrive - University of Arizona\Printz Lab\Data\Capillary_Bridges\masks_json
49.0,27.313708305358887,1.0,0.6049382716049383,0.9333333333333332,0.8908140120967742,0.0519354838709677,0,frame_0008.tif,17,C:\Users\raglo\OneDrive - University of Arizona\Printz Lab\Data\Capillary_Bridges\My_better_CLB_videos\5-9\s1_tifs,C:\Users\raglo\OneDrive - University of Arizona\Printz Lab\Data\Capillary_Bridges\masks_json
59.5,28.727921724319454,1.1111111111111112,0.6611111111111111,0.9834710743801652,0.858933540239726,0.8896073059360731,0,frame_0008.tif,18,C:\Users\raglo\OneDrive - University of Arizona\Printz Lab\Data\Capillary_Bridges\My_better_CLB_videos\5-9\s1_tifs,C:\Users\raglo\OneDrive - University of Arizona\Printz Lab\Data\Capillary_Bridges\masks_json
42.0,24.485281229019165,1.0,0.65625,0.9767441860465116,0.5766239872685185,0.6744691358024691,0,frame_0008.tif,19,C:\Users\raglo\OneDrive - University of Arizona\Printz Lab\Data\Capillary_Bridges\My_better_CLB_videos\5-9\s1_tifs,C:\Users\raglo\OneDrive - University of Arizona\Printz Lab\Data\Capillary_Bridges\masks_json
39.0,23.656854152679443,1.1428571428571428,0.6964285714285714,0.9873417721518988,0.8589345894607843,0.8894117647058822,0,frame_0008.tif,20,C:\Users\raglo\OneDrive - University of Arizona\Printz Lab\Data\Capillary_Bridges\My_better_CLB_videos\5-9\s1_tifs,C:\Users\raglo\OneDrive - University of Arizona\Printz Lab\Data\Capillary_Bridges\masks_json
35.0,22.485281229019165,1.1428571428571428,0.625,0.9722222222222222,0.8907099184782609,0.0519710144927536,0,frame_0008.tif,21,C:\Users\raglo\OneDrive - University of Arizona\Printz Lab\Data\Capillary_Bridges\My_better_CLB_videos\5-9\s1_tifs,C:\Users\raglo\OneDrive - University of Arizona\Printz Lab\Data\Capillary_Bridges\masks_json
415968.0,2926.0386654138565,2.4265402843601898,0.962603672985782,0.9822183549646576,0.500721185810738,0.7226691679904037,0,frame_0009.tif,0,C:\Users\raglo\OneDrive - University of Arizona\Printz Lab\Data\Capillary_Bridges\My_better_CLB_videos\5-9\s1_tifs,C:\Users\raglo\OneDrive - University of Arizona\Printz Lab\Data\Capillary_Bridges\masks_json
308505.5,2794.423440217972,3.2100313479623823,0.9444354305446708,0.9754096805708812,0.4974434736815659,0.2058224813860529,0,frame_0009.tif,1,C:\Users\raglo\OneDrive - University of Arizona\Printz Lab\Data\Capillary_Bridges\My_better_CLB_videos\5-9\s1_tifs,C:\Users\raglo\OneDrive - University of Arizona\Printz Lab\Data\Capillary_Bridges\masks_json
9833.0,390.99494755268097,1.5057471264367817,0.8627709046240238,0.991379744921107,0.0583048279143784,0.431959793642869,1,frame_0009.tif,2,C:\Users\raglo\OneDrive - University of Arizona\Printz Lab\Data\Capillary_Bridges\My_better_CLB_videos\5-9\s1_tifs,C:\Users\raglo\OneDrive - University of Arizona\Printz Lab\Data\Capillary_Bridges\masks_json
748329.5,3863.536139369011,1.3763440860215057,0.9822453324512768,0.9845365571917803,0.5054141407062628,0.5003312142847287,0,frame_0009.tif,3,C:\Users\raglo\OneDrive - University of Arizona\Printz Lab\Data\Capillary_Bridges\My_better_CLB_videos\5-9\s1_tifs,C:\Users\raglo\OneDrive - University of Arizona\Printz Lab\Data\Capillary_Bridges\masks_json
3294.5,214.89444255828855,1.0952380952380951,0.7578789970094318,0.9880041985305144,0.2926680252620313,0.2839535478791458,0,frame_0009.tif,4,C:\Users\raglo\OneDrive - University of Arizona\Printz Lab\Data\Capillary_Bridges\My_better_CLB_videos\5-9\s1_tifs,C:\Users\raglo\OneDrive - University of Arizona\Printz Lab\Data\Capillary_Bridges\masks_json
9909.0,428.308655500412,1.670731707317073,0.8820544774790814,0.9637698779360988,0.9366937659217948,0.4249894473024667,1,frame_0009.tif,5,C:\Users\raglo\OneDrive - University of Arizona\Printz Lab\Data\Capillary_Bridges\My_better_CLB_videos\5-9\s1_tifs,C:\Users\raglo\OneDrive - University of Arizona\Printz Lab\Data\Capillary_Bridges\masks_json
9279.5,396.4091620445252,1.5975609756097562,0.8638521690560417,0.964254169480958,0.0597222038778529,0.5437273879966188,0,frame_0009.tif,6,C:\Users\raglo\OneDrive - University of Arizona\Printz Lab\Data\Capillary_Bridges\My_better_CLB_videos\5-9\s1_tifs,C:\Users\raglo\OneDrive - University of Arizona\Printz Lab\Data\Capillary_Bridges\masks_json
713.5,167.03657722473145,0.819672131147541,0.2339344262295082,0.8335280373831776,0.8991110777243589,0.3487880341880341,0,frame_0009.tif,7,C:\Users\raglo\OneDrive - University of Arizona\Printz Lab\Data\Capillary_Bridges\My_better_CLB_videos\5-9\s1_tifs,C:\Users\raglo\OneDrive - University of Arizona\Printz Lab\Data\Capillary_Bridges\masks_json
104.5,38.3847758769989,1.0833333333333333,0.6698717948717948,0.972093023255814,0.2370165215163934,0.6643169398907104,0,frame_0009.tif,8,C:\Users\raglo\OneDrive - University of Arizona\Printz Lab\Data\Capillary_Bridges\My_better_CLB_videos\5-9\s1_tifs,C:\Users\raglo\OneDrive - University of Arizona\Printz Lab\Data\Capillary_Bridges\masks_json
80.0,33.31370830535889,0.9090909090909092,0.7272727272727273,0.9876543209876544,0.0454610188802083,0.236,0,frame_0009.tif,9,C:\Users\raglo\OneDrive - University of Arizona\Printz Lab\Data\Capillary_Bridges\My_better_CLB_videos\5-9\s1_tifs,C:\Users\raglo\OneDrive - University of Arizona\Printz Lab\Data\Capillary_Bridges\masks_json
135.5,47.55634891986847,1.9,0.7131578947368421,0.9644128113879004,0.7389920391613924,0.5100168776371308,0,frame_0009.tif,10,C:\Users\raglo\OneDrive - University of Arizona\Printz Lab\Data\Capillary_Bridges\My_better_CLB_videos\5-9\s1_tifs,C:\Users\raglo\OneDrive - University of Arizona\Printz Lab\Data\Capillary_Bridges\masks_json
94.5,37.55634891986847,1.0,0.65625,0.949748743718593,0.4244559151785714,0.2063095238095238,0,frame_0009.tif,11,C:\Users\raglo\OneDrive - University of Arizona\Printz Lab\Data\Capillary_Bridges\My_better_CLB_videos\5-9\s1_tifs,C:\Users\raglo\OneDrive - University of Arizona\Printz Lab\Data\Capillary_Bridges\masks_json
55.0,29.313708305358887,1.1111111111111112,0.6111111111111112,0.9243697478991596,0.2953323143115942,0.7026666666666667,0,frame_0009.tif,12,C:\Users\raglo\OneDrive - University of Arizona\Printz Lab\Data\Capillary_Bridges\My_better_CLB_videos\5-9\s1_tifs,C:\Users\raglo\OneDrive - University of Arizona\Printz Lab\Data\Capillary_Bridges\masks_json
44.0,25.656854152679443,1.2857142857142858,0.6984126984126984,0.9777777777777776,0.2353515625,0.516140350877193,0,frame_0009.tif,13,C:\Users\raglo\OneDrive - University of Arizona\Printz Lab\Data\Capillary_Bridges\My_better_CLB_videos\5-9\s1_tifs,C:\Users\raglo\OneDrive - University of Arizona\Printz Lab\Data\Capillary_Bridges\masks_json
55.0,28.97056245803833,1.2222222222222223,0.5555555555555556,0.9401709401709402,0.2354233685661764,0.5159607843137255,0,frame_0009.tif,14,C:\Users\raglo\OneDrive - University of Arizona\Printz Lab\Data\Capillary_Bridges\My_better_CLB_videos\5-9\s1_tifs,C:\Users\raglo\OneDrive - University of Arizona\Printz Lab\Data\Capillary_Bridges\masks_json
57.0,29.313708305358887,1.1111111111111112,0.6333333333333333,0.9421487603305784,0.5766257702464789,0.6745915492957746,0,frame_0009.tif,15,C:\Users\raglo\OneDrive - University of Arizona\Printz Lab\Data\Capillary_Bridges\My_better_CLB_videos\5-9\s1_tifs,C:\Users\raglo\OneDrive - University of Arizona\Printz Lab\Data\Capillary_Bridges\masks_json
40.0,23.656854152679443,1.1428571428571428,0.7142857142857143,1.0,0.29541015625,0.7026666666666667,0,frame_0009.tif,16,C:\Users\raglo\OneDrive - University of Arizona\Printz Lab\Data\Capillary_Bridges\My_better_CLB_videos\5-9\s1_tifs,C:\Users\raglo\OneDrive - University of Arizona\Printz Lab\Data\Capillary_Bridges\masks_json
103.0,38.14213526248932,1.181818181818182,0.7202797202797203,0.9809523809523808,0.6035882618801653,0.2080220385674931,0,frame_0009.tif,17,C:\Users\raglo\OneDrive - University of Arizona\Printz Lab\Data\Capillary_Bridges\My_better_CLB_videos\5-9\s1_tifs,C:\Users\raglo\OneDrive - University of Arizona\Printz Lab\Data\Capillary_Bridges\masks_json
51.5,27.071067690849304,1.125,0.7152777777777778,0.9903846153846154,0.8585486778846154,0.890051282051282,0,frame_0009.tif,18,C:\Users\raglo\OneDrive - University of Arizona\Printz Lab\Data\Capillary_Bridges\My_better_CLB_videos\5-9\s1_tifs,C:\Users\raglo\OneDrive - University of Arizona\Printz Lab\Data\Capillary_Bridges\masks_json
43.0,24.485281229019165,1.0,0.671875,0.9885057471264368,0.8910688920454546,0.0515393939393939,0,frame_0009.tif,19,C:\Users\raglo\OneDrive - University of Arizona\Printz Lab\Data\Capillary_Bridges\My_better_CLB_videos\5-9\s1_tifs,C:\Users\raglo\OneDrive - University of Arizona\Printz Lab\Data\Capillary_Bridges\masks_json
41.0,24.485281229019165,1.0,0.640625,0.9647058823529412,0.5766509433962265,0.674566037735849,0,frame_0009.tif,20,C:\Users\raglo\OneDrive - University of Arizona\Printz Lab\Data\Capillary_Bridges\My_better_CLB_videos\5-9\s1_tifs,C:\Users\raglo\OneDrive - University of Arizona\Printz Lab\Data\Capillary_Bridges\masks_json
424606.5,3135.879284501076,2.2021505376344086,0.891730720766129,0.9503704283987644,0.5100507762335099,0.7172994411562845,0,frame_0010.tif,0,C:\Users\raglo\OneDrive - University of Arizona\Printz Lab\Data\Capillary_Bridges\My_better_CLB_videos\5-9\s1_tifs,C:\Users\raglo\OneDrive - University of Arizona\Printz Lab\Data\Capillary_Bridges\masks_json
308650.5,2771.5117535591125,3.220125786163522,0.9478506412146226,0.977777108996707,0.4975556963781275,0.2058866182405165,0,frame_0010.tif,1,C:\Users\raglo\OneDrive - University of Arizona\Printz Lab\Data\Capillary_Bridges\My_better_CLB_videos\5-9\s1_tifs,C:\Users\raglo\OneDrive - University of Arizona\Printz Lab\Data\Capillary_Bridges\masks_json
9997.5,395.23758816719055,1.4886363636363635,0.8672362942401111,0.9911271934172696,0.058058228102593,0.4317057263530105,1,frame_0010.tif,2,C:\Users\raglo\OneDrive - University of Arizona\Printz Lab\Data\Capillary_Bridges\My_better_CLB_videos\5-9\s1_tifs,C:\Users\raglo\OneDrive - University of Arizona\Printz Lab\Data\Capillary_Bridges\masks_json
747477.0,3876.2051858901978,1.374496644295302,0.9798094064597316,0.9830295601810144,0.5052654407394258,0.5001818310674652,0,frame_0010.tif,3,C:\Users\raglo\OneDrive - University of Arizona\Printz Lab\Data\Capillary_Bridges\My_better_CLB_videos\5-9\s1_tifs,C:\Users\raglo\OneDrive - University of Arizona\Printz Lab\Data\Capillary_Bridges\masks_json
3277.0,215.13708329200745,1.078125,0.7420742753623188,0.9870481927710844,0.2928128014618581,0.2839105570396754,0,frame_0010.tif,4,C:\Users\raglo\OneDrive - University of Arizona\Printz Lab\Data\Capillary_Bridges\My_better_CLB_videos\5-9\s1_tifs,C:\Users\raglo\OneDrive - University of Arizona\Printz Lab\Data\Capillary_Bridges\masks_json
9669.5,424.5512959957123,1.670731707317073,0.8607352679366209,0.9532235804416404,0.9362686562436652,0.4254783431312927,1,frame_0010.tif,5,C:\Users\raglo\OneDrive - University of Arizona\Printz Lab\Data\Capillary_Bridges\My_better_CLB_videos\5-9\s1_tifs,C:\Users\raglo\OneDrive - University of Arizona\Printz Lab\Data\Capillary_Bridges\masks_json
721.0,166.45079243183136,0.819672131147541,0.2363934426229508,0.8442622950819673,0.8992080785419314,0.3490165184243964,0,frame_0010.tif,6,C:\Users\raglo\OneDrive - University of Arizona\Printz Lab\Data\Capillary_Bridges\My_better_CLB_videos\5-9\s1_tifs,C:\Users\raglo\OneDrive - University of Arizona\Printz Lab\Data\Capillary_Bridges\masks_json
9180.5,395.2375885248184,1.6049382716049383,0.8718423551756885,0.9666227954724927,0.0590275923750533,0.5430642175708387,0,frame_0010.tif,7,C:\Users\raglo\OneDrive - University of Arizona\Printz Lab\Data\Capillary_Bridges\My_better_CLB_videos\5-9\s1_tifs,C:\Users\raglo\OneDrive - University of Arizona\Printz Lab\Data\Capillary_Bridges\masks_json
129.0,48.97056245803833,2.0,0.645,0.9381818181818182,0.7386795847039473,0.5093596491228071,0,frame_0010.tif,8,C:\Users\raglo\OneDrive - University of Arizona\Printz Lab\Data\Capillary_Bridges\My_better_CLB_videos\5-9\s1_tifs,C:\Users\raglo\OneDrive - University of Arizona\Printz Lab\Data\Capillary_Bridges\masks_json
76.5,32.72792172431946,0.9090909090909092,0.6954545454545454,0.9807692307692308,0.0455693783967391,0.2361304347826087,0,frame_0010.tif,9,C:\Users\raglo\OneDrive - University of Arizona\Printz Lab\Data\Capillary_Bridges\My_better_CLB_videos\5-9\s1_tifs,C:\Users\raglo\OneDrive - University of Arizona\Printz Lab\Data\Capillary_Bridges\masks_json
94.0,36.97056233882904,1.0,0.6527777777777778,0.9591836734693876,0.4248310810810811,0.2061261261261261,0,frame_0010.tif,10,C:\Users\raglo\OneDrive - University of Arizona\Printz Lab\Data\Capillary_Bridges\My_better_CLB_videos\5-9\s1_tifs,C:\Users\raglo\OneDrive - University of Arizona\Printz Lab\Data\Capillary_Bridges\masks_json
94.0,36.97056233882904,1.0,0.6527777777777778,0.9591836734693876,0.2368296030405405,0.6641561561561562,0,frame_0010.tif,11,C:\Users\raglo\OneDrive - University of Arizona\Printz Lab\Data\Capillary_Bridges\My_better_CLB_videos\5-9\s1_tifs,C:\Users\raglo\OneDrive - University of Arizona\Printz Lab\Data\Capillary_Bridges\masks_json
53.5,28.727921843528748,1.1111111111111112,0.5944444444444444,0.9304347826086956,0.5767548973880597,0.6745074626865672,0,frame_0010.tif,12,C:\Users\raglo\OneDrive - University of Arizona\Printz Lab\Data\Capillary_Bridges\My_better_CLB_videos\5-9\s1_tifs,C:\Users\raglo\OneDrive - University of Arizona\Printz Lab\Data\Capillary_Bridges\masks_json
45.0,25.313708305358887,1.4285714285714286,0.6428571428571429,0.989010989010989,0.2357627467105263,0.5159766081871345,0,frame_0010.tif,13,C:\Users\raglo\OneDrive - University of Arizona\Printz Lab\Data\Capillary_Bridges\My_better_CLB_videos\5-9\s1_tifs,C:\Users\raglo\OneDrive - University of Arizona\Printz Lab\Data\Capillary_Bridges\masks_json
48.5,25.899494767189022,0.8888888888888888,0.6736111111111112,0.9897959183673468,0.2953541239754098,0.7027322404371584,0,frame_0010.tif,14,C:\Users\raglo\OneDrive - University of Arizona\Printz Lab\Data\Capillary_Bridges\My_better_CLB_videos\5-9\s1_tifs,C:\Users\raglo\OneDrive - University of Arizona\Printz Lab\Data\Capillary_Bridges\masks_json
48.0,26.485281229019165,1.125,0.6666666666666666,0.9696969696969696,0.8587826588114754,0.890120218579235,0,frame_0010.tif,15,C:\Users\raglo\OneDrive - University of Arizona\Printz Lab\Data\Capillary_Bridges\My_better_CLB_videos\5-9\s1_tifs,C:\Users\raglo\OneDrive - University of Arizona\Printz Lab\Data\Capillary_Bridges\masks_json
40.0,23.656854152679443,1.1428571428571428,0.7142857142857143,1.0,0.57666015625,0.6746666666666666,0,frame_0010.tif,16,C:\Users\raglo\OneDrive - University of Arizona\Printz Lab\Data\Capillary_Bridges\My_better_CLB_videos\5-9\s1_tifs,C:\Users\raglo\OneDrive - University of Arizona\Printz Lab\Data\Capillary_Bridges\masks_json
45.5,26.727921843528748,1.0,0.5617283950617284,0.9191919191919192,0.8907260237068966,0.0509885057471264,0,frame_0010.tif,17,C:\Users\raglo\OneDrive - University of Arizona\Printz Lab\Data\Capillary_Bridges\My_better_CLB_videos\5-9\s1_tifs,C:\Users\raglo\OneDrive - University of Arizona\Printz Lab\Data\Capillary_Bridges\masks_json
115.5,40.38477575778961,1.1666666666666667,0.6875,0.9788135593220338,0.6032532649253731,0.208228855721393,0,frame_0010.tif,18,C:\Users\raglo\OneDrive - University of Arizona\Printz Lab\Data\Capillary_Bridges\My_better_CLB_videos\5-9\s1_tifs,C:\Users\raglo\OneDrive - University of Arizona\Printz Lab\Data\Capillary_Bridges\masks_json
34.0,21.656854152679443,1.0,0.6938775510204082,1.0,0.890625,0.0506666666666666,0,frame_0010.tif,19,C:\Users\raglo\OneDrive - University of Arizona\Printz Lab\Data\Capillary_Bridges\My_better_CLB_videos\5-9\s1_tifs,C:\Users\raglo\OneDrive - University of Arizona\Printz Lab\Data\Capillary_Bridges\masks_json
0.0,0.0,1.0,0.0,0.0,0.5096631050311807,0.7179242392158522,0,frame_0011.tif,0,C:\Users\raglo\OneDrive - University of Arizona\Printz Lab\Data\Capillary_Bridges\My_better_CLB_videos\5-9\s1_tifs,C:\Users\raglo\OneDrive - University of Arizona\Printz Lab\Data\Capillary_Bridges\masks_json
309959.5,2796.2224311828613,3.190031152647975,0.9429745302764796,0.9760997515344088,0.4973519645478413,0.2066689432964828,0,frame_0011.tif,1,C:\Users\raglo\OneDrive - University of Arizona\Printz Lab\Data\Capillary_Bridges\My_better_CLB_videos\5-9\s1_tifs,C:\Users\raglo\OneDrive - University of Arizona\Printz Lab\Data\Capillary_Bridges\masks_json
9879.5,391.5807337760925,1.5057471264367817,0.866850925682197,0.9924158714213964,0.0580385011367024,0.4316872722454118,1,frame_0011.tif,2,C:\Users\raglo\OneDrive - University of Arizona\Printz Lab\Data\Capillary_Bridges\My_better_CLB_videos\5-9\s1_tifs,C:\Users\raglo\OneDrive - University of Arizona\Printz Lab\Data\Capillary_Bridges\masks_json
747966.0,3894.7737271785736,1.3763440860215057,0.9817682081653226,0.9840570252761536,0.5050392608114516,0.5002969836553212,0,frame_0011.tif,3,C:\Users\raglo\OneDrive - University of Arizona\Printz Lab\Data\Capillary_Bridges\My_better_CLB_videos\5-9\s1_tifs,C:\Users\raglo\OneDrive - University of Arizona\Printz Lab\Data\Capillary_Bridges\masks_json
3405.5,226.55129659175876,1.0147058823529411,0.7258098891730606,0.9716119828815976,0.2924142587603482,0.2827260443429441,0,frame_0011.tif,4,C:\Users\raglo\OneDrive - University of Arizona\Printz Lab\Data\Capillary_Bridges\My_better_CLB_videos\5-9\s1_tifs,C:\Users\raglo\OneDrive - University of Arizona\Printz Lab\Data\Capillary_Bridges\masks_json
19.0,17.656854152679443,1.4,0.5428571428571428,0.926829268292683,0.0579661473334293,0.4328902969790066,0,frame_0011.tif,5,C:\Users\raglo\OneDrive - University of Arizona\Printz Lab\Data\Capillary_Bridges\My_better_CLB_videos\5-9\s1_tifs,C:\Users\raglo\OneDrive - University of Arizona\Printz Lab\Data\Capillary_Bridges\masks_json
9574.5,422.8944418430328,1.670731707317073,0.8522787965105928,0.9502754205746612,0.9361474444465766,0.4252318084126496,1,frame_0011.tif,6,C:\Users\raglo\OneDrive - University of Arizona\Printz Lab\Data\Capillary_Bridges\My_better_CLB_videos\5-9\s1_tifs,C:\Users\raglo\OneDrive - University of Arizona\Printz Lab\Data\Capillary_Bridges\masks_json
718.0,165.6223646402359,0.8032786885245902,0.2402141184342589,0.8422287390029326,0.8992907465720663,0.3488605442176871,0,frame_0011.tif,7,C:\Users\raglo\OneDrive - University of Arizona\Printz Lab\Data\Capillary_Bridges\My_better_CLB_videos\5-9\s1_tifs,C:\Users\raglo\OneDrive - University of Arizona\Printz Lab\Data\Capillary_Bridges\masks_json
92.5,36.72792184352875,1.0909090909090908,0.7007575757575758,0.9635416666666666,0.4244229403409091,0.2065212121212121,0,frame_0011.tif,8,C:\Users\raglo\OneDrive - University of Arizona\Printz Lab\Data\Capillary_Bridges\My_better_CLB_videos\5-9\s1_tifs,C:\Users\raglo\OneDrive - University of Arizona\Printz Lab\Data\Capillary_Bridges\masks_json
130.5,47.55634891986847,1.9,0.6868421052631579,0.9456521739130436,0.7389386744281046,0.5097080610021787,0,frame_0011.tif,9,C:\Users\raglo\OneDrive - University of Arizona\Printz Lab\Data\Capillary_Bridges\My_better_CLB_videos\5-9\s1_tifs,C:\Users\raglo\OneDrive - University of Arizona\Printz Lab\Data\Capillary_Bridges\masks_json
68.0,32.14213538169861,0.9090909090909092,0.6181818181818182,0.9379310344827586,0.0454866340361445,0.2360803212851405,0,frame_0011.tif,10,C:\Users\raglo\OneDrive - University of Arizona\Printz Lab\Data\Capillary_Bridges\My_better_CLB_videos\5-9\s1_tifs,C:\Users\raglo\OneDrive - University of Arizona\Printz Lab\Data\Capillary_Bridges\masks_json
9364.0,399.823375582695,1.5476190476190477,0.8575091575091575,0.9651120845143004,0.0586279041230366,0.5439695636998255,0,frame_0011.tif,11,C:\Users\raglo\OneDrive - University of Arizona\Printz Lab\Data\Capillary_Bridges\My_better_CLB_videos\5-9\s1_tifs,C:\Users\raglo\OneDrive - University of Arizona\Printz Lab\Data\Capillary_Bridges\masks_json
97.5,37.55634891986847,1.0,0.6770833333333334,0.9653465346534652,0.2366423233695652,0.6643710144927536,0,frame_0011.tif,12,C:\Users\raglo\OneDrive - University of Arizona\Printz Lab\Data\Capillary_Bridges\My_better_CLB_videos\5-9\s1_tifs,C:\Users\raglo\OneDrive - University of Arizona\Printz Lab\Data\Capillary_Bridges\masks_json
57.0,29.313708305358887,1.1111111111111112,0.6333333333333333,0.9421487603305784,0.2952657350352112,0.7023849765258217,0,frame_0011.tif,13,C:\Users\raglo\OneDrive - University of Arizona\Printz Lab\Data\Capillary_Bridges\My_better_CLB_videos\5-9\s1_tifs,C:\Users\raglo\OneDrive - University of Arizona\Printz Lab\Data\Capillary_Bridges\masks_json
44.0,24.485281229019165,1.0,0.6875,1.0,0.29541015625,0.7022857142857142,0,frame_0011.tif,14,C:\Users\raglo\OneDrive - University of Arizona\Printz Lab\Data\Capillary_Bridges\My_better_CLB_videos\5-9\s1_tifs,C:\Users\raglo\OneDrive - University of Arizona\Printz Lab\Data\Capillary_Bridges\masks_json
54.5,28.727921843528748,1.1111111111111112,0.6055555555555555,0.9396551724137931,0.2350068933823529,0.5160588235294118,0,frame_0011.tif,15,C:\Users\raglo\OneDrive - University of Arizona\Printz Lab\Data\Capillary_Bridges\My_better_CLB_videos\5-9\s1_tifs,C:\Users\raglo\OneDrive - University of Arizona\Printz Lab\Data\Capillary_Bridges\masks_json
53.0,27.313708305358887,1.25,0.6625,0.9814814814814816,0.8590198863636364,0.890040404040404,0,frame_0011.tif,16,C:\Users\raglo\OneDrive - University of Arizona\Printz Lab\Data\Capillary_Bridges\My_better_CLB_videos\5-9\s1_tifs,C:\Users\raglo\OneDrive - University of Arizona\Printz Lab\Data\Capillary_Bridges\masks_json
58.0,29.313708305358887,1.1111111111111112,0.6444444444444445,0.9508196721311476,0.57666015625,0.6745185185185185,0,frame_0011.tif,17,C:\Users\raglo\OneDrive - University of Arizona\Printz Lab\Data\Capillary_Bridges\My_better_CLB_videos\5-9\s1_tifs,C:\Users\raglo\OneDrive - University of Arizona\Printz Lab\Data\Capillary_Bridges\masks_json
43.0,24.485281229019165,1.0,0.671875,0.9885057471264368,0.8909623579545455,0.0513939393939393,0,frame_0011.tif,18,C:\Users\raglo\OneDrive - University of Arizona\Printz Lab\Data\Capillary_Bridges\My_better_CLB_videos\5-9\s1_tifs,C:\Users\raglo\OneDrive - University of Arizona\Printz Lab\Data\Capillary_Bridges\masks_json
42.0,24.485281229019165,1.0,0.65625,0.9767441860465116,0.5766239872685185,0.6744691358024691,0,frame_0011.tif,19,C:\Users\raglo\OneDrive - University of Arizona\Printz Lab\Data\Capillary_Bridges\My_better_CLB_videos\5-9\s1_tifs,C:\Users\raglo\OneDrive - University of Arizona\Printz Lab\Data\Capillary_Bridges\masks_json
104.0,38.14213538169861,1.181818181818182,0.7272727272727273,0.985781990521327,0.6035476434426229,0.2079453551912568,0,frame_0011.tif,20,C:\Users\raglo\OneDrive - University of Arizona\Printz Lab\Data\Capillary_Bridges\My_better_CLB_videos\5-9\s1_tifs,C:\Users\raglo\OneDrive - University of Arizona\Printz Lab\Data\Capillary_Bridges\masks_json
415828.0,2930.5239474773407,2.4265402843601898,0.9622796949052131,0.981858794694825,0.5008739358302235,0.7225862545557968,0,frame_0012.tif,0,C:\Users\raglo\OneDrive - University of Arizona\Printz Lab\Data\Capillary_Bridges\My_better_CLB_videos\5-9\s1_tifs,C:\Users\raglo\OneDrive - University of Arizona\Printz Lab\Data\Capillary_Bridges\masks_json
307025.5,2772.482316493988,3.230283911671924,0.9458346682768138,0.9785642117475324,0.4991744519246486,0.2042993527296502,0,frame_0012.tif,1,C:\Users\raglo\OneDrive - University of Arizona\Printz Lab\Data\Capillary_Bridges\My_better_CLB_videos\5-9\s1_tifs,C:\Users\raglo\OneDrive - University of Arizona\Printz Lab\Data\Capillary_Bridges\masks_json
10002.0,393.8233743906021,1.4886363636363635,0.8676266481609993,0.9922619047619048,0.0580806831431026,0.4317773195876289,1,frame_0012.tif,2,C:\Users\raglo\OneDrive - University of Arizona\Printz Lab\Data\Capillary_Bridges\My_better_CLB_videos\5-9\s1_tifs,C:\Users\raglo\OneDrive - University of Arizona\Printz Lab\Data\Capillary_Bridges\masks_json
747361.0,3875.033613920212,1.3763440860215057,0.98097409484207,0.9837451132669044,0.5053431089611252,0.4999237718755113,0,frame_0012.tif,3,C:\Users\raglo\OneDrive - University of Arizona\Printz Lab\Data\Capillary_Bridges\My_better_CLB_videos\5-9\s1_tifs,C:\Users\raglo\OneDrive - University of Arizona\Printz Lab\Data\Capillary_Bridges\masks_json
3283.5,214.89444243907928,1.0625,0.7544806985294118,0.9869251577998196,0.2925310903250888,0.2837109004739336,0,frame_0012.tif,4,C:\Users\raglo\OneDrive - University of Arizona\Printz Lab\Data\Capillary_Bridges\My_better_CLB_videos\5-9\s1_tifs,C:\Users\raglo\OneDrive - University of Arizona\Printz Lab\Data\Capillary_Bridges\masks_json
14.5,15.071067690849304,1.2,0.4833333333333333,0.935483870967742,0.058010702724815,0.4332948839562385,0,frame_0012.tif,5,C:\Users\raglo\OneDrive - University of Arizona\Printz Lab\Data\Capillary_Bridges\My_better_CLB_videos\5-9\s1_tifs,C:\Users\raglo\OneDrive - University of Arizona\Printz Lab\Data\Capillary_Bridges\masks_json
9754.0,425.4802281856537,1.670731707317073,0.8682570767313512,0.9588125430059964,0.9364014653147608,0.4252662111468381,1,frame_0012.tif,6,C:\Users\raglo\OneDrive - University of Arizona\Printz Lab\Data\Capillary_Bridges\My_better_CLB_videos\5-9\s1_tifs,C:\Users\raglo\OneDrive - University of Arizona\Printz Lab\Data\Capillary_Bridges\masks_json
716.0,165.62236607074738,0.8032786885245902,0.2395449983271997,0.8513674197384067,0.8992692015664961,0.3490332480818414,0,frame_0012.tif,7,C:\Users\raglo\OneDrive - University of Arizona\Printz Lab\Data\Capillary_Bridges\My_better_CLB_videos\5-9\s1_tifs,C:\Users\raglo\OneDrive - University of Arizona\Printz Lab\Data\Capillary_Bridges\masks_json
123.5,46.72792184352875,2.111111111111111,0.7222222222222222,0.96484375,0.738849796660959,0.5095707762557078,0,frame_0012.tif,8,C:\Users\raglo\OneDrive - University of Arizona\Printz Lab\Data\Capillary_Bridges\My_better_CLB_videos\5-9\s1_tifs,C:\Users\raglo\OneDrive - University of Arizona\Printz Lab\Data\Capillary_Bridges\masks_json
76.5,32.72792172431946,0.9090909090909092,0.6954545454545454,0.9807692307692308,0.0455693783967391,0.2359855072463768,0,frame_0012.tif,9,C:\Users\raglo\OneDrive - University of Arizona\Printz Lab\Data\Capillary_Bridges\My_better_CLB_videos\5-9\s1_tifs,C:\Users\raglo\OneDrive - University of Arizona\Printz Lab\Data\Capillary_Bridges\masks_json
84.5,34.72792172431946,1.0,0.6983471074380165,0.976878612716763,0.4246596534653465,0.2063366336633663,0,frame_0012.tif,10,C:\Users\raglo\OneDrive - University of Arizona\Printz Lab\Data\Capillary_Bridges\My_better_CLB_videos\5-9\s1_tifs,C:\Users\raglo\OneDrive - University of Arizona\Printz Lab\Data\Capillary_Bridges\masks_json
96.5,36.38477563858032,1.0,0.6701388888888888,0.9846938775510204,0.2366824529867256,0.664283185840708,0,frame_0012.tif,11,C:\Users\raglo\OneDrive - University of Arizona\Printz Lab\Data\Capillary_Bridges\My_better_CLB_videos\5-9\s1_tifs,C:\Users\raglo\OneDrive - University of Arizona\Printz Lab\Data\Capillary_Bridges\masks_json
40.0,24.485281229019165,1.2857142857142858,0.6349206349206349,0.963855421686747,0.2356708233173076,0.5161282051282051,0,frame_0012.tif,12,C:\Users\raglo\OneDrive - University of Arizona\Printz Lab\Data\Capillary_Bridges\My_better_CLB_videos\5-9\s1_tifs,C:\Users\raglo\OneDrive - University of Arizona\Printz Lab\Data\Capillary_Bridges\masks_json
41.0,24.485281229019165,1.0,0.640625,0.9647058823529412,0.2954009433962264,0.702566037735849,0,frame_0012.tif,13,C:\Users\raglo\OneDrive - University of Arizona\Printz Lab\Data\Capillary_Bridges\My_better_CLB_videos\5-9\s1_tifs,C:\Users\raglo\OneDrive - University of Arizona\Printz Lab\Data\Capillary_Bridges\masks_json
52.0,28.14213538169861,1.1111111111111112,0.5777777777777777,0.9369369369369368,0.5765324519230769,0.6744820512820513,0,frame_0012.tif,14,C:\Users\raglo\OneDrive - University of Arizona\Printz Lab\Data\Capillary_Bridges\My_better_CLB_videos\5-9\s1_tifs,C:\Users\raglo\OneDrive - University of Arizona\Printz Lab\Data\Capillary_Bridges\masks_json
49.5,25.899494767189022,1.125,0.6875,1.0,0.8592647429435484,0.8901290322580645,0,frame_0012.tif,15,C:\Users\raglo\OneDrive - University of Arizona\Printz Lab\Data\Capillary_Bridges\My_better_CLB_videos\5-9\s1_tifs,C:\Users\raglo\OneDrive - University of Arizona\Printz Lab\Data\Capillary_Bridges\masks_json
41.0,24.485281229019165,1.0,0.640625,0.9647058823529412,0.5766509433962265,0.674566037735849,0,frame_0012.tif,16,C:\Users\raglo\OneDrive - University of Arizona\Printz Lab\Data\Capillary_Bridges\My_better_CLB_videos\5-9\s1_tifs,C:\Users\raglo\OneDrive - University of Arizona\Printz Lab\Data\Capillary_Bridges\masks_json
49.5,26.727921843528748,1.0,0.6111111111111112,0.9611650485436892,0.8904832409274194,0.0504946236559139,0,frame_0012.tif,17,C:\Users\raglo\OneDrive - University of Arizona\Printz Lab\Data\Capillary_Bridges\My_better_CLB_videos\5-9\s1_tifs,C:\Users\raglo\OneDrive - University of Arizona\Printz Lab\Data\Capillary_Bridges\masks_json
32.5,22.242640614509583,1.3333333333333333,0.6770833333333334,0.9848484848484848,0.8590420809659091,0.889969696969697,0,frame_0012.tif,18,C:\Users\raglo\OneDrive - University of Arizona\Printz Lab\Data\Capillary_Bridges\My_better_CLB_videos\5-9\s1_tifs,C:\Users\raglo\OneDrive - University of Arizona\Printz Lab\Data\Capillary_Bridges\masks_json
33.5,22.242640614509583,1.0,0.6836734693877551,0.9852941176470588,0.8904947916666667,0.0506962962962963,0,frame_0012.tif,19,C:\Users\raglo\OneDrive - University of Arizona\Printz Lab\Data\Capillary_Bridges\My_better_CLB_videos\5-9\s1_tifs,C:\Users\raglo\OneDrive - University of Arizona\Printz Lab\Data\Capillary_Bridges\masks_json
308443.5,2801.3940031528477,3.220125786163522,0.9472149543042452,0.9753138730215446,0.4973767232042222,0.2057509497496579,0,frame_0013.tif,0,C:\Users\raglo\OneDrive - University of Arizona\Printz Lab\Data\Capillary_Bridges\My_better_CLB_videos\5-9\s1_tifs,C:\Users\raglo\OneDrive - University of Arizona\Printz Lab\Data\Capillary_Bridges\masks_json
415581.5,2909.913775205612,2.4323040380047507,0.9639936071110452,0.9836481336836376,0.5004856720742155,0.7230838313970407,0,frame_0013.tif,1,C:\Users\raglo\OneDrive - University of Arizona\Printz Lab\Data\Capillary_Bridges\My_better_CLB_videos\5-9\s1_tifs,C:\Users\raglo\OneDrive - University of Arizona\Printz Lab\Data\Capillary_Bridges\masks_json
747818.0,3903.8864257335663,1.3763440860215057,0.9815739457325268,0.9838707237090956,0.5050019957652705,0.500367187541794,0,frame_0013.tif,2,C:\Users\raglo\OneDrive - University of Arizona\Printz Lab\Data\Capillary_Bridges\My_better_CLB_videos\5-9\s1_tifs,C:\Users\raglo\OneDrive - University of Arizona\Printz Lab\Data\Capillary_Bridges\masks_json
9995.0,394.6518017053604,1.4719101123595506,0.8572776395917318,0.9888207360506528,0.0580692002665061,0.4314644658413571,1,frame_0013.tif,3,C:\Users\raglo\OneDrive - University of Arizona\Printz Lab\Data\Capillary_Bridges\My_better_CLB_videos\5-9\s1_tifs,C:\Users\raglo\OneDrive - University of Arizona\Printz Lab\Data\Capillary_Bridges\masks_json
20459.0,652.6761865615845,0.8011695906432749,0.873308575575191,0.931627239816944,0.9368776231092538,0.4836672929010711,0,frame_0013.tif,4,C:\Users\raglo\OneDrive - University of Arizona\Printz Lab\Data\Capillary_Bridges\My_better_CLB_videos\5-9\s1_tifs,C:\Users\raglo\OneDrive - University of Arizona\Printz Lab\Data\Capillary_Bridges\masks_json
3469.5,226.89444279670715,1.0,0.7287334593572778,0.97759932375317,0.2920179153237107,0.281939461883408,0,frame_0013.tif,5,C:\Users\raglo\OneDrive - University of Arizona\Printz Lab\Data\Capillary_Bridges\My_better_CLB_videos\5-9\s1_tifs,C:\Users\raglo\OneDrive - University of Arizona\Printz Lab\Data\Capillary_Bridges\masks_json
9846.5,427.72286999225616,1.6626506024096386,0.859656015365811,0.953333010601733,0.9359463469076656,0.4254715115314418,1,frame_0013.tif,6,C:\Users\raglo\OneDrive - University of Arizona\Printz Lab\Data\Capillary_Bridges\My_better_CLB_videos\5-9\s1_tifs,C:\Users\raglo\OneDrive - University of Arizona\Printz Lab\Data\Capillary_Bridges\masks_json
9493.5,399.92387998104095,1.5411764705882354,0.8525819488100583,0.9644925327644012,0.0588853771240057,0.544659160555039,0,frame_0013.tif,7,C:\Users\raglo\OneDrive - University of Arizona\Printz Lab\Data\Capillary_Bridges\My_better_CLB_videos\5-9\s1_tifs,C:\Users\raglo\OneDrive - University of Arizona\Printz Lab\Data\Capillary_Bridges\masks_json
748.5,171.03657710552216,0.8225806451612904,0.2367172675521821,0.8198247535596933,0.8993244147796817,0.3493202774377805,0,frame_0013.tif,8,C:\Users\raglo\OneDrive - University of Arizona\Printz Lab\Data\Capillary_Bridges\My_better_CLB_videos\5-9\s1_tifs,C:\Users\raglo\OneDrive - University of Arizona\Printz Lab\Data\Capillary_Bridges\masks_json
93.5,37.55634891986847,1.0,0.6493055555555556,0.9444444444444444,0.4244263795045045,0.2063183183183183,0,frame_0013.tif,9,C:\Users\raglo\OneDrive - University of Arizona\Printz Lab\Data\Capillary_Bridges\My_better_CLB_videos\5-9\s1_tifs,C:\Users\raglo\OneDrive - University of Arizona\Printz Lab\Data\Capillary_Bridges\masks_json
70.0,32.14213538169861,0.9090909090909092,0.6363636363636364,0.9523809523809524,0.045461856617647,0.2361725490196078,0,frame_0013.tif,10,C:\Users\raglo\OneDrive - University of Arizona\Printz Lab\Data\Capillary_Bridges\My_better_CLB_videos\5-9\s1_tifs,C:\Users\raglo\OneDrive - University of Arizona\Printz Lab\Data\Capillary_Bridges\masks_json
129.5,47.55634891986847,1.9,0.6815789473684211,0.955719557195572,0.739026521381579,0.5093947368421052,0,frame_0013.tif,11,C:\Users\raglo\OneDrive - University of Arizona\Printz Lab\Data\Capillary_Bridges\My_better_CLB_videos\5-9\s1_tifs,C:\Users\raglo\OneDrive - University of Arizona\Printz Lab\Data\Capillary_Bridges\masks_json
97.5,37.55634880065918,1.0,0.6770833333333334,0.9653465346534652,0.2369310461956521,0.664127536231884,0,frame_0013.tif,12,C:\Users\raglo\OneDrive - University of Arizona\Printz Lab\Data\Capillary_Bridges\My_better_CLB_videos\5-9\s1_tifs,C:\Users\raglo\OneDrive - University of Arizona\Printz Lab\Data\Capillary_Bridges\masks_json
58.0,29.313708305358887,1.1111111111111112,0.6444444444444445,0.9508196721311476,0.5767550998263888,0.6747777777777777,0,frame_0013.tif,13,C:\Users\raglo\OneDrive - University of Arizona\Printz Lab\Data\Capillary_Bridges\My_better_CLB_videos\5-9\s1_tifs,C:\Users\raglo\OneDrive - University of Arizona\Printz Lab\Data\Capillary_Bridges\masks_json
38.5,23.071067690849304,1.1428571428571428,0.6875,1.0,0.29552734375,0.7028,0,frame_0013.tif,14,C:\Users\raglo\OneDrive - University of Arizona\Printz Lab\Data\Capillary_Bridges\My_better_CLB_videos\5-9\s1_tifs,C:\Users\raglo\OneDrive - University of Arizona\Printz Lab\Data\Capillary_Bridges\masks_json
43.0,25.656854152679443,1.2857142857142858,0.6825396825396826,0.9662921348314608,0.2352992466517857,0.5160714285714286,0,frame_0013.tif,15,C:\Users\raglo\OneDrive - University of Arizona\Printz Lab\Data\Capillary_Bridges\My_better_CLB_videos\5-9\s1_tifs,C:\Users\raglo\OneDrive - University of Arizona\Printz Lab\Data\Capillary_Bridges\masks_json
56.0,28.97056245803833,1.2222222222222223,0.5656565656565656,0.9491525423728814,0.2352949501811594,0.5160579710144928,0,frame_0013.tif,16,C:\Users\raglo\OneDrive - University of Arizona\Printz Lab\Data\Capillary_Bridges\My_better_CLB_videos\5-9\s1_tifs,C:\Users\raglo\OneDrive - University of Arizona\Printz Lab\Data\Capillary_Bridges\masks_json
317.5,84.18376553058624,1.8888888888888888,0.5187908496732027,0.8831710709318498,0.5887544014084507,0.1365896713615023,0,frame_0013.tif,17,C:\Users\raglo\OneDrive - University of Arizona\Printz Lab\Data\Capillary_Bridges\My_better_CLB_videos\5-9\s1_tifs,C:\Users\raglo\OneDrive - University of Arizona\Printz Lab\Data\Capillary_Bridges\masks_json
41.5,25.071067690849304,1.0,0.6484375,0.9540229885057472,0.5767144097222222,0.6748395061728395,0,frame_0013.tif,18,C:\Users\raglo\OneDrive - University of Arizona\Printz Lab\Data\Capillary_Bridges\My_better_CLB_videos\5-9\s1_tifs,C:\Users\raglo\OneDrive - University of Arizona\Printz Lab\Data\Capillary_Bridges\masks_json
44.0,24.485281229019165,1.0,0.6875,1.0,0.8909040178571429,0.0513333333333333,0,frame_0013.tif,19,C:\Users\raglo\OneDrive - University of Arizona\Printz Lab\Data\Capillary_Bridges\My_better_CLB_videos\5-9\s1_tifs,C:\Users\raglo\OneDrive - University of Arizona\Printz Lab\Data\Capillary_Bridges\masks_json
56.0,28.14213526248932,1.1111111111111112,0.6222222222222222,0.9739130434782608,0.8589079483695652,0.8899130434782608,0,frame_0013.tif,20,C:\Users\raglo\OneDrive - University of Arizona\Printz Lab\Data\Capillary_Bridges\My_better_CLB_videos\5-9\s1_tifs,C:\Users\raglo\OneDrive - University of Arizona\Printz Lab\Data\Capillary_Bridges\masks_json
109.0,39.79898941516876,1.1666666666666667,0.6488095238095238,0.9646017699115044,0.6034771776574803,0.2081889763779527,0,frame_0013.tif,21,C:\Users\raglo\OneDrive - University of Arizona\Printz Lab\Data\Capillary_Bridges\My_better_CLB_videos\5-9\s1_tifs,C:\Users\raglo\OneDrive - University of Arizona\Printz Lab\Data\Capillary_Bridges\masks_json
43.5,25.071067690849304,1.0,0.6796875,0.9775280898876404,0.8589913504464286,0.8899761904761905,0,frame_0013.tif,22,C:\Users\raglo\OneDrive - University of Arizona\Printz Lab\Data\Capillary_Bridges\My_better_CLB_videos\5-9\s1_tifs,C:\Users\raglo\OneDrive - University of Arizona\Printz Lab\Data\Capillary_Bridges\masks_json
25.5,27.899494767189022,2.6,0.3923076923076923,0.7727272727272727,0.5013222965363647,0.7231125651429781,0,frame_0014.tif,0,C:\Users\raglo\OneDrive - University of Arizona\Printz Lab\Data\Capillary_Bridges\My_better_CLB_videos\5-9\s1_tifs,C:\Users\raglo\OneDrive - University of Arizona\Printz Lab\Data\Capillary_Bridges\masks_json
0.0,0.0,1.0,0.0,0.0,0.4971960945840953,0.2059656784795401,0,frame_0014.tif,1,C:\Users\raglo\OneDrive - University of Arizona\Printz Lab\Data\Capillary_Bridges\My_better_CLB_videos\5-9\s1_tifs,C:\Users\raglo\OneDrive - University of Arizona\Printz Lab\Data\Capillary_Bridges\masks_json
9914.5,392.4091609716416,1.5057471264367817,0.8699219092743704,0.9924424424424424,0.0582794162251163,0.4315841669142649,1,frame_0014.tif,2,C:\Users\raglo\OneDrive - University of Arizona\Printz Lab\Data\Capillary_Bridges\My_better_CLB_videos\5-9\s1_tifs,C:\Users\raglo\OneDrive - University of Arizona\Printz Lab\Data\Capillary_Bridges\masks_json
746531.5,3832.541192054749,1.3763440860215057,0.9798853064096102,0.9828194867831824,0.5053648017050734,0.5003982707858661,0,frame_0014.tif,3,C:\Users\raglo\OneDrive - University of Arizona\Printz Lab\Data\Capillary_Bridges\My_better_CLB_videos\5-9\s1_tifs,C:\Users\raglo\OneDrive - University of Arizona\Printz Lab\Data\Capillary_Bridges\masks_json
3381.5,220.89444279670715,1.0615384615384615,0.7539576365663322,0.984138533178114,0.2924938097677595,0.283110727638769,0,frame_0014.tif,4,C:\Users\raglo\OneDrive - University of Arizona\Printz Lab\Data\Capillary_Bridges\My_better_CLB_videos\5-9\s1_tifs,C:\Users\raglo\OneDrive - University of Arizona\Printz Lab\Data\Capillary_Bridges\masks_json
7.5,11.41421353816986,1.6666666666666667,0.5,1.0,0.0581369798149655,0.4325824077620324,0,frame_0014.tif,5,C:\Users\raglo\OneDrive - University of Arizona\Printz Lab\Data\Capillary_Bridges\My_better_CLB_videos\5-9\s1_tifs,C:\Users\raglo\OneDrive - University of Arizona\Printz Lab\Data\Capillary_Bridges\masks_json
9358.5,396.7523070573807,1.5476190476190477,0.8570054945054945,0.9680372381691232,0.0583147175254086,0.5443016205644035,0,frame_0014.tif,6,C:\Users\raglo\OneDrive - University of Arizona\Printz Lab\Data\Capillary_Bridges\My_better_CLB_videos\5-9\s1_tifs,C:\Users\raglo\OneDrive - University of Arizona\Printz Lab\Data\Capillary_Bridges\masks_json
726.0,166.79393637180328,0.8032786885245902,0.2428905988624958,0.836405529953917,0.8992059426229508,0.3488877679697352,0,frame_0014.tif,7,C:\Users\raglo\OneDrive - University of Arizona\Printz Lab\Data\Capillary_Bridges\My_better_CLB_videos\5-9\s1_tifs,C:\Users\raglo\OneDrive - University of Arizona\Printz Lab\Data\Capillary_Bridges\masks_json
82.0,34.14213538169861,1.0,0.6776859504132231,0.970414201183432,0.0455695950255102,0.2360136054421768,0,frame_0014.tif,8,C:\Users\raglo\OneDrive - University of Arizona\Printz Lab\Data\Capillary_Bridges\My_better_CLB_videos\5-9\s1_tifs,C:\Users\raglo\OneDrive - University of Arizona\Printz Lab\Data\Capillary_Bridges\masks_json
130.5,47.55634891986847,1.9,0.6868421052631579,0.9490909090909092,0.7390088848039216,0.5098562091503268,0,frame_0014.tif,9,C:\Users\raglo\OneDrive - University of Arizona\Printz Lab\Data\Capillary_Bridges\My_better_CLB_videos\5-9\s1_tifs,C:\Users\raglo\OneDrive - University of Arizona\Printz Lab\Data\Capillary_Bridges\masks_json
94.5,37.55634891986847,1.0,0.65625,0.945,0.4245082310267857,0.2061904761904761,0,frame_0014.tif,10,C:\Users\raglo\OneDrive - University of Arizona\Printz Lab\Data\Capillary_Bridges\My_better_CLB_videos\5-9\s1_tifs,C:\Users\raglo\OneDrive - University of Arizona\Printz Lab\Data\Capillary_Bridges\masks_json
98.0,36.97056221961975,1.0,0.6805555555555556,0.98,0.2367272418478261,0.6643942028985507,0,frame_0014.tif,11,C:\Users\raglo\OneDrive - University of Arizona\Printz Lab\Data\Capillary_Bridges\My_better_CLB_videos\5-9\s1_tifs,C:\Users\raglo\OneDrive - University of Arizona\Printz Lab\Data\Capillary_Bridges\masks_json
39.0,24.485281229019165,1.2857142857142858,0.6190476190476191,0.951219512195122,0.2356196384803921,0.5160522875816994,0,frame_0014.tif,12,C:\Users\raglo\OneDrive - University of Arizona\Printz Lab\Data\Capillary_Bridges\My_better_CLB_videos\5-9\s1_tifs,C:\Users\raglo\OneDrive - University of Arizona\Printz Lab\Data\Capillary_Bridges\masks_json
9813.0,428.308656334877,1.670731707317073,0.8735089905643582,0.9541543098838056,0.9365487001535656,0.425082567585564,1,frame_0014.tif,13,C:\Users\raglo\OneDrive - University of Arizona\Printz Lab\Data\Capillary_Bridges\My_better_CLB_videos\5-9\s1_tifs,C:\Users\raglo\OneDrive - University of Arizona\Printz Lab\Data\Capillary_Bridges\masks_json
55.0,29.313708305358887,1.1111111111111112,0.6111111111111112,0.9243697478991596,0.5766389266304348,0.674743961352657,0,frame_0014.tif,14,C:\Users\raglo\OneDrive - University of Arizona\Printz Lab\Data\Capillary_Bridges\My_better_CLB_videos\5-9\s1_tifs,C:\Users\raglo\OneDrive - University of Arizona\Printz Lab\Data\Capillary_Bridges\masks_json
52.0,27.313708305358887,1.25,0.65,0.97196261682243,0.8590594951923077,0.8901128205128206,0,frame_0014.tif,15,C:\Users\raglo\OneDrive - University of Arizona\Printz Lab\Data\Capillary_Bridges\My_better_CLB_videos\5-9\s1_tifs,C:\Users\raglo\OneDrive - University of Arizona\Printz Lab\Data\Capillary_Bridges\masks_json
50.0,27.313708305358887,1.0,0.6172839506172839,0.9433962264150944,0.8907490079365079,0.0517671957671957,0,frame_0014.tif,16,C:\Users\raglo\OneDrive - University of Arizona\Printz Lab\Data\Capillary_Bridges\My_better_CLB_videos\5-9\s1_tifs,C:\Users\raglo\OneDrive - University of Arizona\Printz Lab\Data\Capillary_Bridges\masks_json
40.0,23.656854152679443,1.1428571428571428,0.7142857142857143,1.0,0.57666015625,0.6746666666666666,0,frame_0014.tif,17,C:\Users\raglo\OneDrive - University of Arizona\Printz Lab\Data\Capillary_Bridges\My_better_CLB_videos\5-9\s1_tifs,C:\Users\raglo\OneDrive - University of Arizona\Printz Lab\Data\Capillary_Bridges\masks_json
0.0,0.0,1.0,0.0,0.0,0.5045740012939509,0.7214331156219058,0,frame_0015.tif,0,C:\Users\raglo\OneDrive - University of Arizona\Printz Lab\Data\Capillary_Bridges\My_better_CLB_videos\5-9\s1_tifs,C:\Users\raglo\OneDrive - University of Arizona\Printz Lab\Data\Capillary_Bridges\masks_json
308352.0,2804.4650723934174,3.2,0.941015625,0.974240533324908,0.4977021747031742,0.2056161710147268,0,frame_0015.tif,1,C:\Users\raglo\OneDrive - University of Arizona\Printz Lab\Data\Capillary_Bridges\My_better_CLB_videos\5-9\s1_tifs,C:\Users\raglo\OneDrive - University of Arizona\Printz Lab\Data\Capillary_Bridges\masks_json
9930.0,390.9949477910996,1.5057471264367817,0.8712819162937615,0.993148972345852,0.0582349753078026,0.4315457542194092,1,frame_0015.tif,2,C:\Users\raglo\OneDrive - University of Arizona\Printz Lab\Data\Capillary_Bridges\My_better_CLB_videos\5-9\s1_tifs,C:\Users\raglo\OneDrive - University of Arizona\Printz Lab\Data\Capillary_Bridges\masks_json
747576.0,3862.121926426888,1.374496644295302,0.979939177852349,0.9831351920042084,0.5052866559317675,0.5001317274058942,0,frame_0015.tif,3,C:\Users\raglo\OneDrive - University of Arizona\Printz Lab\Data\Capillary_Bridges\My_better_CLB_videos\5-9\s1_tifs,C:\Users\raglo\OneDrive - University of Arizona\Printz Lab\Data\Capillary_Bridges\masks_json
3350.0,217.4802298545837,1.0461538461538462,0.7579185520361991,0.987617924528302,0.2923817917029617,0.2833004258614015,0,frame_0015.tif,4,C:\Users\raglo\OneDrive - University of Arizona\Printz Lab\Data\Capillary_Bridges\My_better_CLB_videos\5-9\s1_tifs,C:\Users\raglo\OneDrive - University of Arizona\Printz Lab\Data\Capillary_Bridges\masks_json
0.5,3.414213538169861,1.0,0.125,1.0,0.0581846151762496,0.4325836463449869,0,frame_0015.tif,5,C:\Users\raglo\OneDrive - University of Arizona\Printz Lab\Data\Capillary_Bridges\My_better_CLB_videos\5-9\s1_tifs,C:\Users\raglo\OneDrive - University of Arizona\Printz Lab\Data\Capillary_Bridges\masks_json
9705.5,426.89444267749786,1.6829268292682926,0.8576793920113114,0.9516595577781046,0.9358237517669628,0.4256884760366182,1,frame_0015.tif,6,C:\Users\raglo\OneDrive - University of Arizona\Printz Lab\Data\Capillary_Bridges\My_better_CLB_videos\5-9\s1_tifs,C:\Users\raglo\OneDrive - University of Arizona\Printz Lab\Data\Capillary_Bridges\masks_json
9463.0,397.3380934000015,1.5595238095238095,0.8599600145401672,0.9716104522819446,0.058636460060628,0.5445590907520641,0,frame_0015.tif,7,C:\Users\raglo\OneDrive - University of Arizona\Printz Lab\Data\Capillary_Bridges\My_better_CLB_videos\5-9\s1_tifs,C:\Users\raglo\OneDrive - University of Arizona\Printz Lab\Data\Capillary_Bridges\masks_json
727.5,166.20815074443817,0.8032786885245902,0.2433924389427902,0.8454386984311447,0.8990770623425692,0.3488782535684299,0,frame_0015.tif,8,C:\Users\raglo\OneDrive - University of Arizona\Printz Lab\Data\Capillary_Bridges\My_better_CLB_videos\5-9\s1_tifs,C:\Users\raglo\OneDrive - University of Arizona\Printz Lab\Data\Capillary_Bridges\masks_json
79.0,33.31370830535889,0.9090909090909092,0.7181818181818181,0.9813664596273292,0.0454152960526315,0.2360421052631579,0,frame_0015.tif,9,C:\Users\raglo\OneDrive - University of Arizona\Printz Lab\Data\Capillary_Bridges\My_better_CLB_videos\5-9\s1_tifs,C:\Users\raglo\OneDrive - University of Arizona\Printz Lab\Data\Capillary_Bridges\masks_json
130.5,48.38477599620819,2.0,0.6525,0.9388489208633094,0.7389961192810458,0.5097864923747277,0,frame_0015.tif,10,C:\Users\raglo\OneDrive - University of Arizona\Printz Lab\Data\Capillary_Bridges\My_better_CLB_videos\5-9\s1_tifs,C:\Users\raglo\OneDrive - University of Arizona\Printz Lab\Data\Capillary_Bridges\masks_json
100.5,37.55634891986847,1.0,0.6979166666666666,0.9804878048780488,0.2369322695974576,0.6643050847457627,0,frame_0015.tif,11,C:\Users\raglo\OneDrive - University of Arizona\Printz Lab\Data\Capillary_Bridges\My_better_CLB_videos\5-9\s1_tifs,C:\Users\raglo\OneDrive - University of Arizona\Printz Lab\Data\Capillary_Bridges\masks_json
85.5,34.72792172431946,1.0,0.7066115702479339,0.9827586206896552,0.4245174632352941,0.2064183006535947,0,frame_0015.tif,12,C:\Users\raglo\OneDrive - University of Arizona\Printz Lab\Data\Capillary_Bridges\My_better_CLB_videos\5-9\s1_tifs,C:\Users\raglo\OneDrive - University of Arizona\Printz Lab\Data\Capillary_Bridges\masks_json
57.5,28.727921724319454,1.1111111111111112,0.6388888888888888,0.9663865546218487,0.2954995598591549,0.7029859154929577,0,frame_0015.tif,13,C:\Users\raglo\OneDrive - University of Arizona\Printz Lab\Data\Capillary_Bridges\My_better_CLB_videos\5-9\s1_tifs,C:\Users\raglo\OneDrive - University of Arizona\Printz Lab\Data\Capillary_Bridges\masks_json
44.0,25.656854152679443,1.2857142857142858,0.6984126984126984,0.9777777777777776,0.2353515625,0.516140350877193,0,frame_0015.tif,14,C:\Users\raglo\OneDrive - University of Arizona\Printz Lab\Data\Capillary_Bridges\My_better_CLB_videos\5-9\s1_tifs,C:\Users\raglo\OneDrive - University of Arizona\Printz Lab\Data\Capillary_Bridges\masks_json
55.5,28.727921843528748,1.1111111111111112,0.6166666666666667,0.9487179487179488,0.2356629302536232,0.5162125603864735,0,frame_0015.tif,15,C:\Users\raglo\OneDrive - University of Arizona\Printz Lab\Data\Capillary_Bridges\My_better_CLB_videos\5-9\s1_tifs,C:\Users\raglo\OneDrive - University of Arizona\Printz Lab\Data\Capillary_Bridges\masks_json
49.5,26.727921843528748,1.0,0.6111111111111112,0.9611650485436892,0.5767861643145161,0.674731182795699,0,frame_0015.tif,16,C:\Users\raglo\OneDrive - University of Arizona\Printz Lab\Data\Capillary_Bridges\My_better_CLB_videos\5-9\s1_tifs,C:\Users\raglo\OneDrive - University of Arizona\Printz Lab\Data\Capillary_Bridges\masks_json
40.0,24.485281229019165,1.0,0.625,0.9523809523809524,0.2954477163461538,0.7028461538461538,0,frame_0015.tif,17,C:\Users\raglo\OneDrive - University of Arizona\Printz Lab\Data\Capillary_Bridges\My_better_CLB_videos\5-9\s1_tifs,C:\Users\raglo\OneDrive - University of Arizona\Printz Lab\Data\Capillary_Bridges\masks_json
58.0,28.485281229019165,1.25,0.725,1.0,0.85888671875,0.8902222222222221,0,frame_0015.tif,18,C:\Users\raglo\OneDrive - University of Arizona\Printz Lab\Data\Capillary_Bridges\My_better_CLB_videos\5-9\s1_tifs,C:\Users\raglo\OneDrive - University of Arizona\Printz Lab\Data\Capillary_Bridges\masks_json
43.5,25.071067690849304,1.0,0.6796875,0.9886363636363636,0.8907819475446429,0.0513809523809523,0,frame_0015.tif,19,C:\Users\raglo\OneDrive - University of Arizona\Printz Lab\Data\Capillary_Bridges\My_better_CLB_videos\5-9\s1_tifs,C:\Users\raglo\OneDrive - University of Arizona\Printz Lab\Data\Capillary_Bridges\masks_json
36.5,23.071067690849304,1.1428571428571428,0.6517857142857143,0.9733333333333334,0.5767822265625,0.6748055555555555,0,frame_0015.tif,20,C:\Users\raglo\OneDrive - University of Arizona\Printz Lab\Data\Capillary_Bridges\My_better_CLB_videos\5-9\s1_tifs,C:\Users\raglo\OneDrive - University of Arizona\Printz Lab\Data\Capillary_Bridges\masks_json
306744.5,2755.997034788132,3.2100313479623823,0.9390444381857368,0.9772792440326752,0.4964403195345679,0.204812559796702,0,frame_0016.tif,0,C:\Users\raglo\OneDrive - University of Arizona\Printz Lab\Data\Capillary_Bridges\My_better_CLB_videos\5-9\s1_tifs,C:\Users\raglo\OneDrive - University of Arizona\Printz Lab\Data\Capillary_Bridges\masks_json
416181.0,2901.386865139008,2.409411764705882,0.9562982536764706,0.9785483106809356,0.5005049316797984,0.7230471902578043,0,frame_0016.tif,1,C:\Users\raglo\OneDrive - University of Arizona\Printz Lab\Data\Capillary_Bridges\My_better_CLB_videos\5-9\s1_tifs,C:\Users\raglo\OneDrive - University of Arizona\Printz Lab\Data\Capillary_Bridges\masks_json
10131.5,396.8944420814514,1.4831460674157304,0.8624021109976167,0.9902262620339148,0.0587509088705768,0.4304597188560349,1,frame_0016.tif,2,C:\Users\raglo\OneDrive - University of Arizona\Printz Lab\Data\Capillary_Bridges\My_better_CLB_videos\5-9\s1_tifs,C:\Users\raglo\OneDrive - University of Arizona\Printz Lab\Data\Capillary_Bridges\masks_json
747591.0,3863.4356341362,1.374496644295302,0.9799588401845638,0.9829203050560656,0.5050027429019668,0.5002084434153762,0,frame_0016.tif,3,C:\Users\raglo\OneDrive - University of Arizona\Printz Lab\Data\Capillary_Bridges\My_better_CLB_videos\5-9\s1_tifs,C:\Users\raglo\OneDrive - University of Arizona\Printz Lab\Data\Capillary_Bridges\masks_json
11200.0,468.4507911205292,1.811764705882353,0.8556149732620321,0.9568560444254592,0.929741045425681,0.4226201862719336,1,frame_0016.tif,4,C:\Users\raglo\OneDrive - University of Arizona\Printz Lab\Data\Capillary_Bridges\My_better_CLB_videos\5-9\s1_tifs,C:\Users\raglo\OneDrive - University of Arizona\Printz Lab\Data\Capillary_Bridges\masks_json
3432.5,226.06601524353027,1.0147058823529411,0.7315643648763853,0.9776416975220736,0.2924039976281506,0.282659492117436,0,frame_0016.tif,5,C:\Users\raglo\OneDrive - University of Arizona\Printz Lab\Data\Capillary_Bridges\My_better_CLB_videos\5-9\s1_tifs,C:\Users\raglo\OneDrive - University of Arizona\Printz Lab\Data\Capillary_Bridges\masks_json
9530.0,403.33809316158295,1.5714285714285714,0.8594877344877345,0.963307389062974,0.0597025438252392,0.5445937510717838,0,frame_0016.tif,6,C:\Users\raglo\OneDrive - University of Arizona\Printz Lab\Data\Capillary_Bridges\My_better_CLB_videos\5-9\s1_tifs,C:\Users\raglo\OneDrive - University of Arizona\Printz Lab\Data\Capillary_Bridges\masks_json
736.5,169.03657627105713,0.8064516129032258,0.2375806451612903,0.8275280898876405,0.8993764089707711,0.349575456053068,0,frame_0016.tif,7,C:\Users\raglo\OneDrive - University of Arizona\Printz Lab\Data\Capillary_Bridges\My_better_CLB_videos\5-9\s1_tifs,C:\Users\raglo\OneDrive - University of Arizona\Printz Lab\Data\Capillary_Bridges\masks_json
77.0,32.14213514328003,0.9090909090909092,0.7,1.0,0.0456330672554347,0.236,0,frame_0016.tif,8,C:\Users\raglo\OneDrive - University of Arizona\Printz Lab\Data\Capillary_Bridges\My_better_CLB_videos\5-9\s1_tifs,C:\Users\raglo\OneDrive - University of Arizona\Printz Lab\Data\Capillary_Bridges\masks_json
146.5,50.38477599620819,1.818181818181818,0.6659090909090909,0.9421221864951768,0.7393439797794118,0.5097882352941177,0,frame_0016.tif,9,C:\Users\raglo\OneDrive - University of Arizona\Printz Lab\Data\Capillary_Bridges\My_better_CLB_videos\5-9\s1_tifs,C:\Users\raglo\OneDrive - University of Arizona\Printz Lab\Data\Capillary_Bridges\masks_json
91.5,35.55634868144989,0.9166666666666666,0.6931818181818182,0.9891891891891892,0.4244791666666667,0.2063333333333333,0,frame_0016.tif,10,C:\Users\raglo\OneDrive - University of Arizona\Printz Lab\Data\Capillary_Bridges\My_better_CLB_videos\5-9\s1_tifs,C:\Users\raglo\OneDrive - University of Arizona\Printz Lab\Data\Capillary_Bridges\masks_json
93.0,36.14213514328003,1.0909090909090908,0.7045454545454546,0.9789473684210528,0.2367365056818181,0.664,0,frame_0016.tif,11,C:\Users\raglo\OneDrive - University of Arizona\Printz Lab\Data\Capillary_Bridges\My_better_CLB_videos\5-9\s1_tifs,C:\Users\raglo\OneDrive - University of Arizona\Printz Lab\Data\Capillary_Bridges\masks_json
48.0,27.313708305358887,1.25,0.6,0.9411764705882352,0.2354956454918032,0.5162185792349727,0,frame_0016.tif,12,C:\Users\raglo\OneDrive - University of Arizona\Printz Lab\Data\Capillary_Bridges\My_better_CLB_videos\5-9\s1_tifs,C:\Users\raglo\OneDrive - University of Arizona\Printz Lab\Data\Capillary_Bridges\masks_json
45.5,25.899494767189022,0.8888888888888888,0.6319444444444444,0.9578947368421052,0.2954606681034483,0.7023218390804599,0,frame_0016.tif,13,C:\Users\raglo\OneDrive - University of Arizona\Printz Lab\Data\Capillary_Bridges\My_better_CLB_videos\5-9\s1_tifs,C:\Users\raglo\OneDrive - University of Arizona\Printz Lab\Data\Capillary_Bridges\masks_json
55.0,27.313708305358887,1.25,0.6875,1.0,0.85888671875,0.89,0,frame_0016.tif,14,C:\Users\raglo\OneDrive - University of Arizona\Printz Lab\Data\Capillary_Bridges\My_better_CLB_videos\5-9\s1_tifs,C:\Users\raglo\OneDrive - University of Arizona\Printz Lab\Data\Capillary_Bridges\masks_json
57.0,29.313708305358887,1.1111111111111112,0.6333333333333333,0.9421487603305784,0.5766257702464789,0.6745915492957746,0,frame_0016.tif,15,C:\Users\raglo\OneDrive - University of Arizona\Printz Lab\Data\Capillary_Bridges\My_better_CLB_videos\5-9\s1_tifs,C:\Users\raglo\OneDrive - University of Arizona\Printz Lab\Data\Capillary_Bridges\masks_json
48.5,25.899494767189022,1.125,0.6736111111111112,0.9897959183673468,0.8908011014344263,0.0511693989071038,0,frame_0016.tif,16,C:\Users\raglo\OneDrive - University of Arizona\Printz Lab\Data\Capillary_Bridges\My_better_CLB_videos\5-9\s1_tifs,C:\Users\raglo\OneDrive - University of Arizona\Printz Lab\Data\Capillary_Bridges\masks_json
41.0,24.485281229019165,1.0,0.640625,0.9647058823529412,0.5766509433962265,0.674566037735849,0,frame_0016.tif,17,C:\Users\raglo\OneDrive - University of Arizona\Printz Lab\Data\Capillary_Bridges\My_better_CLB_videos\5-9\s1_tifs,C:\Users\raglo\OneDrive - University of Arizona\Printz Lab\Data\Capillary_Bridges\masks_json
417104.0,2893.102593421936,2.398126463700234,0.9539300351288056,0.9783376862805346,0.4999559387417327,0.7223598347820962,0,frame_0017.tif,0,C:\Users\raglo\OneDrive - University of Arizona\Printz Lab\Data\Capillary_Bridges\My_better_CLB_videos\5-9\s1_tifs,C:\Users\raglo\OneDrive - University of Arizona\Printz Lab\Data\Capillary_Bridges\masks_json
300349.0,2736.23967730999,3.282051282051282,0.9400947766426282,0.9730203416516294,0.495064604187462,0.2005782631236272,0,frame_0017.tif,1,C:\Users\raglo\OneDrive - University of Arizona\Printz Lab\Data\Capillary_Bridges\My_better_CLB_videos\5-9\s1_tifs,C:\Users\raglo\OneDrive - University of Arizona\Printz Lab\Data\Capillary_Bridges\masks_json
10607.0,406.3086562156677,1.4408602150537635,0.8511474883646285,0.9866976744186048,0.0601439468503937,0.4282881580978848,1,frame_0017.tif,2,C:\Users\raglo\OneDrive - University of Arizona\Printz Lab\Data\Capillary_Bridges\My_better_CLB_videos\5-9\s1_tifs,C:\Users\raglo\OneDrive - University of Arizona\Printz Lab\Data\Capillary_Bridges\masks_json
3266.5,214.89444255828855,1.0952380952380951,0.7514377731769036,0.9859643827346816,0.2929536320333432,0.2840746253845391,0,frame_0017.tif,3,C:\Users\raglo\OneDrive - University of Arizona\Printz Lab\Data\Capillary_Bridges\My_better_CLB_videos\5-9\s1_tifs,C:\Users\raglo\OneDrive - University of Arizona\Printz Lab\Data\Capillary_Bridges\masks_json
13467.5,524.0071406364441,1.9662921348314608,0.8646869983948635,0.9491841984705924,0.9185216368070752,0.4208138098711403,1,frame_0017.tif,4,C:\Users\raglo\OneDrive - University of Arizona\Printz Lab\Data\Capillary_Bridges\My_better_CLB_videos\5-9\s1_tifs,C:\Users\raglo\OneDrive - University of Arizona\Printz Lab\Data\Capillary_Bridges\masks_json
746695.5,3829.227483510971,1.3763440860215057,0.980100570186492,0.9824817979248944,0.5054784048519962,0.5000870218130735,0,frame_0017.tif,5,C:\Users\raglo\OneDrive - University of Arizona\Printz Lab\Data\Capillary_Bridges\My_better_CLB_videos\5-9\s1_tifs,C:\Users\raglo\OneDrive - University of Arizona\Printz Lab\Data\Capillary_Bridges\masks_json
9636.0,404.5096658468247,1.6341463414634143,0.8769566800145613,0.9711751662971176,0.0610539401205984,0.5453080941719248,0,frame_0017.tif,6,C:\Users\raglo\OneDrive - University of Arizona\Printz Lab\Data\Capillary_Bridges\My_better_CLB_videos\5-9\s1_tifs,C:\Users\raglo\OneDrive - University of Arizona\Printz Lab\Data\Capillary_Bridges\masks_json
724.0,167.62236416339874,0.7903225806451613,0.238314680710994,0.8255416191562144,0.8992041818109987,0.3496873156342183,0,frame_0017.tif,7,C:\Users\raglo\OneDrive - University of Arizona\Printz Lab\Data\Capillary_Bridges\My_better_CLB_videos\5-9\s1_tifs,C:\Users\raglo\OneDrive - University of Arizona\Printz Lab\Data\Capillary_Bridges\masks_json
98.5,37.55634891986847,1.0,0.6840277777777778,0.9704433497536946,0.424383755387931,0.2064597701149425,0,frame_0017.tif,8,C:\Users\raglo\OneDrive - University of Arizona\Printz Lab\Data\Capillary_Bridges\My_better_CLB_videos\5-9\s1_tifs,C:\Users\raglo\OneDrive - University of Arizona\Printz Lab\Data\Capillary_Bridges\masks_json
96.5,36.38477563858032,1.0,0.6701388888888888,0.9846938775510204,0.2366824529867256,0.664283185840708,0,frame_0017.tif,9,C:\Users\raglo\OneDrive - University of Arizona\Printz Lab\Data\Capillary_Bridges\My_better_CLB_videos\5-9\s1_tifs,C:\Users\raglo\OneDrive - University of Arizona\Printz Lab\Data\Capillary_Bridges\masks_json
74.5,33.55634891986847,1.0,0.6157024793388429,0.9430379746835444,0.0456380208333333,0.2364148148148148,0,frame_0017.tif,10,C:\Users\raglo\OneDrive - University of Arizona\Printz Lab\Data\Capillary_Bridges\My_better_CLB_videos\5-9\s1_tifs,C:\Users\raglo\OneDrive - University of Arizona\Printz Lab\Data\Capillary_Bridges\masks_json
138.0,49.79898941516876,1.818181818181818,0.6272727272727273,0.9355932203389832,0.7389484666149069,0.5096149068322982,0,frame_0017.tif,11,C:\Users\raglo\OneDrive - University of Arizona\Printz Lab\Data\Capillary_Bridges\My_better_CLB_videos\5-9\s1_tifs,C:\Users\raglo\OneDrive - University of Arizona\Printz Lab\Data\Capillary_Bridges\masks_json
42.5,25.071067690849304,1.2857142857142858,0.6746031746031746,0.9770114942528736,0.2354758522727272,0.5160242424242424,0,frame_0017.tif,12,C:\Users\raglo\OneDrive - University of Arizona\Printz Lab\Data\Capillary_Bridges\My_better_CLB_videos\5-9\s1_tifs,C:\Users\raglo\OneDrive - University of Arizona\Printz Lab\Data\Capillary_Bridges\masks_json
29.0,21.313708305358887,1.1428571428571428,0.5178571428571429,0.935483870967742,0.0593836548866461,0.4277541784520442,0,frame_0017.tif,13,C:\Users\raglo\OneDrive - University of Arizona\Printz Lab\Data\Capillary_Bridges\My_better_CLB_videos\5-9\s1_tifs,C:\Users\raglo\OneDrive - University of Arizona\Printz Lab\Data\Capillary_Bridges\masks_json
56.5,28.727921724319454,1.1111111111111112,0.6277777777777778,0.9576271186440678,0.2955915178571429,0.7027047619047619,0,frame_0017.tif,14,C:\Users\raglo\OneDrive - University of Arizona\Printz Lab\Data\Capillary_Bridges\My_better_CLB_videos\5-9\s1_tifs,C:\Users\raglo\OneDrive - University of Arizona\Printz Lab\Data\Capillary_Bridges\masks_json
52.5,27.899494767189022,1.0,0.6481481481481481,0.9545454545454546,0.5769116950757576,0.6742828282828283,0,frame_0017.tif,15,C:\Users\raglo\OneDrive - University of Arizona\Printz Lab\Data\Capillary_Bridges\My_better_CLB_videos\5-9\s1_tifs,C:\Users\raglo\OneDrive - University of Arizona\Printz Lab\Data\Capillary_Bridges\masks_json
42.0,24.485281229019165,1.0,0.65625,0.9767441860465116,0.29541015625,0.7024691358024692,0,frame_0017.tif,16,C:\Users\raglo\OneDrive - University of Arizona\Printz Lab\Data\Capillary_Bridges\My_better_CLB_videos\5-9\s1_tifs,C:\Users\raglo\OneDrive - University of Arizona\Printz Lab\Data\Capillary_Bridges\masks_json
49.5,25.899494767189022,1.125,0.6875,1.0,0.8592647429435484,0.8901290322580645,0,frame_0017.tif,17,C:\Users\raglo\OneDrive - University of Arizona\Printz Lab\Data\Capillary_Bridges\My_better_CLB_videos\5-9\s1_tifs,C:\Users\raglo\OneDrive - University of Arizona\Printz Lab\Data\Capillary_Bridges\masks_json
43.5,25.071067690849304,1.0,0.6796875,0.9886363636363636,0.8907819475446429,0.0513809523809523,0,frame_0017.tif,18,C:\Users\raglo\OneDrive - University of Arizona\Printz Lab\Data\Capillary_Bridges\My_better_CLB_videos\5-9\s1_tifs,C:\Users\raglo\OneDrive - University of Arizona\Printz Lab\Data\Capillary_Bridges\masks_json
417871.0,2915.5878751277924,2.392523364485981,0.953451281396028,0.9752107969091676,0.5008488788091144,0.7218537439947602,0,frame_0018.tif,0,C:\Users\raglo\OneDrive - University of Arizona\Printz Lab\Data\Capillary_Bridges\My_better_CLB_videos\5-9\s1_tifs,C:\Users\raglo\OneDrive - University of Arizona\Printz Lab\Data\Capillary_Bridges\masks_json
297063.5,2729.3107427358627,3.313915857605178,0.9388384278923948,0.971538692987448,0.4944604427352279,0.1986525702585012,0,frame_0018.tif,1,C:\Users\raglo\OneDrive - University of Arizona\Printz Lab\Data\Capillary_Bridges\My_better_CLB_videos\5-9\s1_tifs,C:\Users\raglo\OneDrive - University of Arizona\Printz Lab\Data\Capillary_Bridges\masks_json
11613.5,421.3797233104706,1.3636363636363635,0.8689487467265246,0.9912089787905944,0.060107554200542,0.4235853658536585,1,frame_0018.tif,2,C:\Users\raglo\OneDrive - University of Arizona\Printz Lab\Data\Capillary_Bridges\My_better_CLB_videos\5-9\s1_tifs,C:\Users\raglo\OneDrive - University of Arizona\Printz Lab\Data\Capillary_Bridges\masks_json
3285.5,215.72287011146545,1.078125,0.7439990942028986,0.9873779113448536,0.2926770532674659,0.2842348529701993,0,frame_0018.tif,3,C:\Users\raglo\OneDrive - University of Arizona\Printz Lab\Data\Capillary_Bridges\My_better_CLB_videos\5-9\s1_tifs,C:\Users\raglo\OneDrive - University of Arizona\Printz Lab\Data\Capillary_Bridges\masks_json
746470.5,3837.0853474140167,1.374496644295302,0.9784900639681208,0.9814477353496868,0.5062137180086147,0.5003985765759975,0,frame_0018.tif,4,C:\Users\raglo\OneDrive - University of Arizona\Printz Lab\Data\Capillary_Bridges\My_better_CLB_videos\5-9\s1_tifs,C:\Users\raglo\OneDrive - University of Arizona\Printz Lab\Data\Capillary_Bridges\masks_json
9700.0,406.852812051773,1.6790123456790125,0.8805374001452433,0.9719438877755512,0.062184483041852,0.5448870467718021,0,frame_0018.tif,5,C:\Users\raglo\OneDrive - University of Arizona\Printz Lab\Data\Capillary_Bridges\My_better_CLB_videos\5-9\s1_tifs,C:\Users\raglo\OneDrive - University of Arizona\Printz Lab\Data\Capillary_Bridges\masks_json
716.0,167.62236273288727,0.819672131147541,0.2347540983606557,0.817351598173516,0.8991471603607918,0.3493163048105577,0,frame_0018.tif,6,C:\Users\raglo\OneDrive - University of Arizona\Printz Lab\Data\Capillary_Bridges\My_better_CLB_videos\5-9\s1_tifs,C:\Users\raglo\OneDrive - University of Arizona\Printz Lab\Data\Capillary_Bridges\masks_json
77.5,32.72792172431946,0.9090909090909092,0.7045454545454546,0.9872611464968152,0.0454994119623655,0.2361433691756272,0,frame_0018.tif,7,C:\Users\raglo\OneDrive - University of Arizona\Printz Lab\Data\Capillary_Bridges\My_better_CLB_videos\5-9\s1_tifs,C:\Users\raglo\OneDrive - University of Arizona\Printz Lab\Data\Capillary_Bridges\masks_json
119.5,46.72792184352875,2.111111111111111,0.6988304093567251,0.952191235059761,0.738982724471831,0.50962441314554,0,frame_0018.tif,8,C:\Users\raglo\OneDrive - University of Arizona\Printz Lab\Data\Capillary_Bridges\My_better_CLB_videos\5-9\s1_tifs,C:\Users\raglo\OneDrive - University of Arizona\Printz Lab\Data\Capillary_Bridges\masks_json
97.5,37.55634880065918,1.0,0.6770833333333334,0.9653465346534652,0.2368036684782608,0.6641507246376811,0,frame_0018.tif,9,C:\Users\raglo\OneDrive - University of Arizona\Printz Lab\Data\Capillary_Bridges\My_better_CLB_videos\5-9\s1_tifs,C:\Users\raglo\OneDrive - University of Arizona\Printz Lab\Data\Capillary_Bridges\masks_json
90.5,35.55634891986847,0.9166666666666666,0.6856060606060606,0.9783783783783784,0.4246677862149532,0.2056947040498442,0,frame_0018.tif,10,C:\Users\raglo\OneDrive - University of Arizona\Printz Lab\Data\Capillary_Bridges\My_better_CLB_videos\5-9\s1_tifs,C:\Users\raglo\OneDrive - University of Arizona\Printz Lab\Data\Capillary_Bridges\masks_json
40.0,24.485281229019165,1.2857142857142858,0.6349206349206349,0.963855421686747,0.235576923076923,0.515974358974359,0,frame_0018.tif,11,C:\Users\raglo\OneDrive - University of Arizona\Printz Lab\Data\Capillary_Bridges\My_better_CLB_videos\5-9\s1_tifs,C:\Users\raglo\OneDrive - University of Arizona\Printz Lab\Data\Capillary_Bridges\masks_json
48.5,26.727921724319454,1.0,0.5987654320987654,0.9509803921568628,0.2955142161885246,0.7026229508196722,0,frame_0018.tif,12,C:\Users\raglo\OneDrive - University of Arizona\Printz Lab\Data\Capillary_Bridges\My_better_CLB_videos\5-9\s1_tifs,C:\Users\raglo\OneDrive - University of Arizona\Printz Lab\Data\Capillary_Bridges\masks_json
38.0,23.656854152679443,1.1428571428571428,0.6785714285714286,0.9743589743589745,0.29552734375,0.7026933333333333,0,frame_0018.tif,13,C:\Users\raglo\OneDrive - University of Arizona\Printz Lab\Data\Capillary_Bridges\My_better_CLB_videos\5-9\s1_tifs,C:\Users\raglo\OneDrive - University of Arizona\Printz Lab\Data\Capillary_Bridges\masks_json
56.5,28.727921843528748,1.1111111111111112,0.6277777777777778,0.9576271186440678,0.5768973214285714,0.6745904761904762,0,frame_0018.tif,14,C:\Users\raglo\OneDrive - University of Arizona\Printz Lab\Data\Capillary_Bridges\My_better_CLB_videos\5-9\s1_tifs,C:\Users\raglo\OneDrive - University of Arizona\Printz Lab\Data\Capillary_Bridges\masks_json
52.0,27.313708305358887,1.25,0.65,0.97196261682243,0.8590895432692308,0.8900307692307693,0,frame_0018.tif,15,C:\Users\raglo\OneDrive - University of Arizona\Printz Lab\Data\Capillary_Bridges\My_better_CLB_videos\5-9\s1_tifs,C:\Users\raglo\OneDrive - University of Arizona\Printz Lab\Data\Capillary_Bridges\masks_json
41.0,24.485281229019165,1.2857142857142858,0.6507936507936508,0.9761904761904762,0.5767430719339622,0.6746666666666666,0,frame_0018.tif,16,C:\Users\raglo\OneDrive - University of Arizona\Printz Lab\Data\Capillary_Bridges\My_better_CLB_videos\5-9\s1_tifs,C:\Users\raglo\OneDrive - University of Arizona\Printz Lab\Data\Capillary_Bridges\masks_json
43.5,25.899494767189022,1.4285714285714286,0.6214285714285714,0.956043956043956,0.1440604073660714,0.4866190476190476,0,frame_0018.tif,17,C:\Users\raglo\OneDrive - University of Arizona\Printz Lab\Data\Capillary_Bridges\My_better_CLB_videos\5-9\s1_tifs,C:\Users\raglo\OneDrive - University of Arizona\Printz Lab\Data\Capillary_Bridges\masks_json
417045.0,2905.2447279691696,2.386946386946387,0.9493485030594404,0.9735614380542076,0.4990535187512098,0.7223638633124873,0,frame_0019.tif,0,C:\Users\raglo\OneDrive - University of Arizona\Printz Lab\Data\Capillary_Bridges\My_better_CLB_videos\5-9\s1_tifs,C:\Users\raglo\OneDrive - University of Arizona\Printz Lab\Data\Capillary_Bridges\masks_json
298383.5,2752.2468152046204,3.220125786163522,0.9163211846501572,0.968229039067152,0.4927953087874343,0.200080202542009,0,frame_0019.tif,1,C:\Users\raglo\OneDrive - University of Arizona\Printz Lab\Data\Capillary_Bridges\My_better_CLB_videos\5-9\s1_tifs,C:\Users\raglo\OneDrive - University of Arizona\Printz Lab\Data\Capillary_Bridges\masks_json
12145.0,431.6223644018173,1.3173076923076923,0.852400336889388,0.9869570517248384,0.0612747874726587,0.4210626485201987,1,frame_0019.tif,2,C:\Users\raglo\OneDrive - University of Arizona\Printz Lab\Data\Capillary_Bridges\My_better_CLB_videos\5-9\s1_tifs,C:\Users\raglo\OneDrive - University of Arizona\Printz Lab\Data\Capillary_Bridges\masks_json
3318.5,218.06601548194885,1.078125,0.7514719202898551,0.9851565978922368,0.2927922076435687,0.2837718527199922,0,frame_0019.tif,3,C:\Users\raglo\OneDrive - University of Arizona\Printz Lab\Data\Capillary_Bridges\My_better_CLB_videos\5-9\s1_tifs,C:\Users\raglo\OneDrive - University of Arizona\Printz Lab\Data\Capillary_Bridges\masks_json
0.0,0.0,1.0,0.0,0.0,0.5066404734907202,0.5000655834217994,0,frame_0019.tif,4,C:\Users\raglo\OneDrive - University of Arizona\Printz Lab\Data\Capillary_Bridges\My_better_CLB_videos\5-9\s1_tifs,C:\Users\raglo\OneDrive - University of Arizona\Printz Lab\Data\Capillary_Bridges\masks_json
19171.0,653.9898954629898,1.935185185185185,0.8493265993265994,0.9514380009429514,0.9027050831407292,0.4142448210922787,1,frame_0019.tif,5,C:\Users\raglo\OneDrive - University of Arizona\Printz Lab\Data\Capillary_Bridges\My_better_CLB_videos\5-9\s1_tifs,C:\Users\raglo\OneDrive - University of Arizona\Printz Lab\Data\Capillary_Bridges\masks_json
723.5,167.37972378730774,0.8032786885245902,0.2420541987286718,0.8320874065554916,0.8990572653286979,0.3489995785924989,0,frame_0019.tif,6,C:\Users\raglo\OneDrive - University of Arizona\Printz Lab\Data\Capillary_Bridges\My_better_CLB_videos\5-9\s1_tifs,C:\Users\raglo\OneDrive - University of Arizona\Printz Lab\Data\Capillary_Bridges\masks_json
122.0,48.14213538169861,2.2222222222222223,0.6777777777777778,0.942084942084942,0.7392308728448276,0.5095999999999999,0,frame_0019.tif,7,C:\Users\raglo\OneDrive - University of Arizona\Printz Lab\Data\Capillary_Bridges\My_better_CLB_videos\5-9\s1_tifs,C:\Users\raglo\OneDrive - University of Arizona\Printz Lab\Data\Capillary_Bridges\masks_json
76.5,32.72792172431946,0.9090909090909092,0.6954545454545454,0.9807692307692308,0.0454526154891304,0.2361014492753623,0,frame_0019.tif,8,C:\Users\raglo\OneDrive - University of Arizona\Printz Lab\Data\Capillary_Bridges\My_better_CLB_videos\5-9\s1_tifs,C:\Users\raglo\OneDrive - University of Arizona\Printz Lab\Data\Capillary_Bridges\masks_json
97.0,37.79898953437805,1.0833333333333333,0.6217948717948718,0.955665024630542,0.2364994517543859,0.6643040935672514,0,frame_0019.tif,9,C:\Users\raglo\OneDrive - University of Arizona\Printz Lab\Data\Capillary_Bridges\My_better_CLB_videos\5-9\s1_tifs,C:\Users\raglo\OneDrive - University of Arizona\Printz Lab\Data\Capillary_Bridges\masks_json
91.0,36.97056245803833,1.0,0.6319444444444444,0.9430051813471504,0.4244429976851852,0.206,0,frame_0019.tif,10,C:\Users\raglo\OneDrive - University of Arizona\Printz Lab\Data\Capillary_Bridges\My_better_CLB_videos\5-9\s1_tifs,C:\Users\raglo\OneDrive - University of Arizona\Printz Lab\Data\Capillary_Bridges\masks_json
44.0,25.656854152679443,1.2857142857142858,0.6984126984126984,0.9777777777777776,0.2353515625,0.516140350877193,0,frame_0019.tif,11,C:\Users\raglo\OneDrive - University of Arizona\Printz Lab\Data\Capillary_Bridges\My_better_CLB_videos\5-9\s1_tifs,C:\Users\raglo\OneDrive - University of Arizona\Printz Lab\Data\Capillary_Bridges\masks_json
54.5,28.727921843528748,1.375,0.6193181818181818,0.956140350877193,0.2355813419117647,0.5163529411764706,0,frame_0019.tif,12,C:\Users\raglo\OneDrive - University of Arizona\Printz Lab\Data\Capillary_Bridges\My_better_CLB_videos\5-9\s1_tifs,C:\Users\raglo\OneDrive - University of Arizona\Printz Lab\Data\Capillary_Bridges\masks_json
74.5,31.899494767189022,1.0,0.745,1.0,0.4244032118055555,0.2061185185185185,0,frame_0019.tif,13,C:\Users\raglo\OneDrive - University of Arizona\Printz Lab\Data\Capillary_Bridges\My_better_CLB_videos\5-9\s1_tifs,C:\Users\raglo\OneDrive - University of Arizona\Printz Lab\Data\Capillary_Bridges\masks_json
51.0,27.313708305358887,1.0,0.6296296296296297,0.9532710280373832,0.29571533203125,0.7028125,0,frame_0019.tif,14,C:\Users\raglo\OneDrive - University of Arizona\Printz Lab\Data\Capillary_Bridges\My_better_CLB_videos\5-9\s1_tifs,C:\Users\raglo\OneDrive - University of Arizona\Printz Lab\Data\Capillary_Bridges\masks_json
54.5,28.727921843528748,1.1111111111111112,0.6055555555555555,0.9396551724137931,0.5764590992647058,0.6749607843137255,0,frame_0019.tif,15,C:\Users\raglo\OneDrive - University of Arizona\Printz Lab\Data\Capillary_Bridges\My_better_CLB_videos\5-9\s1_tifs,C:\Users\raglo\OneDrive - University of Arizona\Printz Lab\Data\Capillary_Bridges\masks_json
50.5,26.727921843528748,1.25,0.63125,0.9805825242718448,0.8591889880952381,0.8901587301587301,0,frame_0019.tif,16,C:\Users\raglo\OneDrive - University of Arizona\Printz Lab\Data\Capillary_Bridges\My_better_CLB_videos\5-9\s1_tifs,C:\Users\raglo\OneDrive - University of Arizona\Printz Lab\Data\Capillary_Bridges\masks_json
42.0,24.485281229019165,1.0,0.65625,0.9767441860465116,0.5765697337962963,0.6750123456790124,0,frame_0019.tif,17,C:\Users\raglo\OneDrive - University of Arizona\Printz Lab\Data\Capillary_Bridges\My_better_CLB_videos\5-9\s1_tifs,C:\Users\raglo\OneDrive - University of Arizona\Printz Lab\Data\Capillary_Bridges\masks_json
52.0,27.313708305358887,1.25,0.65,0.97196261682243,0.1441105769230769,0.4860717948717949,0,frame_0019.tif,18,C:\Users\raglo\OneDrive - University of Arizona\Printz Lab\Data\Capillary_Bridges\My_better_CLB_videos\5-9\s1_tifs,C:\Users\raglo\OneDrive - University of Arizona\Printz Lab\Data\Capillary_Bridges\masks_json
417394.5,2893.2030985355377,2.3813953488372093,0.9479344567587208,0.9738976134060848,0.498536135587289,0.7221005642972549,0,frame_0020.tif,0,C:\Users\raglo\OneDrive - University of Arizona\Printz Lab\Data\Capillary_Bridges\My_better_CLB_videos\5-9\s1_tifs,C:\Users\raglo\OneDrive - University of Arizona\Printz Lab\Data\Capillary_Bridges\masks_json
289140.5,2710.766587495804,3.240506329113924,0.8935562326938291,0.9520407894476896,0.4913643025756665,0.1939597111626427,0,frame_0020.tif,1,C:\Users\raglo\OneDrive - University of Arizona\Printz Lab\Data\Capillary_Bridges\My_better_CLB_videos\5-9\s1_tifs,C:\Users\raglo\OneDrive - University of Arizona\Printz Lab\Data\Capillary_Bridges\masks_json
3240.0,213.480229139328,1.0793650793650793,0.7563025210084033,0.9878048780487804,0.2927005763242797,0.283921568627451,0,frame_0020.tif,2,C:\Users\raglo\OneDrive - University of Arizona\Printz Lab\Data\Capillary_Bridges\My_better_CLB_videos\5-9\s1_tifs,C:\Users\raglo\OneDrive - University of Arizona\Printz Lab\Data\Capillary_Bridges\masks_json
12699.0,441.62236416339874,1.3113207547169812,0.8618840776435456,0.9882874820031908,0.0625288359538479,0.4185690149577617,1,frame_0020.tif,3,C:\Users\raglo\OneDrive - University of Arizona\Printz Lab\Data\Capillary_Bridges\My_better_CLB_videos\5-9\s1_tifs,C:\Users\raglo\OneDrive - University of Arizona\Printz Lab\Data\Capillary_Bridges\masks_json
10741.0,429.68123960495,1.5909090909090908,0.8718344155844155,0.9708500926469924,0.0634579128689236,0.5499444444444445,0,frame_0020.tif,4,C:\Users\raglo\OneDrive - University of Arizona\Printz Lab\Data\Capillary_Bridges\My_better_CLB_videos\5-9\s1_tifs,C:\Users\raglo\OneDrive - University of Arizona\Printz Lab\Data\Capillary_Bridges\masks_json
721.5,167.0365788936615,0.819672131147541,0.2365573770491803,0.8293103448275863,0.8989505671002538,0.3485956006768189,0,frame_0020.tif,5,C:\Users\raglo\OneDrive - University of Arizona\Printz Lab\Data\Capillary_Bridges\My_better_CLB_videos\5-9\s1_tifs,C:\Users\raglo\OneDrive - University of Arizona\Printz Lab\Data\Capillary_Bridges\masks_json
76.5,32.72792172431946,0.9090909090909092,0.6954545454545454,0.9807692307692308,0.0454738451086956,0.2362173913043478,0,frame_0020.tif,6,C:\Users\raglo\OneDrive - University of Arizona\Printz Lab\Data\Capillary_Bridges\My_better_CLB_videos\5-9\s1_tifs,C:\Users\raglo\OneDrive - University of Arizona\Printz Lab\Data\Capillary_Bridges\masks_json
13.5,15.071067690849304,0.8333333333333334,0.45,0.9,0.5055681812684901,0.5007561113283256,0,frame_0020.tif,7,C:\Users\raglo\OneDrive - University of Arizona\Printz Lab\Data\Capillary_Bridges\My_better_CLB_videos\5-9\s1_tifs,C:\Users\raglo\OneDrive - University of Arizona\Printz Lab\Data\Capillary_Bridges\masks_json
90.5,36.3847758769989,1.0,0.6284722222222222,0.9526315789473684,0.4242753358644859,0.2062180685358255,0,frame_0020.tif,8,C:\Users\raglo\OneDrive - University of Arizona\Printz Lab\Data\Capillary_Bridges\My_better_CLB_videos\5-9\s1_tifs,C:\Users\raglo\OneDrive - University of Arizona\Printz Lab\Data\Capillary_Bridges\masks_json
146.5,50.38477599620819,2.1,0.6976190476190476,0.960655737704918,0.7394129136029411,0.5099372549019607,0,frame_0020.tif,9,C:\Users\raglo\OneDrive - University of Arizona\Printz Lab\Data\Capillary_Bridges\My_better_CLB_videos\5-9\s1_tifs,C:\Users\raglo\OneDrive - University of Arizona\Printz Lab\Data\Capillary_Bridges\masks_json
97.5,37.55634880065918,1.0,0.6770833333333334,0.9653465346534652,0.2368036684782608,0.6641507246376811,0,frame_0020.tif,10,C:\Users\raglo\OneDrive - University of Arizona\Printz Lab\Data\Capillary_Bridges\My_better_CLB_videos\5-9\s1_tifs,C:\Users\raglo\OneDrive - University of Arizona\Printz Lab\Data\Capillary_Bridges\masks_json
59.0,29.313708305358887,1.1111111111111112,0.6555555555555556,0.959349593495935,0.2954703553082192,0.7024292237442922,0,frame_0020.tif,11,C:\Users\raglo\OneDrive - University of Arizona\Printz Lab\Data\Capillary_Bridges\My_better_CLB_videos\5-9\s1_tifs,C:\Users\raglo\OneDrive - University of Arizona\Printz Lab\Data\Capillary_Bridges\masks_json
43.0,25.656854152679443,1.2857142857142858,0.6825396825396826,0.9662921348314608,0.2354038783482142,0.5160714285714286,0,frame_0020.tif,12,C:\Users\raglo\OneDrive - University of Arizona\Printz Lab\Data\Capillary_Bridges\My_better_CLB_videos\5-9\s1_tifs,C:\Users\raglo\OneDrive - University of Arizona\Printz Lab\Data\Capillary_Bridges\masks_json
44.5,25.071067690849304,1.0,0.6953125,0.9888888888888888,0.2954701206140351,0.7022222222222222,0,frame_0020.tif,13,C:\Users\raglo\OneDrive - University of Arizona\Printz Lab\Data\Capillary_Bridges\My_better_CLB_videos\5-9\s1_tifs,C:\Users\raglo\OneDrive - University of Arizona\Printz Lab\Data\Capillary_Bridges\masks_json
51.0,27.313708305358887,1.25,0.6375,0.9622641509433962,0.8589935302734375,0.8901458333333333,0,frame_0020.tif,14,C:\Users\raglo\OneDrive - University of Arizona\Printz Lab\Data\Capillary_Bridges\My_better_CLB_videos\5-9\s1_tifs,C:\Users\raglo\OneDrive - University of Arizona\Printz Lab\Data\Capillary_Bridges\masks_json
51.5,27.899494767189022,1.0,0.6358024691358025,0.944954128440367,0.5769381009615384,0.6743179487179487,0,frame_0020.tif,15,C:\Users\raglo\OneDrive - University of Arizona\Printz Lab\Data\Capillary_Bridges\My_better_CLB_videos\5-9\s1_tifs,C:\Users\raglo\OneDrive - University of Arizona\Printz Lab\Data\Capillary_Bridges\masks_json
417017.5,2883.889389395714,2.3758700696055683,0.9448808639066124,0.9739064738708588,0.4979773512557357,0.722255947231317,0,frame_0021.tif,0,C:\Users\raglo\OneDrive - University of Arizona\Printz Lab\Data\Capillary_Bridges\My_better_CLB_videos\5-9\s1_tifs,C:\Users\raglo\OneDrive - University of Arizona\Printz Lab\Data\Capillary_Bridges\masks_json
290353.5,2735.8204094171524,3.240506329113924,0.8973048729232594,0.9563370771713712,0.4893929699986795,0.1954321770168085,0,frame_0021.tif,1,C:\Users\raglo\OneDrive - University of Arizona\Printz Lab\Data\Capillary_Bridges\My_better_CLB_videos\5-9\s1_tifs,C:\Users\raglo\OneDrive - University of Arizona\Printz Lab\Data\Capillary_Bridges\masks_json
13769.5,455.8650043010712,1.236842105263158,0.8566318277964414,0.988939562609976,0.0627759243115164,0.4143596566523606,1,frame_0021.tif,2,C:\Users\raglo\OneDrive - University of Arizona\Printz Lab\Data\Capillary_Bridges\My_better_CLB_videos\5-9\s1_tifs,C:\Users\raglo\OneDrive - University of Arizona\Printz Lab\Data\Capillary_Bridges\masks_json
3477.5,231.2375885248184,0.9857142857142858,0.7199792960662525,0.9673157162726008,0.2919507129260967,0.2816220545776288,0,frame_0021.tif,3,C:\Users\raglo\OneDrive - University of Arizona\Printz Lab\Data\Capillary_Bridges\My_better_CLB_videos\5-9\s1_tifs,C:\Users\raglo\OneDrive - University of Arizona\Printz Lab\Data\Capillary_Bridges\masks_json
10648.0,427.53910434246063,1.6588235294117648,0.8884438881935753,0.9698515347481556,0.0647341611857261,0.5492891018552648,0,frame_0021.tif,4,C:\Users\raglo\OneDrive - University of Arizona\Printz Lab\Data\Capillary_Bridges\My_better_CLB_videos\5-9\s1_tifs,C:\Users\raglo\OneDrive - University of Arizona\Printz Lab\Data\Capillary_Bridges\masks_json
18.5,17.41421353816986,0.8333333333333334,0.6166666666666667,0.9736842105263158,0.5059208507347458,0.5006079302860243,0,frame_0021.tif,5,C:\Users\raglo\OneDrive - University of Arizona\Printz Lab\Data\Capillary_Bridges\My_better_CLB_videos\5-9\s1_tifs,C:\Users\raglo\OneDrive - University of Arizona\Printz Lab\Data\Capillary_Bridges\masks_json
704.5,167.37972331047058,0.8032786885245902,0.2356975577116092,0.8210955710955711,0.8988144632448186,0.3489550949913644,0,frame_0021.tif,6,C:\Users\raglo\OneDrive - University of Arizona\Printz Lab\Data\Capillary_Bridges\My_better_CLB_videos\5-9\s1_tifs,C:\Users\raglo\OneDrive - University of Arizona\Printz Lab\Data\Capillary_Bridges\masks_json
98.5,37.55634880065918,1.0,0.6840277777777778,0.9704433497536946,0.4247120824353448,0.2058620689655172,0,frame_0021.tif,7,C:\Users\raglo\OneDrive - University of Arizona\Printz Lab\Data\Capillary_Bridges\My_better_CLB_videos\5-9\s1_tifs,C:\Users\raglo\OneDrive - University of Arizona\Printz Lab\Data\Capillary_Bridges\masks_json
124.0,47.31370830535889,2.111111111111111,0.7251461988304093,0.953846153846154,0.7391581632653061,0.5095510204081632,0,frame_0021.tif,8,C:\Users\raglo\OneDrive - University of Arizona\Printz Lab\Data\Capillary_Bridges\My_better_CLB_videos\5-9\s1_tifs,C:\Users\raglo\OneDrive - University of Arizona\Printz Lab\Data\Capillary_Bridges\masks_json
92.5,36.3847758769989,1.0,0.6423611111111112,0.9635416666666666,0.2366775372706422,0.6644648318042813,0,frame_0021.tif,9,C:\Users\raglo\OneDrive - University of Arizona\Printz Lab\Data\Capillary_Bridges\My_better_CLB_videos\5-9\s1_tifs,C:\Users\raglo\OneDrive - University of Arizona\Printz Lab\Data\Capillary_Bridges\masks_json
43.0,25.656854152679443,1.2857142857142858,0.6825396825396826,0.9662921348314608,0.2354038783482142,0.5160714285714286,0,frame_0021.tif,10,C:\Users\raglo\OneDrive - University of Arizona\Printz Lab\Data\Capillary_Bridges\My_better_CLB_videos\5-9\s1_tifs,C:\Users\raglo\OneDrive - University of Arizona\Printz Lab\Data\Capillary_Bridges\masks_json
67.5,30.727921843528748,1.0,0.675,0.9782608695652174,0.2366496760670731,0.6643902439024391,0,frame_0021.tif,11,C:\Users\raglo\OneDrive - University of Arizona\Printz Lab\Data\Capillary_Bridges\My_better_CLB_videos\5-9\s1_tifs,C:\Users\raglo\OneDrive - University of Arizona\Printz Lab\Data\Capillary_Bridges\masks_json
53.0,28.14213538169861,1.1111111111111112,0.5888888888888889,0.9464285714285714,0.2355143229166666,0.5160606060606061,0,frame_0021.tif,12,C:\Users\raglo\OneDrive - University of Arizona\Printz Lab\Data\Capillary_Bridges\My_better_CLB_videos\5-9\s1_tifs,C:\Users\raglo\OneDrive - University of Arizona\Printz Lab\Data\Capillary_Bridges\masks_json
62.5,29.899494767189022,1.1111111111111112,0.6944444444444444,0.9765625,0.0455686891233766,0.236069264069264,0,frame_0021.tif,13,C:\Users\raglo\OneDrive - University of Arizona\Printz Lab\Data\Capillary_Bridges\My_better_CLB_videos\5-9\s1_tifs,C:\Users\raglo\OneDrive - University of Arizona\Printz Lab\Data\Capillary_Bridges\masks_json
55.0,27.313708305358887,1.0,0.6790123456790124,0.990990990990991,0.2958697150735294,0.7025882352941177,0,frame_0021.tif,14,C:\Users\raglo\OneDrive - University of Arizona\Printz Lab\Data\Capillary_Bridges\My_better_CLB_videos\5-9\s1_tifs,C:\Users\raglo\OneDrive - University of Arizona\Printz Lab\Data\Capillary_Bridges\masks_json
111.5,40.3847758769989,1.1666666666666667,0.6636904761904762,0.961206896551724,0.6039438100961538,0.2082461538461538,0,frame_0021.tif,15,C:\Users\raglo\OneDrive - University of Arizona\Printz Lab\Data\Capillary_Bridges\My_better_CLB_videos\5-9\s1_tifs,C:\Users\raglo\OneDrive - University of Arizona\Printz Lab\Data\Capillary_Bridges\masks_json
39.0,23.656854152679443,1.1428571428571428,0.6964285714285714,0.9873417721518988,0.295477175245098,0.7026143790849674,0,frame_0021.tif,16,C:\Users\raglo\OneDrive - University of Arizona\Printz Lab\Data\Capillary_Bridges\My_better_CLB_videos\5-9\s1_tifs,C:\Users\raglo\OneDrive - University of Arizona\Printz Lab\Data\Capillary_Bridges\masks_json
62.0,29.313708305358887,1.1111111111111112,0.6888888888888889,0.984126984126984,0.5767501027960527,0.6745614035087719,0,frame_0021.tif,17,C:\Users\raglo\OneDrive - University of Arizona\Printz Lab\Data\Capillary_Bridges\My_better_CLB_videos\5-9\s1_tifs,C:\Users\raglo\OneDrive - University of Arizona\Printz Lab\Data\Capillary_Bridges\masks_json
48.0,26.485281229019165,1.125,0.6666666666666666,0.9696969696969696,0.8587826588114754,0.890120218579235,0,frame_0021.tif,18,C:\Users\raglo\OneDrive - University of Arizona\Printz Lab\Data\Capillary_Bridges\My_better_CLB_videos\5-9\s1_tifs,C:\Users\raglo\OneDrive - University of Arizona\Printz Lab\Data\Capillary_Bridges\masks_json
417795.5,2909.4284932613373,2.3648960739030023,0.9422711731379908,0.973133719982298,0.4977484817440272,0.7215738005780921,0,frame_0022.tif,0,C:\Users\raglo\OneDrive - University of Arizona\Printz Lab\Data\Capillary_Bridges\My_better_CLB_videos\5-9\s1_tifs,C:\Users\raglo\OneDrive - University of Arizona\Printz Lab\Data\Capillary_Bridges\masks_json
14454.5,466.208150267601,1.2327586206896552,0.8713829274174102,0.9927882138809712,0.0634820207594915,0.4107669097766568,1,frame_0022.tif,1,C:\Users\raglo\OneDrive - University of Arizona\Printz Lab\Data\Capillary_Bridges\My_better_CLB_videos\5-9\s1_tifs,C:\Users\raglo\OneDrive - University of Arizona\Printz Lab\Data\Capillary_Bridges\masks_json
0.0,2.0,2.0,0.0,0.0,0.4895421575785243,0.194272611318322,0,frame_0022.tif,2,C:\Users\raglo\OneDrive - University of Arizona\Printz Lab\Data\Capillary_Bridges\My_better_CLB_videos\5-9\s1_tifs,C:\Users\raglo\OneDrive - University of Arizona\Printz Lab\Data\Capillary_Bridges\masks_json
3254.5,213.2375880479813,1.096774193548387,0.7719402277039848,0.9889091461561836,0.2927391250560203,0.2835705607011253,0,frame_0022.tif,3,C:\Users\raglo\OneDrive - University of Arizona\Printz Lab\Data\Capillary_Bridges\My_better_CLB_videos\5-9\s1_tifs,C:\Users\raglo\OneDrive - University of Arizona\Printz Lab\Data\Capillary_Bridges\masks_json
26084.0,793.102593421936,2.1271186440677967,0.880680667161861,0.9588824556566492,0.882044520438691,0.404183908045977,1,frame_0022.tif,4,C:\Users\raglo\OneDrive - University of Arizona\Printz Lab\Data\Capillary_Bridges\My_better_CLB_videos\5-9\s1_tifs,C:\Users\raglo\OneDrive - University of Arizona\Printz Lab\Data\Capillary_Bridges\masks_json
10876.5,440.4091614484787,1.625,0.8643118245390973,0.9657269700332964,0.0652379524102228,0.5499946464555325,0,frame_0022.tif,5,C:\Users\raglo\OneDrive - University of Arizona\Printz Lab\Data\Capillary_Bridges\My_better_CLB_videos\5-9\s1_tifs,C:\Users\raglo\OneDrive - University of Arizona\Printz Lab\Data\Capillary_Bridges\masks_json
702.0,167.6223647594452,0.7903225806451613,0.2310730743910467,0.8244274809160306,0.8988629205949284,0.3491374078890333,0,frame_0022.tif,6,C:\Users\raglo\OneDrive - University of Arizona\Printz Lab\Data\Capillary_Bridges\My_better_CLB_videos\5-9\s1_tifs,C:\Users\raglo\OneDrive - University of Arizona\Printz Lab\Data\Capillary_Bridges\masks_json
110.0,39.79898953437805,1.0,0.650887573964497,0.960698689956332,0.2369461059570312,0.6639583333333333,0,frame_0022.tif,7,C:\Users\raglo\OneDrive - University of Arizona\Printz Lab\Data\Capillary_Bridges\My_better_CLB_videos\5-9\s1_tifs,C:\Users\raglo\OneDrive - University of Arizona\Printz Lab\Data\Capillary_Bridges\masks_json
144.5,50.3847758769989,2.1,0.6880952380952381,0.956953642384106,0.7391299293154762,0.5096825396825396,0,frame_0022.tif,8,C:\Users\raglo\OneDrive - University of Arizona\Printz Lab\Data\Capillary_Bridges\My_better_CLB_videos\5-9\s1_tifs,C:\Users\raglo\OneDrive - University of Arizona\Printz Lab\Data\Capillary_Bridges\masks_json
61.5,29.899494767189022,1.1111111111111112,0.6833333333333333,0.968503937007874,0.0456028988486842,0.2361403508771929,0,frame_0022.tif,9,C:\Users\raglo\OneDrive - University of Arizona\Printz Lab\Data\Capillary_Bridges\My_better_CLB_videos\5-9\s1_tifs,C:\Users\raglo\OneDrive - University of Arizona\Printz Lab\Data\Capillary_Bridges\masks_json
58.0,29.313708305358887,1.1111111111111112,0.6444444444444445,0.9508196721311476,0.2954237196180556,0.7025185185185185,0,frame_0022.tif,10,C:\Users\raglo\OneDrive - University of Arizona\Printz Lab\Data\Capillary_Bridges\My_better_CLB_videos\5-9\s1_tifs,C:\Users\raglo\OneDrive - University of Arizona\Printz Lab\Data\Capillary_Bridges\masks_json
40.0,23.656854152679443,1.1428571428571428,0.7142857142857143,1.0,0.29541015625,0.7026666666666667,0,frame_0022.tif,11,C:\Users\raglo\OneDrive - University of Arizona\Printz Lab\Data\Capillary_Bridges\My_better_CLB_videos\5-9\s1_tifs,C:\Users\raglo\OneDrive - University of Arizona\Printz Lab\Data\Capillary_Bridges\masks_json
41.5,25.071067690849304,1.2857142857142858,0.6587301587301587,0.9651162790697676,0.2354239004629629,0.5159506172839506,0,frame_0022.tif,12,C:\Users\raglo\OneDrive - University of Arizona\Printz Lab\Data\Capillary_Bridges\My_better_CLB_videos\5-9\s1_tifs,C:\Users\raglo\OneDrive - University of Arizona\Printz Lab\Data\Capillary_Bridges\masks_json
53.0,28.14213538169861,1.1111111111111112,0.5888888888888889,0.9464285714285714,0.2355143229166666,0.51589898989899,0,frame_0022.tif,13,C:\Users\raglo\OneDrive - University of Arizona\Printz Lab\Data\Capillary_Bridges\My_better_CLB_videos\5-9\s1_tifs,C:\Users\raglo\OneDrive - University of Arizona\Printz Lab\Data\Capillary_Bridges\masks_json
60.0,29.313708305358887,1.1111111111111112,0.6666666666666666,0.967741935483871,0.57666015625,0.6746666666666666,0,frame_0022.tif,14,C:\Users\raglo\OneDrive - University of Arizona\Printz Lab\Data\Capillary_Bridges\My_better_CLB_videos\5-9\s1_tifs,C:\Users\raglo\OneDrive - University of Arizona\Printz Lab\Data\Capillary_Bridges\masks_json
49.5,25.899494767189022,1.125,0.6875,1.0,0.8592647429435484,0.8901290322580645,0,frame_0022.tif,15,C:\Users\raglo\OneDrive - University of Arizona\Printz Lab\Data\Capillary_Bridges\My_better_CLB_videos\5-9\s1_tifs,C:\Users\raglo\OneDrive - University of Arizona\Printz Lab\Data\Capillary_Bridges\masks_json
80.5,33.55634880065918,1.0,0.6652892561983471,0.9757575757575756,0.4244791666666667,0.2064861111111111,0,frame_0022.tif,16,C:\Users\raglo\OneDrive - University of Arizona\Printz Lab\Data\Capillary_Bridges\My_better_CLB_videos\5-9\s1_tifs,C:\Users\raglo\OneDrive - University of Arizona\Printz Lab\Data\Capillary_Bridges\masks_json
416673.0,2908.097540616989,2.3648960739030023,0.9397395532621248,0.9715363603614526,0.4966941703194517,0.7214641630387982,0,frame_0023.tif,0,C:\Users\raglo\OneDrive - University of Arizona\Printz Lab\Data\Capillary_Bridges\My_better_CLB_videos\5-9\s1_tifs,C:\Users\raglo\OneDrive - University of Arizona\Printz Lab\Data\Capillary_Bridges\masks_json
0.0,2.0,0.5,0.0,0.0,0.4988240540804843,0.1510100534393267,0,frame_0023.tif,1,C:\Users\raglo\OneDrive - University of Arizona\Printz Lab\Data\Capillary_Bridges\My_better_CLB_videos\5-9\s1_tifs,C:\Users\raglo\OneDrive - University of Arizona\Printz Lab\Data\Capillary_Bridges\masks_json
15038.0,478.9360722303391,1.1885245901639343,0.8500847936687393,0.9849680694285248,0.0648990708352447,0.4082332175546672,1,frame_0023.tif,2,C:\Users\raglo\OneDrive - University of Arizona\Printz Lab\Data\Capillary_Bridges\My_better_CLB_videos\5-9\s1_tifs,C:\Users\raglo\OneDrive - University of Arizona\Printz Lab\Data\Capillary_Bridges\masks_json
3194.0,212.65180146694183,1.096774193548387,0.7575901328273245,0.9861068230935474,0.2925330711731588,0.2832724690606614,0,frame_0023.tif,3,C:\Users\raglo\OneDrive - University of Arizona\Printz Lab\Data\Capillary_Bridges\My_better_CLB_videos\5-9\s1_tifs,C:\Users\raglo\OneDrive - University of Arizona\Printz Lab\Data\Capillary_Bridges\masks_json
10821.0,434.0243861675263,1.686046511627907,0.8677626303127506,0.96975399919344,0.0659191643239321,0.5490472476648227,0,frame_0023.tif,4,C:\Users\raglo\OneDrive - University of Arizona\Printz Lab\Data\Capillary_Bridges\My_better_CLB_videos\5-9\s1_tifs,C:\Users\raglo\OneDrive - University of Arizona\Printz Lab\Data\Capillary_Bridges\masks_json
30027.0,743.0193330049515,2.0076335877862594,0.8715351348213508,0.9706795112174308,0.8781569625658545,0.3969565141038305,1,frame_0023.tif,5,C:\Users\raglo\OneDrive - University of Arizona\Printz Lab\Data\Capillary_Bridges\My_better_CLB_videos\5-9\s1_tifs,C:\Users\raglo\OneDrive - University of Arizona\Printz Lab\Data\Capillary_Bridges\masks_json
75.5,32.72792184352875,0.9090909090909092,0.6863636363636364,0.9741935483870968,0.0454477163461538,0.2364395604395604,0,frame_0023.tif,6,C:\Users\raglo\OneDrive - University of Arizona\Printz Lab\Data\Capillary_Bridges\My_better_CLB_videos\5-9\s1_tifs,C:\Users\raglo\OneDrive - University of Arizona\Printz Lab\Data\Capillary_Bridges\masks_json
91.5,36.72792184352875,0.9166666666666666,0.6931818181818182,0.963157894736842,0.4246434202981651,0.2064097859327217,0,frame_0023.tif,7,C:\Users\raglo\OneDrive - University of Arizona\Printz Lab\Data\Capillary_Bridges\My_better_CLB_videos\5-9\s1_tifs,C:\Users\raglo\OneDrive - University of Arizona\Printz Lab\Data\Capillary_Bridges\masks_json
113.0,46.14213538169861,2.111111111111111,0.6608187134502924,0.9416666666666668,0.7386501736111111,0.5096296296296297,0,frame_0023.tif,8,C:\Users\raglo\OneDrive - University of Arizona\Printz Lab\Data\Capillary_Bridges\My_better_CLB_videos\5-9\s1_tifs,C:\Users\raglo\OneDrive - University of Arizona\Printz Lab\Data\Capillary_Bridges\masks_json
715.0,169.62236535549164,0.8064516129032258,0.2306451612903226,0.8289855072463768,0.8984661857439336,0.3487594721157939,0,frame_0023.tif,9,C:\Users\raglo\OneDrive - University of Arizona\Printz Lab\Data\Capillary_Bridges\My_better_CLB_videos\5-9\s1_tifs,C:\Users\raglo\OneDrive - University of Arizona\Printz Lab\Data\Capillary_Bridges\masks_json
102.0,38.14213538169861,1.0,0.7083333333333334,0.9714285714285714,0.2368326822916666,0.6643222222222223,0,frame_0023.tif,10,C:\Users\raglo\OneDrive - University of Arizona\Printz Lab\Data\Capillary_Bridges\My_better_CLB_videos\5-9\s1_tifs,C:\Users\raglo\OneDrive - University of Arizona\Printz Lab\Data\Capillary_Bridges\masks_json
56.5,28.727921843528748,1.1111111111111112,0.6277777777777778,0.9576271186440678,0.2356305803571428,0.5162857142857143,0,frame_0023.tif,11,C:\Users\raglo\OneDrive - University of Arizona\Printz Lab\Data\Capillary_Bridges\My_better_CLB_videos\5-9\s1_tifs,C:\Users\raglo\OneDrive - University of Arizona\Printz Lab\Data\Capillary_Bridges\masks_json
43.5,25.071067690849304,1.2857142857142858,0.6904761904761905,0.9886363636363636,0.2354213169642857,0.5161904761904762,0,frame_0023.tif,12,C:\Users\raglo\OneDrive - University of Arizona\Printz Lab\Data\Capillary_Bridges\My_better_CLB_videos\5-9\s1_tifs,C:\Users\raglo\OneDrive - University of Arizona\Printz Lab\Data\Capillary_Bridges\masks_json
54.0,28.14213526248932,1.1111111111111112,0.6,0.9557522123893806,0.2953445662313433,0.7026268656716419,0,frame_0023.tif,13,C:\Users\raglo\OneDrive - University of Arizona\Printz Lab\Data\Capillary_Bridges\My_better_CLB_videos\5-9\s1_tifs,C:\Users\raglo\OneDrive - University of Arizona\Printz Lab\Data\Capillary_Bridges\masks_json
688.5,126.18376553058624,0.6976744186046512,0.5337209302325582,0.9663157894736842,0.9890774033634538,0.0200874609549308,0,frame_0023.tif,14,C:\Users\raglo\OneDrive - University of Arizona\Printz Lab\Data\Capillary_Bridges\My_better_CLB_videos\5-9\s1_tifs,C:\Users\raglo\OneDrive - University of Arizona\Printz Lab\Data\Capillary_Bridges\masks_json
39.0,24.485281229019165,1.0,0.609375,0.9397590361445785,0.2953814338235294,0.7027973856209151,0,frame_0023.tif,15,C:\Users\raglo\OneDrive - University of Arizona\Printz Lab\Data\Capillary_Bridges\My_better_CLB_videos\5-9\s1_tifs,C:\Users\raglo\OneDrive - University of Arizona\Printz Lab\Data\Capillary_Bridges\masks_json
49.5,26.727921843528748,1.25,0.61875,0.9705882352941176,0.8591544858870968,0.8902365591397848,0,frame_0023.tif,16,C:\Users\raglo\OneDrive - University of Arizona\Printz Lab\Data\Capillary_Bridges\My_better_CLB_videos\5-9\s1_tifs,C:\Users\raglo\OneDrive - University of Arizona\Printz Lab\Data\Capillary_Bridges\masks_json
39.0,23.656854152679443,1.1428571428571428,0.6964285714285714,0.9873417721518988,0.8588388480392157,0.8905882352941177,0,frame_0023.tif,17,C:\Users\raglo\OneDrive - University of Arizona\Printz Lab\Data\Capillary_Bridges\My_better_CLB_videos\5-9\s1_tifs,C:\Users\raglo\OneDrive - University of Arizona\Printz Lab\Data\Capillary_Bridges\masks_json
59.5,28.727921843528748,0.9,0.6611111111111111,0.9834710743801652,0.8907320205479452,0.0516894977168949,0,frame_0023.tif,18,C:\Users\raglo\OneDrive - University of Arizona\Printz Lab\Data\Capillary_Bridges\My_better_CLB_videos\5-9\s1_tifs,C:\Users\raglo\OneDrive - University of Arizona\Printz Lab\Data\Capillary_Bridges\masks_json
43.0,24.485281229019165,1.0,0.671875,0.9885057471264368,0.5766335227272728,0.6743757575757576,0,frame_0023.tif,19,C:\Users\raglo\OneDrive - University of Arizona\Printz Lab\Data\Capillary_Bridges\My_better_CLB_videos\5-9\s1_tifs,C:\Users\raglo\OneDrive - University of Arizona\Printz Lab\Data\Capillary_Bridges\masks_json
416864.0,2920.1564161777496,2.359447004608295,0.9380040322580644,0.9711902709503064,0.4955283919883543,0.7221037530127397,0,frame_0024.tif,0,C:\Users\raglo\OneDrive - University of Arizona\Printz Lab\Data\Capillary_Bridges\My_better_CLB_videos\5-9\s1_tifs,C:\Users\raglo\OneDrive - University of Arizona\Printz Lab\Data\Capillary_Bridges\masks_json
72.0,45.79898929595947,0.75,0.375,0.782608695652174,0.4962918963366208,0.1468151269938073,0,frame_0024.tif,1,C:\Users\raglo\OneDrive - University of Arizona\Printz Lab\Data\Capillary_Bridges\My_better_CLB_videos\5-9\s1_tifs,C:\Users\raglo\OneDrive - University of Arizona\Printz Lab\Data\Capillary_Bridges\masks_json
16469.0,497.0782072544098,1.1307692307692307,0.8618001046572475,0.9917499698904012,0.0649162859533149,0.4028738895210716,1,frame_0024.tif,2,C:\Users\raglo\OneDrive - University of Arizona\Printz Lab\Data\Capillary_Bridges\My_better_CLB_videos\5-9\s1_tifs,C:\Users\raglo\OneDrive - University of Arizona\Printz Lab\Data\Capillary_Bridges\masks_json
3199.0,211.82337498664856,1.1147540983606556,0.7712150433944069,0.9887188997063824,0.2924562846589182,0.282998075559607,0,frame_0024.tif,3,C:\Users\raglo\OneDrive - University of Arizona\Printz Lab\Data\Capillary_Bridges\My_better_CLB_videos\5-9\s1_tifs,C:\Users\raglo\OneDrive - University of Arizona\Printz Lab\Data\Capillary_Bridges\masks_json
11318.5,444.2670260667801,1.6896551724137931,0.8850183751661584,0.9728812102458312,0.0670752491000954,0.5506596119929453,0,frame_0024.tif,4,C:\Users\raglo\OneDrive - University of Arizona\Printz Lab\Data\Capillary_Bridges\My_better_CLB_videos\5-9\s1_tifs,C:\Users\raglo\OneDrive - University of Arizona\Printz Lab\Data\Capillary_Bridges\masks_json
107.0,46.14213538169861,2.111111111111111,0.6257309941520468,0.9067796610169492,0.7390231346899225,0.5095917312661499,0,frame_0024.tif,5,C:\Users\raglo\OneDrive - University of Arizona\Printz Lab\Data\Capillary_Bridges\My_better_CLB_videos\5-9\s1_tifs,C:\Users\raglo\OneDrive - University of Arizona\Printz Lab\Data\Capillary_Bridges\masks_json
693.0,166.79393649101257,0.8032786885245902,0.2318501170960187,0.8152941176470588,0.8985518606085526,0.3484982456140351,0,frame_0024.tif,6,C:\Users\raglo\OneDrive - University of Arizona\Printz Lab\Data\Capillary_Bridges\My_better_CLB_videos\5-9\s1_tifs,C:\Users\raglo\OneDrive - University of Arizona\Printz Lab\Data\Capillary_Bridges\masks_json
103.0,38.14213526248932,1.0,0.7152777777777778,0.976303317535545,0.4243607954545454,0.2058732782369146,0,frame_0024.tif,7,C:\Users\raglo\OneDrive - University of Arizona\Printz Lab\Data\Capillary_Bridges\My_better_CLB_videos\5-9\s1_tifs,C:\Users\raglo\OneDrive - University of Arizona\Printz Lab\Data\Capillary_Bridges\masks_json
77.5,32.72792172431946,0.9090909090909092,0.7045454545454546,0.9872611464968152,0.0455939180107526,0.2360573476702508,0,frame_0024.tif,8,C:\Users\raglo\OneDrive - University of Arizona\Printz Lab\Data\Capillary_Bridges\My_better_CLB_videos\5-9\s1_tifs,C:\Users\raglo\OneDrive - University of Arizona\Printz Lab\Data\Capillary_Bridges\masks_json
90.0,36.97056233882904,1.0,0.625,0.9424083769633508,0.2370856454439252,0.6642741433021807,0,frame_0024.tif,9,C:\Users\raglo\OneDrive - University of Arizona\Printz Lab\Data\Capillary_Bridges\My_better_CLB_videos\5-9\s1_tifs,C:\Users\raglo\OneDrive - University of Arizona\Printz Lab\Data\Capillary_Bridges\masks_json
56.0,29.313708305358887,1.1111111111111112,0.6222222222222222,0.9411764705882352,0.2357700892857142,0.5161333333333333,0,frame_0024.tif,10,C:\Users\raglo\OneDrive - University of Arizona\Printz Lab\Data\Capillary_Bridges\My_better_CLB_videos\5-9\s1_tifs,C:\Users\raglo\OneDrive - University of Arizona\Printz Lab\Data\Capillary_Bridges\masks_json
69.0,31.313708305358887,1.0,0.69,0.971830985915493,0.2367466517857142,0.6644126984126983,0,frame_0024.tif,11,C:\Users\raglo\OneDrive - University of Arizona\Printz Lab\Data\Capillary_Bridges\My_better_CLB_videos\5-9\s1_tifs,C:\Users\raglo\OneDrive - University of Arizona\Printz Lab\Data\Capillary_Bridges\masks_json
49.5,26.727921724319454,1.0,0.6111111111111112,0.9611650485436892,0.2952841481854839,0.7027096774193548,0,frame_0024.tif,12,C:\Users\raglo\OneDrive - University of Arizona\Printz Lab\Data\Capillary_Bridges\My_better_CLB_videos\5-9\s1_tifs,C:\Users\raglo\OneDrive - University of Arizona\Printz Lab\Data\Capillary_Bridges\masks_json
39.0,23.656854152679443,1.1428571428571428,0.6964285714285714,0.9873417721518988,0.2953431372549019,0.7026143790849674,0,frame_0024.tif,13,C:\Users\raglo\OneDrive - University of Arizona\Printz Lab\Data\Capillary_Bridges\My_better_CLB_videos\5-9\s1_tifs,C:\Users\raglo\OneDrive - University of Arizona\Printz Lab\Data\Capillary_Bridges\masks_json
61.0,29.313708305358887,1.1111111111111112,0.6777777777777778,0.976,0.57671875,0.6744888888888889,0,frame_0024.tif,14,C:\Users\raglo\OneDrive - University of Arizona\Printz Lab\Data\Capillary_Bridges\My_better_CLB_videos\5-9\s1_tifs,C:\Users\raglo\OneDrive - University of Arizona\Printz Lab\Data\Capillary_Bridges\masks_json
53.0,28.14213526248932,1.1111111111111112,0.5888888888888889,0.9464285714285714,0.8591086647727273,0.889939393939394,0,frame_0024.tif,15,C:\Users\raglo\OneDrive - University of Arizona\Printz Lab\Data\Capillary_Bridges\My_better_CLB_videos\5-9\s1_tifs,C:\Users\raglo\OneDrive - University of Arizona\Printz Lab\Data\Capillary_Bridges\masks_json
40.0,24.485281229019165,1.0,0.625,0.9523809523809524,0.8589054987980769,0.8896410256410258,0,frame_0024.tif,16,C:\Users\raglo\OneDrive - University of Arizona\Printz Lab\Data\Capillary_Bridges\My_better_CLB_videos\5-9\s1_tifs,C:\Users\raglo\OneDrive - University of Arizona\Printz Lab\Data\Capillary_Bridges\masks_json
418327.5,2907.712764620781,2.34324942791762,0.9348351240703662,0.9694278364849832,0.4965131369650817,0.7203799299720222,0,frame_0025.tif,0,C:\Users\raglo\OneDrive - University of Arizona\Printz Lab\Data\Capillary_Bridges\My_better_CLB_videos\5-9\s1_tifs,C:\Users\raglo\OneDrive - University of Arizona\Printz Lab\Data\Capillary_Bridges\masks_json
17115.0,504.9360730648041,1.128787878787879,0.8701952410006101,0.9932679473042773,0.0662607985330566,0.4002586124080158,1,frame_0025.tif,1,C:\Users\raglo\OneDrive - University of Arizona\Printz Lab\Data\Capillary_Bridges\My_better_CLB_videos\5-9\s1_tifs,C:\Users\raglo\OneDrive - University of Arizona\Printz Lab\Data\Capillary_Bridges\masks_json
3143.5,210.40916216373444,1.1333333333333333,0.7704656862745098,0.9872801507537688,0.2926345754443585,0.2826617207624936,0,frame_0025.tif,2,C:\Users\raglo\OneDrive - University of Arizona\Printz Lab\Data\Capillary_Bridges\My_better_CLB_videos\5-9\s1_tifs,C:\Users\raglo\OneDrive - University of Arizona\Printz Lab\Data\Capillary_Bridges\masks_json
34698.0,802.3330411911011,2.0955882352941178,0.8952012383900929,0.9756083845299518,0.8679080601156193,0.3905050182481752,1,frame_0025.tif,3,C:\Users\raglo\OneDrive - University of Arizona\Printz Lab\Data\Capillary_Bridges\My_better_CLB_videos\5-9\s1_tifs,C:\Users\raglo\OneDrive - University of Arizona\Printz Lab\Data\Capillary_Bridges\masks_json
0.0,0.0,1.0,0.0,0.0,0.4922977385551257,0.1649578948789609,0,frame_0025.tif,4,C:\Users\raglo\OneDrive - University of Arizona\Printz Lab\Data\Capillary_Bridges\My_better_CLB_videos\5-9\s1_tifs,C:\Users\raglo\OneDrive - University of Arizona\Printz Lab\Data\Capillary_Bridges\masks_json
11554.0,449.3380932807922,1.6853932584269662,0.8654681647940075,0.9739526258113462,0.0680856453446371,0.552122726500085,0,frame_0025.tif,5,C:\Users\raglo\OneDrive - University of Arizona\Printz Lab\Data\Capillary_Bridges\My_better_CLB_videos\5-9\s1_tifs,C:\Users\raglo\OneDrive - University of Arizona\Printz Lab\Data\Capillary_Bridges\masks_json
113.0,40.97056245803833,1.0,0.6686390532544378,0.9535864978902954,0.2371789180871212,0.6641515151515152,0,frame_0025.tif,6,C:\Users\raglo\OneDrive - University of Arizona\Printz Lab\Data\Capillary_Bridges\My_better_CLB_videos\5-9\s1_tifs,C:\Users\raglo\OneDrive - University of Arizona\Printz Lab\Data\Capillary_Bridges\masks_json
101.5,37.55634891986847,1.0,0.7048611111111112,0.9806763285024156,0.4245420824579832,0.2061960784313725,0,frame_0025.tif,7,C:\Users\raglo\OneDrive - University of Arizona\Printz Lab\Data\Capillary_Bridges\My_better_CLB_videos\5-9\s1_tifs,C:\Users\raglo\OneDrive - University of Arizona\Printz Lab\Data\Capillary_Bridges\masks_json
697.0,166.79393780231476,0.8032786885245902,0.2331883573101371,0.8243642814902424,0.8986190076897905,0.3487766143106457,0,frame_0025.tif,8,C:\Users\raglo\OneDrive - University of Arizona\Printz Lab\Data\Capillary_Bridges\My_better_CLB_videos\5-9\s1_tifs,C:\Users\raglo\OneDrive - University of Arizona\Printz Lab\Data\Capillary_Bridges\masks_json
578.0,118.76955163478851,0.725,0.4982758620689655,0.9593360995850624,0.9898934266390206,0.0184012638230647,0,frame_0025.tif,9,C:\Users\raglo\OneDrive - University of Arizona\Printz Lab\Data\Capillary_Bridges\My_better_CLB_videos\5-9\s1_tifs,C:\Users\raglo\OneDrive - University of Arizona\Printz Lab\Data\Capillary_Bridges\masks_json
94.0,40.14213526248932,1.7777777777777777,0.6527777777777778,0.94,0.7373651825221239,0.5090619469026548,0,frame_0025.tif,10,C:\Users\raglo\OneDrive - University of Arizona\Printz Lab\Data\Capillary_Bridges\My_better_CLB_videos\5-9\s1_tifs,C:\Users\raglo\OneDrive - University of Arizona\Printz Lab\Data\Capillary_Bridges\masks_json
43.5,25.071067690849304,1.2857142857142858,0.6904761904761905,0.9886363636363636,0.2354213169642857,0.5161904761904762,0,frame_0025.tif,11,C:\Users\raglo\OneDrive - University of Arizona\Printz Lab\Data\Capillary_Bridges\My_better_CLB_videos\5-9\s1_tifs,C:\Users\raglo\OneDrive - University of Arizona\Printz Lab\Data\Capillary_Bridges\masks_json
54.5,28.727921843528748,1.1111111111111112,0.6055555555555555,0.9396551724137931,0.2355526194852941,0.5163529411764706,0,frame_0025.tif,12,C:\Users\raglo\OneDrive - University of Arizona\Printz Lab\Data\Capillary_Bridges\My_better_CLB_videos\5-9\s1_tifs,C:\Users\raglo\OneDrive - University of Arizona\Printz Lab\Data\Capillary_Bridges\masks_json
56.5,28.727921724319454,1.1111111111111112,0.6277777777777778,0.9576271186440678,0.2956194196428571,0.7025904761904762,0,frame_0025.tif,13,C:\Users\raglo\OneDrive - University of Arizona\Printz Lab\Data\Capillary_Bridges\My_better_CLB_videos\5-9\s1_tifs,C:\Users\raglo\OneDrive - University of Arizona\Printz Lab\Data\Capillary_Bridges\masks_json
40.0,23.656854152679443,1.1428571428571428,0.7142857142857143,1.0,0.29541015625,0.7026666666666667,0,frame_0025.tif,14,C:\Users\raglo\OneDrive - University of Arizona\Printz Lab\Data\Capillary_Bridges\My_better_CLB_videos\5-9\s1_tifs,C:\Users\raglo\OneDrive - University of Arizona\Printz Lab\Data\Capillary_Bridges\masks_json
57.0,29.313708305358887,1.1111111111111112,0.6333333333333333,0.9421487603305784,0.5768183318661971,0.6747605633802817,0,frame_0025.tif,15,C:\Users\raglo\OneDrive - University of Arizona\Printz Lab\Data\Capillary_Bridges\My_better_CLB_videos\5-9\s1_tifs,C:\Users\raglo\OneDrive - University of Arizona\Printz Lab\Data\Capillary_Bridges\masks_json
40.5,24.242640614509583,1.1428571428571428,0.7232142857142857,1.0,0.5767246462264151,0.6747421383647799,0,frame_0025.tif,16,C:\Users\raglo\OneDrive - University of Arizona\Printz Lab\Data\Capillary_Bridges\My_better_CLB_videos\5-9\s1_tifs,C:\Users\raglo\OneDrive - University of Arizona\Printz Lab\Data\Capillary_Bridges\masks_json
53.0,27.313708305358887,1.25,0.6625,0.9814814814814816,0.8589607007575758,0.89,0,frame_0025.tif,17,C:\Users\raglo\OneDrive - University of Arizona\Printz Lab\Data\Capillary_Bridges\My_better_CLB_videos\5-9\s1_tifs,C:\Users\raglo\OneDrive - University of Arizona\Printz Lab\Data\Capillary_Bridges\masks_json
36.0,23.656854152679443,1.1428571428571428,0.6428571428571429,0.96,0.8589274088541666,0.8898055555555555,0,frame_0025.tif,18,C:\Users\raglo\OneDrive - University of Arizona\Printz Lab\Data\Capillary_Bridges\My_better_CLB_videos\5-9\s1_tifs,C:\Users\raglo\OneDrive - University of Arizona\Printz Lab\Data\Capillary_Bridges\masks_json
74.5,32.72792184352875,0.9090909090909092,0.6772727272727272,0.9675324675324676,0.0454752604166666,0.2363703703703703,0,frame_0025.tif,19,C:\Users\raglo\OneDrive - University of Arizona\Printz Lab\Data\Capillary_Bridges\My_better_CLB_videos\5-9\s1_tifs,C:\Users\raglo\OneDrive - University of Arizona\Printz Lab\Data\Capillary_Bridges\masks_json
417319.0,2907.2691135406494,2.34324942791762,0.9325814323512586,0.9689803414844252,0.4960610638915723,0.7207490817384161,0,frame_0026.tif,0,C:\Users\raglo\OneDrive - University of Arizona\Printz Lab\Data\Capillary_Bridges\My_better_CLB_videos\5-9\s1_tifs,C:\Users\raglo\OneDrive - University of Arizona\Printz Lab\Data\Capillary_Bridges\masks_json
17964.5,516.8355679512024,1.1094890510948905,0.8626824817518248,0.992513812154696,0.0675212791160797,0.3974136131406911,1,frame_0026.tif,1,C:\Users\raglo\OneDrive - University of Arizona\Printz Lab\Data\Capillary_Bridges\My_better_CLB_videos\5-9\s1_tifs,C:\Users\raglo\OneDrive - University of Arizona\Printz Lab\Data\Capillary_Bridges\masks_json
54.0,38.14213514328003,0.7142857142857143,0.3857142857142857,0.84375,0.4996778407223995,0.1424657403930404,0,frame_0026.tif,2,C:\Users\raglo\OneDrive - University of Arizona\Printz Lab\Data\Capillary_Bridges\My_better_CLB_videos\5-9\s1_tifs,C:\Users\raglo\OneDrive - University of Arizona\Printz Lab\Data\Capillary_Bridges\masks_json
37136.5,823.2619743347168,2.129496402877698,0.9025981917168968,0.9786928449071024,0.8629405904785858,0.3877347334008492,1,frame_0026.tif,3,C:\Users\raglo\OneDrive - University of Arizona\Printz Lab\Data\Capillary_Bridges\My_better_CLB_videos\5-9\s1_tifs,C:\Users\raglo\OneDrive - University of Arizona\Printz Lab\Data\Capillary_Bridges\masks_json
3056.0,208.651801943779,1.1333333333333333,0.7490196078431373,0.9867613819825638,0.2928197512714558,0.2819173553719008,0,frame_0026.tif,4,C:\Users\raglo\OneDrive - University of Arizona\Printz Lab\Data\Capillary_Bridges\My_better_CLB_videos\5-9\s1_tifs,C:\Users\raglo\OneDrive - University of Arizona\Printz Lab\Data\Capillary_Bridges\masks_json
11894.5,456.2670258283615,1.6813186813186811,0.8543058248940602,0.9721700040866368,0.0688184263015027,0.5529595684364077,0,frame_0026.tif,5,C:\Users\raglo\OneDrive - University of Arizona\Printz Lab\Data\Capillary_Bridges\My_better_CLB_videos\5-9\s1_tifs,C:\Users\raglo\OneDrive - University of Arizona\Printz Lab\Data\Capillary_Bridges\masks_json
699.5,169.03657805919647,0.8064516129032258,0.2256451612903225,0.8205278592375367,0.8984527786831812,0.3489109083007388,0,frame_0026.tif,6,C:\Users\raglo\OneDrive - University of Arizona\Printz Lab\Data\Capillary_Bridges\My_better_CLB_videos\5-9\s1_tifs,C:\Users\raglo\OneDrive - University of Arizona\Printz Lab\Data\Capillary_Bridges\masks_json
99.5,37.55634891986847,1.0,0.6909722222222222,0.9707317073170731,0.424537593482906,0.206074074074074,0,frame_0026.tif,7,C:\Users\raglo\OneDrive - University of Arizona\Printz Lab\Data\Capillary_Bridges\My_better_CLB_videos\5-9\s1_tifs,C:\Users\raglo\OneDrive - University of Arizona\Printz Lab\Data\Capillary_Bridges\masks_json
100.0,38.14213538169861,1.0,0.6944444444444444,0.966183574879227,0.2367584745762712,0.6642372881355932,0,frame_0026.tif,8,C:\Users\raglo\OneDrive - University of Arizona\Printz Lab\Data\Capillary_Bridges\My_better_CLB_videos\5-9\s1_tifs,C:\Users\raglo\OneDrive - University of Arizona\Printz Lab\Data\Capillary_Bridges\masks_json
67.0,31.313708305358887,1.0,0.67,0.9571428571428572,0.0454935213414634,0.2365528455284552,0,frame_0026.tif,9,C:\Users\raglo\OneDrive - University of Arizona\Printz Lab\Data\Capillary_Bridges\My_better_CLB_videos\5-9\s1_tifs,C:\Users\raglo\OneDrive - University of Arizona\Printz Lab\Data\Capillary_Bridges\masks_json
44.0,25.656854152679443,1.2857142857142858,0.6984126984126984,0.9777777777777776,0.2353515625,0.516140350877193,0,frame_0026.tif,10,C:\Users\raglo\OneDrive - University of Arizona\Printz Lab\Data\Capillary_Bridges\My_better_CLB_videos\5-9\s1_tifs,C:\Users\raglo\OneDrive - University of Arizona\Printz Lab\Data\Capillary_Bridges\masks_json
59.5,30.727921843528748,1.2222222222222223,0.601010101010101,0.9296875,0.2356286951013513,0.5163063063063064,0,frame_0026.tif,11,C:\Users\raglo\OneDrive - University of Arizona\Printz Lab\Data\Capillary_Bridges\My_better_CLB_videos\5-9\s1_tifs,C:\Users\raglo\OneDrive - University of Arizona\Printz Lab\Data\Capillary_Bridges\masks_json
51.5,28.727921843528748,1.1111111111111112,0.5722222222222222,0.911504424778761,0.2955979567307692,0.702871794871795,0,frame_0026.tif,12,C:\Users\raglo\OneDrive - University of Arizona\Printz Lab\Data\Capillary_Bridges\My_better_CLB_videos\5-9\s1_tifs,C:\Users\raglo\OneDrive - University of Arizona\Printz Lab\Data\Capillary_Bridges\masks_json
39.0,23.656854152679443,1.1428571428571428,0.6964285714285714,0.9873417721518988,0.2954580269607843,0.7027450980392156,0,frame_0026.tif,13,C:\Users\raglo\OneDrive - University of Arizona\Printz Lab\Data\Capillary_Bridges\My_better_CLB_videos\5-9\s1_tifs,C:\Users\raglo\OneDrive - University of Arizona\Printz Lab\Data\Capillary_Bridges\masks_json
50.0,27.313708305358887,1.25,0.625,0.9523809523809524,0.8587859623015873,0.890074074074074,0,frame_0026.tif,14,C:\Users\raglo\OneDrive - University of Arizona\Printz Lab\Data\Capillary_Bridges\My_better_CLB_videos\5-9\s1_tifs,C:\Users\raglo\OneDrive - University of Arizona\Printz Lab\Data\Capillary_Bridges\masks_json
417534.0,2945.29349899292,2.3325740318906605,0.9288110407175398,0.9653797911018884,0.4959157301508043,0.7206934407798785,0,frame_0027.tif,0,C:\Users\raglo\OneDrive - University of Arizona\Printz Lab\Data\Capillary_Bridges\My_better_CLB_videos\5-9\s1_tifs,C:\Users\raglo\OneDrive - University of Arizona\Printz Lab\Data\Capillary_Bridges\masks_json
19511.5,537.3208487033844,1.0476190476190477,0.8618915098506935,0.994647363189152,0.0675327639461764,0.3916642205239806,1,frame_0027.tif,1,C:\Users\raglo\OneDrive - University of Arizona\Printz Lab\Data\Capillary_Bridges\My_better_CLB_videos\5-9\s1_tifs,C:\Users\raglo\OneDrive - University of Arizona\Printz Lab\Data\Capillary_Bridges\masks_json
5.5,9.071067690849304,1.0,0.34375,1.0,0.4986808238514963,0.1407261602353786,0,frame_0027.tif,2,C:\Users\raglo\OneDrive - University of Arizona\Printz Lab\Data\Capillary_Bridges\My_better_CLB_videos\5-9\s1_tifs,C:\Users\raglo\OneDrive - University of Arizona\Printz Lab\Data\Capillary_Bridges\masks_json
39568.5,847.1198391914368,2.132867132867133,0.9072222859108106,0.9821654628043786,0.8579823331321307,0.3831980918067788,1,frame_0027.tif,3,C:\Users\raglo\OneDrive - University of Arizona\Printz Lab\Data\Capillary_Bridges\My_better_CLB_videos\5-9\s1_tifs,C:\Users\raglo\OneDrive - University of Arizona\Printz Lab\Data\Capillary_Bridges\masks_json
3066.0,209.48022890090945,1.15,0.7405797101449275,0.9844276769947022,0.2926054786517744,0.2814397972116603,0,frame_0027.tif,4,C:\Users\raglo\OneDrive - University of Arizona\Printz Lab\Data\Capillary_Bridges\My_better_CLB_videos\5-9\s1_tifs,C:\Users\raglo\OneDrive - University of Arizona\Printz Lab\Data\Capillary_Bridges\masks_json
703.5,167.03657841682434,0.7903225806451613,0.2315668202764977,0.8237704918032787,0.8986226663961039,0.3492225108225108,0,frame_0027.tif,5,C:\Users\raglo\OneDrive - University of Arizona\Printz Lab\Data\Capillary_Bridges\My_better_CLB_videos\5-9\s1_tifs,C:\Users\raglo\OneDrive - University of Arizona\Printz Lab\Data\Capillary_Bridges\masks_json
101.5,38.3847758769989,1.0833333333333333,0.6506410256410257,0.962085308056872,0.236984637605042,0.6642464985994397,0,frame_0027.tif,6,C:\Users\raglo\OneDrive - University of Arizona\Printz Lab\Data\Capillary_Bridges\My_better_CLB_videos\5-9\s1_tifs,C:\Users\raglo\OneDrive - University of Arizona\Printz Lab\Data\Capillary_Bridges\masks_json
94.0,36.97056233882904,1.0,0.6527777777777778,0.9543147208121828,0.4244175816441441,0.2062102102102102,0,frame_0027.tif,7,C:\Users\raglo\OneDrive - University of Arizona\Printz Lab\Data\Capillary_Bridges\My_better_CLB_videos\5-9\s1_tifs,C:\Users\raglo\OneDrive - University of Arizona\Printz Lab\Data\Capillary_Bridges\masks_json
65.5,30.727921843528748,1.0,0.655,0.9632352941176472,0.04544677734375,0.23615,0,frame_0027.tif,8,C:\Users\raglo\OneDrive - University of Arizona\Printz Lab\Data\Capillary_Bridges\My_better_CLB_videos\5-9\s1_tifs,C:\Users\raglo\OneDrive - University of Arizona\Printz Lab\Data\Capillary_Bridges\masks_json
74.5,31.899494767189022,1.0,0.745,1.0,0.4244032118055555,0.2061185185185185,0,frame_0027.tif,9,C:\Users\raglo\OneDrive - University of Arizona\Printz Lab\Data\Capillary_Bridges\My_better_CLB_videos\5-9\s1_tifs,C:\Users\raglo\OneDrive - University of Arizona\Printz Lab\Data\Capillary_Bridges\masks_json
61.5,30.727921843528748,1.2222222222222223,0.6212121212121212,0.946153846153846,0.2352359169407894,0.5163157894736843,0,frame_0027.tif,10,C:\Users\raglo\OneDrive - University of Arizona\Printz Lab\Data\Capillary_Bridges\My_better_CLB_videos\5-9\s1_tifs,C:\Users\raglo\OneDrive - University of Arizona\Printz Lab\Data\Capillary_Bridges\masks_json
57.0,28.485281229019165,1.0,0.7037037037037037,0.9827586206896552,0.2958984375,0.7027793427230048,0,frame_0027.tif,11,C:\Users\raglo\OneDrive - University of Arizona\Printz Lab\Data\Capillary_Bridges\My_better_CLB_videos\5-9\s1_tifs,C:\Users\raglo\OneDrive - University of Arizona\Printz Lab\Data\Capillary_Bridges\masks_json
60.0,29.313708305358887,1.1111111111111112,0.6666666666666666,0.967741935483871,0.5764754011824325,0.6746666666666666,0,frame_0027.tif,12,C:\Users\raglo\OneDrive - University of Arizona\Printz Lab\Data\Capillary_Bridges\My_better_CLB_videos\5-9\s1_tifs,C:\Users\raglo\OneDrive - University of Arizona\Printz Lab\Data\Capillary_Bridges\masks_json
42.5,25.071067690849304,1.0,0.6640625,0.9659090909090908,0.8589488636363637,0.890060606060606,0,frame_0027.tif,13,C:\Users\raglo\OneDrive - University of Arizona\Printz Lab\Data\Capillary_Bridges\My_better_CLB_videos\5-9\s1_tifs,C:\Users\raglo\OneDrive - University of Arizona\Printz Lab\Data\Capillary_Bridges\masks_json
418182.0,2980.180800676346,2.321995464852608,0.9260336947278912,0.9636640165917733,0.4954310348776138,0.7210935269172899,0,frame_0028.tif,0,C:\Users\raglo\OneDrive - University of Arizona\Printz Lab\Data\Capillary_Bridges\My_better_CLB_videos\5-9\s1_tifs,C:\Users\raglo\OneDrive - University of Arizona\Printz Lab\Data\Capillary_Bridges\masks_json
20077.0,547.5634899139404,1.04,0.857991452991453,0.9925841696741978,0.0686643195988489,0.3894589338711529,1,frame_0028.tif,1,C:\Users\raglo\OneDrive - University of Arizona\Printz Lab\Data\Capillary_Bridges\My_better_CLB_videos\5-9\s1_tifs,C:\Users\raglo\OneDrive - University of Arizona\Printz Lab\Data\Capillary_Bridges\masks_json
81.0,45.455843567848206,0.8,0.45,0.7465437788018433,0.4853852383902052,0.1724183240410508,0,frame_0028.tif,2,C:\Users\raglo\OneDrive - University of Arizona\Printz Lab\Data\Capillary_Bridges\My_better_CLB_videos\5-9\s1_tifs,C:\Users\raglo\OneDrive - University of Arizona\Printz Lab\Data\Capillary_Bridges\masks_json
42553.5,883.546243429184,2.0866666666666664,0.9063578274760384,0.981739531664552,0.8547426536618344,0.3816603820604474,1,frame_0028.tif,3,C:\Users\raglo\OneDrive - University of Arizona\Printz Lab\Data\Capillary_Bridges\My_better_CLB_videos\5-9\s1_tifs,C:\Users\raglo\OneDrive - University of Arizona\Printz Lab\Data\Capillary_Bridges\masks_json
2951.0,206.30865573883057,1.098360655737705,0.7220455101541473,0.9826839826839828,0.2926406584197104,0.2818133157837008,0,frame_0028.tif,4,C:\Users\raglo\OneDrive - University of Arizona\Printz Lab\Data\Capillary_Bridges\My_better_CLB_videos\5-9\s1_tifs,C:\Users\raglo\OneDrive - University of Arizona\Printz Lab\Data\Capillary_Bridges\masks_json
684.5,167.0365775823593,0.819672131147541,0.2244262295081967,0.8124629080118695,0.8986559587217043,0.3490155348424323,0,frame_0028.tif,5,C:\Users\raglo\OneDrive - University of Arizona\Printz Lab\Data\Capillary_Bridges\My_better_CLB_videos\5-9\s1_tifs,C:\Users\raglo\OneDrive - University of Arizona\Printz Lab\Data\Capillary_Bridges\masks_json
462819.5,3323.2173779010773,1.9212007504690432,0.8479778010670732,0.9375021522343736,0.5275374078306622,0.6888819412683482,0,frame_0028.tif,6,C:\Users\raglo\OneDrive - University of Arizona\Printz Lab\Data\Capillary_Bridges\My_better_CLB_videos\5-9\s1_tifs,C:\Users\raglo\OneDrive - University of Arizona\Printz Lab\Data\Capillary_Bridges\masks_json
107.0,38.97056245803833,1.0833333333333333,0.6858974358974359,0.9727272727272728,0.2370390625,0.6643413333333333,0,frame_0028.tif,7,C:\Users\raglo\OneDrive - University of Arizona\Printz Lab\Data\Capillary_Bridges\My_better_CLB_videos\5-9\s1_tifs,C:\Users\raglo\OneDrive - University of Arizona\Printz Lab\Data\Capillary_Bridges\masks_json
102.0,38.14213526248932,1.0,0.7083333333333334,0.9714285714285714,0.4243977864583333,0.2057333333333333,0,frame_0028.tif,8,C:\Users\raglo\OneDrive - University of Arizona\Printz Lab\Data\Capillary_Bridges\My_better_CLB_videos\5-9\s1_tifs,C:\Users\raglo\OneDrive - University of Arizona\Printz Lab\Data\Capillary_Bridges\masks_json
44.0,25.656854152679443,1.2857142857142858,0.6984126984126984,0.9777777777777776,0.2353515625,0.516140350877193,0,frame_0028.tif,9,C:\Users\raglo\OneDrive - University of Arizona\Printz Lab\Data\Capillary_Bridges\My_better_CLB_videos\5-9\s1_tifs,C:\Users\raglo\OneDrive - University of Arizona\Printz Lab\Data\Capillary_Bridges\masks_json
59.5,29.899494767189022,1.375,0.6761363636363636,0.967479674796748,0.2352195945945946,0.5164684684684685,0,frame_0028.tif,10,C:\Users\raglo\OneDrive - University of Arizona\Printz Lab\Data\Capillary_Bridges\My_better_CLB_videos\5-9\s1_tifs,C:\Users\raglo\OneDrive - University of Arizona\Printz Lab\Data\Capillary_Bridges\masks_json
39.0,23.656854152679443,1.1428571428571428,0.6964285714285714,0.9873417721518988,0.2954580269607843,0.7027450980392156,0,frame_0028.tif,11,C:\Users\raglo\OneDrive - University of Arizona\Printz Lab\Data\Capillary_Bridges\My_better_CLB_videos\5-9\s1_tifs,C:\Users\raglo\OneDrive - University of Arizona\Printz Lab\Data\Capillary_Bridges\masks_json
71.0,32.14213538169861,0.9090909090909092,0.6454545454545455,0.9594594594594594,0.0453533793604651,0.2364031007751937,0,frame_0028.tif,12,C:\Users\raglo\OneDrive - University of Arizona\Printz Lab\Data\Capillary_Bridges\My_better_CLB_videos\5-9\s1_tifs,C:\Users\raglo\OneDrive - University of Arizona\Printz Lab\Data\Capillary_Bridges\masks_json
57.0,29.313708305358887,1.1111111111111112,0.6333333333333333,0.9421487603305784,0.5768183318661971,0.6747605633802817,0,frame_0028.tif,13,C:\Users\raglo\OneDrive - University of Arizona\Printz Lab\Data\Capillary_Bridges\My_better_CLB_videos\5-9\s1_tifs,C:\Users\raglo\OneDrive - University of Arizona\Printz Lab\Data\Capillary_Bridges\masks_json
160.5,52.04163026809693,1.75,0.6369047619047619,0.9497041420118344,0.7390083644701086,0.5088333333333334,0,frame_0028.tif,14,C:\Users\raglo\OneDrive - University of Arizona\Printz Lab\Data\Capillary_Bridges\My_better_CLB_videos\5-9\s1_tifs,C:\Users\raglo\OneDrive - University of Arizona\Printz Lab\Data\Capillary_Bridges\masks_json
41.0,24.485281229019165,1.2857142857142858,0.6507936507936508,0.9761904761904762,0.5767430719339622,0.6746666666666666,0,frame_0028.tif,15,C:\Users\raglo\OneDrive - University of Arizona\Printz Lab\Data\Capillary_Bridges\My_better_CLB_videos\5-9\s1_tifs,C:\Users\raglo\OneDrive - University of Arizona\Printz Lab\Data\Capillary_Bridges\masks_json
48.0,26.485281229019165,1.125,0.6666666666666666,0.9696969696969696,0.8587826588114754,0.890120218579235,0,frame_0028.tif,16,C:\Users\raglo\OneDrive - University of Arizona\Printz Lab\Data\Capillary_Bridges\My_better_CLB_videos\5-9\s1_tifs,C:\Users\raglo\OneDrive - University of Arizona\Printz Lab\Data\Capillary_Bridges\masks_json
40.5,23.899494767189022,1.0,0.6328125,0.9759036144578314,0.890380859375,0.0511794871794871,0,frame_0028.tif,17,C:\Users\raglo\OneDrive - University of Arizona\Printz Lab\Data\Capillary_Bridges\My_better_CLB_videos\5-9\s1_tifs,C:\Users\raglo\OneDrive - University of Arizona\Printz Lab\Data\Capillary_Bridges\masks_json
418399.0,2957.8376562595367,2.316742081447964,0.9244180394513576,0.9635279392681178,0.4953822680888535,0.7209614914328363,0,frame_0029.tif,0,C:\Users\raglo\OneDrive - University of Arizona\Printz Lab\Data\Capillary_Bridges\My_better_CLB_videos\5-9\s1_tifs,C:\Users\raglo\OneDrive - University of Arizona\Printz Lab\Data\Capillary_Bridges\masks_json
21113.0,561.5634894371033,1.0258064516129033,0.8566849259484682,0.9929454921694963,0.0700161773436037,0.3852933433152411,1,frame_0029.tif,1,C:\Users\raglo\OneDrive - University of Arizona\Printz Lab\Data\Capillary_Bridges\My_better_CLB_videos\5-9\s1_tifs,C:\Users\raglo\OneDrive - University of Arizona\Printz Lab\Data\Capillary_Bridges\masks_json
45684.0,907.5046136379242,2.0641025641025643,0.909460105112279,0.9810907450955126,0.8512502985125546,0.3759960407569142,1,frame_0029.tif,2,C:\Users\raglo\OneDrive - University of Arizona\Printz Lab\Data\Capillary_Bridges\My_better_CLB_videos\5-9\s1_tifs,C:\Users\raglo\OneDrive - University of Arizona\Printz Lab\Data\Capillary_Bridges\masks_json
0.0,0.0,1.0,0.0,0.0,0.480821092551119,0.1709239372620921,0,frame_0029.tif,3,C:\Users\raglo\OneDrive - University of Arizona\Printz Lab\Data\Capillary_Bridges\My_better_CLB_videos\5-9\s1_tifs,C:\Users\raglo\OneDrive - University of Arizona\Printz Lab\Data\Capillary_Bridges\masks_json
3046.0,208.3086564540863,1.15,0.7357487922705314,0.9862392747288328,0.2925986842105263,0.2820074428495481,0,frame_0029.tif,4,C:\Users\raglo\OneDrive - University of Arizona\Printz Lab\Data\Capillary_Bridges\My_better_CLB_videos\5-9\s1_tifs,C:\Users\raglo\OneDrive - University of Arizona\Printz Lab\Data\Capillary_Bridges\masks_json
683.0,167.62236487865448,0.819672131147541,0.2239344262295082,0.8130952380952381,0.8986731770833334,0.3488995555555556,0,frame_0029.tif,5,C:\Users\raglo\OneDrive - University of Arizona\Printz Lab\Data\Capillary_Bridges\My_better_CLB_videos\5-9\s1_tifs,C:\Users\raglo\OneDrive - University of Arizona\Printz Lab\Data\Capillary_Bridges\masks_json
103.0,38.14213526248932,1.0,0.7152777777777778,0.976303317535545,0.424376936983471,0.2058953168044077,0,frame_0029.tif,6,C:\Users\raglo\OneDrive - University of Arizona\Printz Lab\Data\Capillary_Bridges\My_better_CLB_videos\5-9\s1_tifs,C:\Users\raglo\OneDrive - University of Arizona\Printz Lab\Data\Capillary_Bridges\masks_json
98.5,37.55634880065918,1.0,0.6840277777777778,0.9704433497536946,0.2367153825431034,0.6641264367816092,0,frame_0029.tif,7,C:\Users\raglo\OneDrive - University of Arizona\Printz Lab\Data\Capillary_Bridges\My_better_CLB_videos\5-9\s1_tifs,C:\Users\raglo\OneDrive - University of Arizona\Printz Lab\Data\Capillary_Bridges\masks_json
164.5,53.21320307254791,1.75,0.6527777777777778,0.9373219373219374,0.7390976355820106,0.5087548500881834,0,frame_0029.tif,8,C:\Users\raglo\OneDrive - University of Arizona\Printz Lab\Data\Capillary_Bridges\My_better_CLB_videos\5-9\s1_tifs,C:\Users\raglo\OneDrive - University of Arizona\Printz Lab\Data\Capillary_Bridges\masks_json
679.5,123.3553386926651,0.7317073170731707,0.552439024390244,0.9483600837404048,0.9884654320725916,0.0187480777928539,0,frame_0029.tif,9,C:\Users\raglo\OneDrive - University of Arizona\Printz Lab\Data\Capillary_Bridges\My_better_CLB_videos\5-9\s1_tifs,C:\Users\raglo\OneDrive - University of Arizona\Printz Lab\Data\Capillary_Bridges\masks_json
42.0,24.485281229019165,1.2857142857142858,0.6666666666666666,0.9882352941176472,0.2355504918981481,0.5159259259259259,0,frame_0029.tif,10,C:\Users\raglo\OneDrive - University of Arizona\Printz Lab\Data\Capillary_Bridges\My_better_CLB_videos\5-9\s1_tifs,C:\Users\raglo\OneDrive - University of Arizona\Printz Lab\Data\Capillary_Bridges\masks_json
58.5,28.727921724319454,1.1111111111111112,0.65,0.975,0.2957085503472222,0.7027037037037037,0,frame_0029.tif,11,C:\Users\raglo\OneDrive - University of Arizona\Printz Lab\Data\Capillary_Bridges\My_better_CLB_videos\5-9\s1_tifs,C:\Users\raglo\OneDrive - University of Arizona\Printz Lab\Data\Capillary_Bridges\masks_json
56.5,28.727921843528748,1.1111111111111112,0.6277777777777778,0.9576271186440678,0.2357282366071428,0.515752380952381,0,frame_0029.tif,12,C:\Users\raglo\OneDrive - University of Arizona\Printz Lab\Data\Capillary_Bridges\My_better_CLB_videos\5-9\s1_tifs,C:\Users\raglo\OneDrive - University of Arizona\Printz Lab\Data\Capillary_Bridges\masks_json
70.0,31.313708305358887,1.0,0.7,0.9790209790209792,0.0455422794117647,0.2365960784313725,0,frame_0029.tif,13,C:\Users\raglo\OneDrive - University of Arizona\Printz Lab\Data\Capillary_Bridges\My_better_CLB_videos\5-9\s1_tifs,C:\Users\raglo\OneDrive - University of Arizona\Printz Lab\Data\Capillary_Bridges\masks_json
45.5,25.071067690849304,1.0,0.7109375,1.0,0.8589877424568966,0.8901379310344828,0,frame_0029.tif,14,C:\Users\raglo\OneDrive - University of Arizona\Printz Lab\Data\Capillary_Bridges\My_better_CLB_videos\5-9\s1_tifs,C:\Users\raglo\OneDrive - University of Arizona\Printz Lab\Data\Capillary_Bridges\masks_json
0.0,2.0,2.0,0.0,0.0,0.4953974424959202,0.7213885693137696,0,frame_0030.tif,0,C:\Users\raglo\OneDrive - University of Arizona\Printz Lab\Data\Capillary_Bridges\My_better_CLB_videos\5-9\s1_tifs,C:\Users\raglo\OneDrive - University of Arizona\Printz Lab\Data\Capillary_Bridges\masks_json
22314.5,576.9777017831802,1.0125,0.8608989197530864,0.9940307815666972,0.0709202080842301,0.3828663625762071,1,frame_0030.tif,1,C:\Users\raglo\OneDrive - University of Arizona\Printz Lab\Data\Capillary_Bridges\My_better_CLB_videos\5-9\s1_tifs,C:\Users\raglo\OneDrive - University of Arizona\Printz Lab\Data\Capillary_Bridges\masks_json
0.5,5.414213538169861,1.5,0.0833333333333333,0.5,0.4801009832885008,0.1654515021118203,0,frame_0030.tif,2,C:\Users\raglo\OneDrive - University of Arizona\Printz Lab\Data\Capillary_Bridges\My_better_CLB_videos\5-9\s1_tifs,C:\Users\raglo\OneDrive - University of Arizona\Printz Lab\Data\Capillary_Bridges\masks_json
48082.0,933.646749138832,2.0245398773006134,0.8938836214909834,0.9789976279434373,0.8474106347980355,0.3706571567960531,1,frame_0030.tif,3,C:\Users\raglo\OneDrive - University of Arizona\Printz Lab\Data\Capillary_Bridges\My_better_CLB_videos\5-9\s1_tifs,C:\Users\raglo\OneDrive - University of Arizona\Printz Lab\Data\Capillary_Bridges\masks_json
3007.0,206.65180158615112,1.152542372881356,0.7495014955134596,0.986548556430446,0.2920707288638566,0.2811007751937984,0,frame_0030.tif,4,C:\Users\raglo\OneDrive - University of Arizona\Printz Lab\Data\Capillary_Bridges\My_better_CLB_videos\5-9\s1_tifs,C:\Users\raglo\OneDrive - University of Arizona\Printz Lab\Data\Capillary_Bridges\masks_json
680.0,166.79393708705902,0.8032786885245902,0.2275008364001338,0.8133971291866029,0.8986022213855421,0.3489424364123159,0,frame_0030.tif,5,C:\Users\raglo\OneDrive - University of Arizona\Printz Lab\Data\Capillary_Bridges\My_better_CLB_videos\5-9\s1_tifs,C:\Users\raglo\OneDrive - University of Arizona\Printz Lab\Data\Capillary_Bridges\masks_json
103.5,37.55634868144989,1.0,0.71875,0.9904306220095692,0.424296229338843,0.205862258953168,0,frame_0030.tif,6,C:\Users\raglo\OneDrive - University of Arizona\Printz Lab\Data\Capillary_Bridges\My_better_CLB_videos\5-9\s1_tifs,C:\Users\raglo\OneDrive - University of Arizona\Printz Lab\Data\Capillary_Bridges\masks_json
98.0,38.14213538169861,1.0,0.6805555555555556,0.9560975609756096,0.2367406384698276,0.6641379310344828,0,frame_0030.tif,7,C:\Users\raglo\OneDrive - University of Arizona\Printz Lab\Data\Capillary_Bridges\My_better_CLB_videos\5-9\s1_tifs,C:\Users\raglo\OneDrive - University of Arizona\Printz Lab\Data\Capillary_Bridges\masks_json
668.0,123.5979791879654,0.7317073170731707,0.5430894308943089,0.9455060155697098,0.9889789870689656,0.019319540229885,0,frame_0030.tif,8,C:\Users\raglo\OneDrive - University of Arizona\Printz Lab\Data\Capillary_Bridges\My_better_CLB_videos\5-9\s1_tifs,C:\Users\raglo\OneDrive - University of Arizona\Printz Lab\Data\Capillary_Bridges\masks_json
43.0,24.485281229019165,1.2857142857142858,0.6825396825396826,1.0,0.2353515625,0.5162424242424243,0,frame_0030.tif,9,C:\Users\raglo\OneDrive - University of Arizona\Printz Lab\Data\Capillary_Bridges\My_better_CLB_videos\5-9\s1_tifs,C:\Users\raglo\OneDrive - University of Arizona\Printz Lab\Data\Capillary_Bridges\masks_json
162.5,51.21320307254791,1.6666666666666667,0.6770833333333334,0.9558823529411764,0.7389900453629032,0.5087025089605735,0,frame_0030.tif,10,C:\Users\raglo\OneDrive - University of Arizona\Printz Lab\Data\Capillary_Bridges\My_better_CLB_videos\5-9\s1_tifs,C:\Users\raglo\OneDrive - University of Arizona\Printz Lab\Data\Capillary_Bridges\masks_json
51.5,27.899494767189022,1.0,0.6358024691358025,0.9537037037037036,0.2950270432692308,0.7031179487179486,0,frame_0030.tif,11,C:\Users\raglo\OneDrive - University of Arizona\Printz Lab\Data\Capillary_Bridges\My_better_CLB_videos\5-9\s1_tifs,C:\Users\raglo\OneDrive - University of Arizona\Printz Lab\Data\Capillary_Bridges\masks_json
42.0,24.485281229019165,1.0,0.65625,0.9767441860465116,0.5766239872685185,0.6744691358024691,0,frame_0030.tif,12,C:\Users\raglo\OneDrive - University of Arizona\Printz Lab\Data\Capillary_Bridges\My_better_CLB_videos\5-9\s1_tifs,C:\Users\raglo\OneDrive - University of Arizona\Printz Lab\Data\Capillary_Bridges\masks_json
48.0,26.485281229019165,1.125,0.6666666666666666,0.9696969696969696,0.8587826588114754,0.890120218579235,0,frame_0030.tif,13,C:\Users\raglo\OneDrive - University of Arizona\Printz Lab\Data\Capillary_Bridges\My_better_CLB_videos\5-9\s1_tifs,C:\Users\raglo\OneDrive - University of Arizona\Printz Lab\Data\Capillary_Bridges\masks_json
2.5,7.414213538169861,2.0,0.3125,1.0,0.4945233140309787,0.7190455898708525,0,frame_0031.tif,0,C:\Users\raglo\OneDrive - University of Arizona\Printz Lab\Data\Capillary_Bridges\My_better_CLB_videos\5-9\s1_tifs,C:\Users\raglo\OneDrive - University of Arizona\Printz Lab\Data\Capillary_Bridges\masks_json
23258.0,589.7056245803833,1.0060975609756098,0.8594974131559497,0.9945691682702588,0.0721905846242934,0.37996735942879,1,frame_0031.tif,1,C:\Users\raglo\OneDrive - University of Arizona\Printz Lab\Data\Capillary_Bridges\My_better_CLB_videos\5-9\s1_tifs,C:\Users\raglo\OneDrive - University of Arizona\Printz Lab\Data\Capillary_Bridges\masks_json
50867.0,951.9898960590364,2.0,0.8904975315990337,0.9788609750699984,0.8441528617667836,0.3692492773393094,1,frame_0031.tif,2,C:\Users\raglo\OneDrive - University of Arizona\Printz Lab\Data\Capillary_Bridges\My_better_CLB_videos\5-9\s1_tifs,C:\Users\raglo\OneDrive - University of Arizona\Printz Lab\Data\Capillary_Bridges\masks_json
11.0,17.656854152679443,1.4,0.3142857142857143,0.7333333333333333,0.482365653567384,0.1576156323739644,0,frame_0031.tif,3,C:\Users\raglo\OneDrive - University of Arizona\Printz Lab\Data\Capillary_Bridges\My_better_CLB_videos\5-9\s1_tifs,C:\Users\raglo\OneDrive - University of Arizona\Printz Lab\Data\Capillary_Bridges\masks_json
3023.0,207.4802287817001,1.1333333333333333,0.7409313725490196,0.9854930725346374,0.2925419746143959,0.2804125964010283,0,frame_0031.tif,4,C:\Users\raglo\OneDrive - University of Arizona\Printz Lab\Data\Capillary_Bridges\My_better_CLB_videos\5-9\s1_tifs,C:\Users\raglo\OneDrive - University of Arizona\Printz Lab\Data\Capillary_Bridges\masks_json
669.5,122.18376529216766,0.775,0.5399193548387097,0.9571122230164404,0.9882247546487604,0.018001836547291,0,frame_0031.tif,5,C:\Users\raglo\OneDrive - University of Arizona\Printz Lab\Data\Capillary_Bridges\My_better_CLB_videos\5-9\s1_tifs,C:\Users\raglo\OneDrive - University of Arizona\Printz Lab\Data\Capillary_Bridges\masks_json
681.5,166.20815062522888,0.8032786885245902,0.2280026764804282,0.8225709112854557,0.8986163623830213,0.3486773618538324,0,frame_0031.tif,6,C:\Users\raglo\OneDrive - University of Arizona\Printz Lab\Data\Capillary_Bridges\My_better_CLB_videos\5-9\s1_tifs,C:\Users\raglo\OneDrive - University of Arizona\Printz Lab\Data\Capillary_Bridges\masks_json
99.5,37.55634880065918,1.0,0.6909722222222222,0.9707317073170731,0.4243706597222222,0.2057777777777777,0,frame_0031.tif,7,C:\Users\raglo\OneDrive - University of Arizona\Printz Lab\Data\Capillary_Bridges\My_better_CLB_videos\5-9\s1_tifs,C:\Users\raglo\OneDrive - University of Arizona\Printz Lab\Data\Capillary_Bridges\masks_json
96.5,36.72792172431946,1.0909090909090908,0.7310606060606061,0.9846938775510204,0.236730742872807,0.6639883040935672,0,frame_0031.tif,8,C:\Users\raglo\OneDrive - University of Arizona\Printz Lab\Data\Capillary_Bridges\My_better_CLB_videos\5-9\s1_tifs,C:\Users\raglo\OneDrive - University of Arizona\Printz Lab\Data\Capillary_Bridges\masks_json
160.5,50.38477599620819,1.5833333333333333,0.7039473684210527,0.963963963963964,0.7390985903532609,0.5084492753623189,0,frame_0031.tif,9,C:\Users\raglo\OneDrive - University of Arizona\Printz Lab\Data\Capillary_Bridges\My_better_CLB_videos\5-9\s1_tifs,C:\Users\raglo\OneDrive - University of Arizona\Printz Lab\Data\Capillary_Bridges\masks_json
39.0,24.485281229019165,1.2857142857142858,0.6190476190476191,0.951219512195122,0.2357536764705882,0.5161307189542484,0,frame_0031.tif,10,C:\Users\raglo\OneDrive - University of Arizona\Printz Lab\Data\Capillary_Bridges\My_better_CLB_videos\5-9\s1_tifs,C:\Users\raglo\OneDrive - University of Arizona\Printz Lab\Data\Capillary_Bridges\masks_json
45.0,27.313708305358887,1.0,0.5555555555555556,0.8910891089108911,0.2955953663793103,0.702551724137931,0,frame_0031.tif,11,C:\Users\raglo\OneDrive - University of Arizona\Printz Lab\Data\Capillary_Bridges\My_better_CLB_videos\5-9\s1_tifs,C:\Users\raglo\OneDrive - University of Arizona\Printz Lab\Data\Capillary_Bridges\masks_json
59.5,29.55634880065918,1.0,0.595,0.952,0.5763324058219178,0.6752146118721462,0,frame_0031.tif,12,C:\Users\raglo\OneDrive - University of Arizona\Printz Lab\Data\Capillary_Bridges\My_better_CLB_videos\5-9\s1_tifs,C:\Users\raglo\OneDrive - University of Arizona\Printz Lab\Data\Capillary_Bridges\masks_json
37.0,22.485281229019165,1.1428571428571428,0.6607142857142857,1.0,0.295654296875,0.7026666666666667,0,frame_0031.tif,13,C:\Users\raglo\OneDrive - University of Arizona\Printz Lab\Data\Capillary_Bridges\My_better_CLB_videos\5-9\s1_tifs,C:\Users\raglo\OneDrive - University of Arizona\Printz Lab\Data\Capillary_Bridges\masks_json
45.5,25.899494767189022,1.125,0.6319444444444444,0.9578947368421052,0.5764244342672413,0.6752413793103448,0,frame_0031.tif,14,C:\Users\raglo\OneDrive - University of Arizona\Printz Lab\Data\Capillary_Bridges\My_better_CLB_videos\5-9\s1_tifs,C:\Users\raglo\OneDrive - University of Arizona\Printz Lab\Data\Capillary_Bridges\masks_json
54.5,27.899494767189022,1.25,0.68125,0.981981981981982,0.85888671875,0.8900784313725489,0,frame_0031.tif,15,C:\Users\raglo\OneDrive - University of Arizona\Printz Lab\Data\Capillary_Bridges\My_better_CLB_videos\5-9\s1_tifs,C:\Users\raglo\OneDrive - University of Arizona\Printz Lab\Data\Capillary_Bridges\masks_json
419671.5,2922.281305551529,2.295964125560538,0.91891356327074,0.964717714128086,0.4933459168806062,0.7188193383982198,0,frame_0032.tif,0,C:\Users\raglo\OneDrive - University of Arizona\Printz Lab\Data\Capillary_Bridges\My_better_CLB_videos\5-9\s1_tifs,C:\Users\raglo\OneDrive - University of Arizona\Printz Lab\Data\Capillary_Bridges\masks_json
23895.5,599.9482644796371,1.0,0.8466376133786848,0.9898920855858656,0.0739061578828968,0.3776905106670528,1,frame_0032.tif,1,C:\Users\raglo\OneDrive - University of Arizona\Printz Lab\Data\Capillary_Bridges\My_better_CLB_videos\5-9\s1_tifs,C:\Users\raglo\OneDrive - University of Arizona\Printz Lab\Data\Capillary_Bridges\masks_json
10.5,12.242640614509584,1.25,0.525,1.0,0.4839058373421426,0.151797561273524,0,frame_0032.tif,2,C:\Users\raglo\OneDrive - University of Arizona\Printz Lab\Data\Capillary_Bridges\My_better_CLB_videos\5-9\s1_tifs,C:\Users\raglo\OneDrive - University of Arizona\Printz Lab\Data\Capillary_Bridges\masks_json
54170.0,982.617311835289,1.9942196531791907,0.9075982240093826,0.9852315303190134,0.8415373222579391,0.3657249504286019,1,frame_0032.tif,3,C:\Users\raglo\OneDrive - University of Arizona\Printz Lab\Data\Capillary_Bridges\My_better_CLB_videos\5-9\s1_tifs,C:\Users\raglo\OneDrive - University of Arizona\Printz Lab\Data\Capillary_Bridges\masks_json
3006.0,207.48022782802585,1.1333333333333333,0.736764705882353,0.9839607201309328,0.2920041776050081,0.2805105008077544,0,frame_0032.tif,4,C:\Users\raglo\OneDrive - University of Arizona\Printz Lab\Data\Capillary_Bridges\My_better_CLB_videos\5-9\s1_tifs,C:\Users\raglo\OneDrive - University of Arizona\Printz Lab\Data\Capillary_Bridges\masks_json
672.0,165.622363448143,0.8032786885245902,0.2248243559718969,0.830655129789864,0.8984679348746613,0.3487317073170732,0,frame_0032.tif,5,C:\Users\raglo\OneDrive - University of Arizona\Printz Lab\Data\Capillary_Bridges\My_better_CLB_videos\5-9\s1_tifs,C:\Users\raglo\OneDrive - University of Arizona\Printz Lab\Data\Capillary_Bridges\masks_json
98.0,36.97056233882904,1.0,0.6805555555555556,0.98,0.4246858016304348,0.2060405797101449,0,frame_0032.tif,6,C:\Users\raglo\OneDrive - University of Arizona\Printz Lab\Data\Capillary_Bridges\My_better_CLB_videos\5-9\s1_tifs,C:\Users\raglo\OneDrive - University of Arizona\Printz Lab\Data\Capillary_Bridges\masks_json
101.5,38.3847758769989,1.0833333333333333,0.6506410256410257,0.962085308056872,0.2369353991596638,0.6642128851540616,0,frame_0032.tif,7,C:\Users\raglo\OneDrive - University of Arizona\Printz Lab\Data\Capillary_Bridges\My_better_CLB_videos\5-9\s1_tifs,C:\Users\raglo\OneDrive - University of Arizona\Printz Lab\Data\Capillary_Bridges\masks_json
700.5,126.18376576900482,0.7804878048780488,0.5339176829268293,0.9459824442943956,0.9881603055006588,0.0187316644707949,0,frame_0032.tif,8,C:\Users\raglo\OneDrive - University of Arizona\Printz Lab\Data\Capillary_Bridges\My_better_CLB_videos\5-9\s1_tifs,C:\Users\raglo\OneDrive - University of Arizona\Printz Lab\Data\Capillary_Bridges\masks_json
164.5,53.21320307254791,1.75,0.6527777777777778,0.9373219373219374,0.7390821345899471,0.5085432098765432,0,frame_0032.tif,9,C:\Users\raglo\OneDrive - University of Arizona\Printz Lab\Data\Capillary_Bridges\My_better_CLB_videos\5-9\s1_tifs,C:\Users\raglo\OneDrive - University of Arizona\Printz Lab\Data\Capillary_Bridges\masks_json
43.0,25.656854152679443,1.2857142857142858,0.6825396825396826,0.9662921348314608,0.2352992466517857,0.5160714285714286,0,frame_0032.tif,10,C:\Users\raglo\OneDrive - University of Arizona\Printz Lab\Data\Capillary_Bridges\My_better_CLB_videos\5-9\s1_tifs,C:\Users\raglo\OneDrive - University of Arizona\Printz Lab\Data\Capillary_Bridges\masks_json
55.0,28.14213538169861,1.375,0.625,0.9821428571428572,0.2353515625,0.5163529411764706,0,frame_0032.tif,11,C:\Users\raglo\OneDrive - University of Arizona\Printz Lab\Data\Capillary_Bridges\My_better_CLB_videos\5-9\s1_tifs,C:\Users\raglo\OneDrive - University of Arizona\Printz Lab\Data\Capillary_Bridges\masks_json
122.0,40.97056245803833,1.1666666666666667,0.7261904761904762,0.991869918699187,0.6032593639184397,0.2084160756501182,0,frame_0032.tif,12,C:\Users\raglo\OneDrive - University of Arizona\Printz Lab\Data\Capillary_Bridges\My_better_CLB_videos\5-9\s1_tifs,C:\Users\raglo\OneDrive - University of Arizona\Printz Lab\Data\Capillary_Bridges\masks_json
58.5,28.727921724319454,1.1111111111111112,0.65,0.975,0.2957085503472222,0.7027037037037037,0,frame_0032.tif,13,C:\Users\raglo\OneDrive - University of Arizona\Printz Lab\Data\Capillary_Bridges\My_better_CLB_videos\5-9\s1_tifs,C:\Users\raglo\OneDrive - University of Arizona\Printz Lab\Data\Capillary_Bridges\masks_json
41.0,24.485281229019165,1.0,0.640625,0.9647058823529412,0.2954009433962264,0.7027672955974843,0,frame_0032.tif,14,C:\Users\raglo\OneDrive - University of Arizona\Printz Lab\Data\Capillary_Bridges\My_better_CLB_videos\5-9\s1_tifs,C:\Users\raglo\OneDrive - University of Arizona\Printz Lab\Data\Capillary_Bridges\masks_json
56.0,28.14213514328003,1.1111111111111112,0.6222222222222222,0.9739130434782608,0.5764973958333334,0.6745314009661836,0,frame_0032.tif,15,C:\Users\raglo\OneDrive - University of Arizona\Printz Lab\Data\Capillary_Bridges\My_better_CLB_videos\5-9\s1_tifs,C:\Users\raglo\OneDrive - University of Arizona\Printz Lab\Data\Capillary_Bridges\masks_json
41.0,24.485281229019165,1.0,0.640625,0.9647058823529412,0.5766509433962265,0.674566037735849,0,frame_0032.tif,16,C:\Users\raglo\OneDrive - University of Arizona\Printz Lab\Data\Capillary_Bridges\My_better_CLB_videos\5-9\s1_tifs,C:\Users\raglo\OneDrive - University of Arizona\Printz Lab\Data\Capillary_Bridges\masks_json
53.0,27.313708305358887,1.25,0.6625,0.9814814814814816,0.8587535511363636,0.889959595959596,0,frame_0032.tif,17,C:\Users\raglo\OneDrive - University of Arizona\Printz Lab\Data\Capillary_Bridges\My_better_CLB_videos\5-9\s1_tifs,C:\Users\raglo\OneDrive - University of Arizona\Printz Lab\Data\Capillary_Bridges\masks_json
44.0,24.485281229019165,1.0,0.6875,1.0,0.8909040178571429,0.0513333333333333,0,frame_0032.tif,18,C:\Users\raglo\OneDrive - University of Arizona\Printz Lab\Data\Capillary_Bridges\My_better_CLB_videos\5-9\s1_tifs,C:\Users\raglo\OneDrive - University of Arizona\Printz Lab\Data\Capillary_Bridges\masks_json
37.0,23.656854152679443,1.1428571428571428,0.6607142857142857,0.9736842105263158,0.8589166135204082,0.8897142857142858,0,frame_0032.tif,19,C:\Users\raglo\OneDrive - University of Arizona\Printz Lab\Data\Capillary_Bridges\My_better_CLB_videos\5-9\s1_tifs,C:\Users\raglo\OneDrive - University of Arizona\Printz Lab\Data\Capillary_Bridges\masks_json
0.0,2.0,2.0,0.0,0.0,0.4951271540460791,0.7212860896662261,0,frame_0033.tif,0,C:\Users\raglo\OneDrive - University of Arizona\Printz Lab\Data\Capillary_Bridges\My_better_CLB_videos\5-9\s1_tifs,C:\Users\raglo\OneDrive - University of Arizona\Printz Lab\Data\Capillary_Bridges\masks_json
25585.0,621.0193340778351,0.9771428571428572,0.8549707602339182,0.9940554821664463,0.0743270891718206,0.3724430356912769,1,frame_0033.tif,1,C:\Users\raglo\OneDrive - University of Arizona\Printz Lab\Data\Capillary_Bridges\My_better_CLB_videos\5-9\s1_tifs,C:\Users\raglo\OneDrive - University of Arizona\Printz Lab\Data\Capillary_Bridges\masks_json
4.0,8.828427076339722,0.75,0.3333333333333333,0.8888888888888888,0.4951537598424783,0.1197984140942842,0,frame_0033.tif,2,C:\Users\raglo\OneDrive - University of Arizona\Printz Lab\Data\Capillary_Bridges\My_better_CLB_videos\5-9\s1_tifs,C:\Users\raglo\OneDrive - University of Arizona\Printz Lab\Data\Capillary_Bridges\masks_json
56079.5,1000.859952569008,2.0,0.9052088713842976,0.986065199043466,0.8374484194255531,0.362284686724328,1,frame_0033.tif,3,C:\Users\raglo\OneDrive - University of Arizona\Printz Lab\Data\Capillary_Bridges\My_better_CLB_videos\5-9\s1_tifs,C:\Users\raglo\OneDrive - University of Arizona\Printz Lab\Data\Capillary_Bridges\masks_json
713.0,167.62236535549164,0.7903225806451613,0.2346938775510204,0.8266666666666667,0.8988030849358974,0.3491538461538462,0,frame_0033.tif,4,C:\Users\raglo\OneDrive - University of Arizona\Printz Lab\Data\Capillary_Bridges\My_better_CLB_videos\5-9\s1_tifs,C:\Users\raglo\OneDrive - University of Arizona\Printz Lab\Data\Capillary_Bridges\masks_json
94.5,36.38477575778961,1.0,0.65625,0.9742268041237112,0.4240304757882883,0.2061261261261261,0,frame_0033.tif,5,C:\Users\raglo\OneDrive - University of Arizona\Printz Lab\Data\Capillary_Bridges\My_better_CLB_videos\5-9\s1_tifs,C:\Users\raglo\OneDrive - University of Arizona\Printz Lab\Data\Capillary_Bridges\masks_json
99.0,38.14213538169861,1.0,0.6875,0.9611650485436892,0.2368038862179487,0.6642051282051282,0,frame_0033.tif,6,C:\Users\raglo\OneDrive - University of Arizona\Printz Lab\Data\Capillary_Bridges\My_better_CLB_videos\5-9\s1_tifs,C:\Users\raglo\OneDrive - University of Arizona\Printz Lab\Data\Capillary_Bridges\masks_json
162.0,51.79898953437805,1.6666666666666667,0.675,0.9501466275659824,0.7388272849462365,0.5085161290322581,0,frame_0033.tif,7,C:\Users\raglo\OneDrive - University of Arizona\Printz Lab\Data\Capillary_Bridges\My_better_CLB_videos\5-9\s1_tifs,C:\Users\raglo\OneDrive - University of Arizona\Printz Lab\Data\Capillary_Bridges\masks_json
700.0,127.5979790687561,0.7209302325581395,0.5251312828207052,0.9543285616905248,0.9889245718050066,0.0201212121212121,0,frame_0033.tif,8,C:\Users\raglo\OneDrive - University of Arizona\Printz Lab\Data\Capillary_Bridges\My_better_CLB_videos\5-9\s1_tifs,C:\Users\raglo\OneDrive - University of Arizona\Printz Lab\Data\Capillary_Bridges\masks_json
40.0,24.485281229019165,1.2857142857142858,0.6349206349206349,0.963855421686747,0.2356708233173076,0.5161282051282051,0,frame_0033.tif,9,C:\Users\raglo\OneDrive - University of Arizona\Printz Lab\Data\Capillary_Bridges\My_better_CLB_videos\5-9\s1_tifs,C:\Users\raglo\OneDrive - University of Arizona\Printz Lab\Data\Capillary_Bridges\masks_json
55.5,28.727921724319454,1.1111111111111112,0.6166666666666667,0.9487179487179488,0.2957144474637681,0.7027053140096619,0,frame_0033.tif,10,C:\Users\raglo\OneDrive - University of Arizona\Printz Lab\Data\Capillary_Bridges\My_better_CLB_videos\5-9\s1_tifs,C:\Users\raglo\OneDrive - University of Arizona\Printz Lab\Data\Capillary_Bridges\masks_json
39.0,23.656854152679443,1.1428571428571428,0.6964285714285714,0.9873417721518988,0.2954580269607843,0.7027450980392156,0,frame_0033.tif,11,C:\Users\raglo\OneDrive - University of Arizona\Printz Lab\Data\Capillary_Bridges\My_better_CLB_videos\5-9\s1_tifs,C:\Users\raglo\OneDrive - University of Arizona\Printz Lab\Data\Capillary_Bridges\masks_json
57.0,29.313708305358887,1.1111111111111112,0.6333333333333333,0.9421487603305784,0.576722051056338,0.6747042253521126,0,frame_0033.tif,12,C:\Users\raglo\OneDrive - University of Arizona\Printz Lab\Data\Capillary_Bridges\My_better_CLB_videos\5-9\s1_tifs,C:\Users\raglo\OneDrive - University of Arizona\Printz Lab\Data\Capillary_Bridges\masks_json
45.0,25.656854152679443,1.0,0.703125,0.9782608695652174,0.8589709051724138,0.89,0,frame_0033.tif,13,C:\Users\raglo\OneDrive - University of Arizona\Printz Lab\Data\Capillary_Bridges\My_better_CLB_videos\5-9\s1_tifs,C:\Users\raglo\OneDrive - University of Arizona\Printz Lab\Data\Capillary_Bridges\masks_json
40.0,23.656854152679443,1.1428571428571428,0.7142857142857143,1.0,0.57666015625,0.6746666666666666,0,frame_0033.tif,14,C:\Users\raglo\OneDrive - University of Arizona\Printz Lab\Data\Capillary_Bridges\My_better_CLB_videos\5-9\s1_tifs,C:\Users\raglo\OneDrive - University of Arizona\Printz Lab\Data\Capillary_Bridges\masks_json
14.0,29.313708305358887,4.666666666666667,0.3333333333333333,0.6086956521739131,0.4942959635023165,0.7191840325782869,0,frame_0034.tif,0,C:\Users\raglo\OneDrive - University of Arizona\Printz Lab\Data\Capillary_Bridges\My_better_CLB_videos\5-9\s1_tifs,C:\Users\raglo\OneDrive - University of Arizona\Printz Lab\Data\Capillary_Bridges\masks_json
25889.0,624.1909055709839,0.9829545454545454,0.8502693116132423,0.9922958988118052,0.0762176140596347,0.371999185004075,1,frame_0034.tif,1,C:\Users\raglo\OneDrive - University of Arizona\Printz Lab\Data\Capillary_Bridges\My_better_CLB_videos\5-9\s1_tifs,C:\Users\raglo\OneDrive - University of Arizona\Printz Lab\Data\Capillary_Bridges\masks_json
59162.5,1021.6883788108826,1.9456521739130437,0.8981433689579791,0.9830597188528132,0.8347957892064604,0.3576682036406722,1,frame_0034.tif,2,C:\Users\raglo\OneDrive - University of Arizona\Printz Lab\Data\Capillary_Bridges\My_better_CLB_videos\5-9\s1_tifs,C:\Users\raglo\OneDrive - University of Arizona\Printz Lab\Data\Capillary_Bridges\masks_json
684.0,167.62236392498016,0.7903225806451613,0.2251481237656352,0.8123515439429929,0.8985571321571239,0.3490670217487794,0,frame_0034.tif,3,C:\Users\raglo\OneDrive - University of Arizona\Printz Lab\Data\Capillary_Bridges\My_better_CLB_videos\5-9\s1_tifs,C:\Users\raglo\OneDrive - University of Arizona\Printz Lab\Data\Capillary_Bridges\masks_json
101.0,38.14213526248932,1.0,0.7013888888888888,0.9665071770334928,0.4245420824579832,0.2060168067226891,0,frame_0034.tif,4,C:\Users\raglo\OneDrive - University of Arizona\Printz Lab\Data\Capillary_Bridges\My_better_CLB_videos\5-9\s1_tifs,C:\Users\raglo\OneDrive - University of Arizona\Printz Lab\Data\Capillary_Bridges\masks_json
96.5,37.55634880065918,1.0,0.6701388888888888,0.9601990049751244,0.2367735745614035,0.6640233918128654,0,frame_0034.tif,5,C:\Users\raglo\OneDrive - University of Arizona\Printz Lab\Data\Capillary_Bridges\My_better_CLB_videos\5-9\s1_tifs,C:\Users\raglo\OneDrive - University of Arizona\Printz Lab\Data\Capillary_Bridges\masks_json
625.5,123.01219308376312,0.7560975609756098,0.49213217938631,0.9470098410295232,0.9890501855755132,0.0182150537634408,0,frame_0034.tif,6,C:\Users\raglo\OneDrive - University of Arizona\Printz Lab\Data\Capillary_Bridges\My_better_CLB_videos\5-9\s1_tifs,C:\Users\raglo\OneDrive - University of Arizona\Printz Lab\Data\Capillary_Bridges\masks_json
159.5,51.21320295333862,1.6666666666666667,0.6645833333333333,0.9522388059701492,0.7386601349043715,0.5086193078324226,0,frame_0034.tif,7,C:\Users\raglo\OneDrive - University of Arizona\Printz Lab\Data\Capillary_Bridges\My_better_CLB_videos\5-9\s1_tifs,C:\Users\raglo\OneDrive - University of Arizona\Printz Lab\Data\Capillary_Bridges\masks_json
38.0,23.656854152679443,1.1428571428571428,0.6785714285714286,0.9743589743589745,0.23583984375,0.51616,0,frame_0034.tif,8,C:\Users\raglo\OneDrive - University of Arizona\Printz Lab\Data\Capillary_Bridges\My_better_CLB_videos\5-9\s1_tifs,C:\Users\raglo\OneDrive - University of Arizona\Printz Lab\Data\Capillary_Bridges\masks_json
53.5,27.899494767189022,1.0,0.6604938271604939,0.963963963963964,0.2957235307835821,0.702766169154229,0,frame_0034.tif,9,C:\Users\raglo\OneDrive - University of Arizona\Printz Lab\Data\Capillary_Bridges\My_better_CLB_videos\5-9\s1_tifs,C:\Users\raglo\OneDrive - University of Arizona\Printz Lab\Data\Capillary_Bridges\masks_json
3127.0,214.6518021821976,1.1129032258064515,0.7309490416082282,0.9804044521084808,0.2916867842585404,0.2795101449275362,0,frame_0034.tif,10,C:\Users\raglo\OneDrive - University of Arizona\Printz Lab\Data\Capillary_Bridges\My_better_CLB_videos\5-9\s1_tifs,C:\Users\raglo\OneDrive - University of Arizona\Printz Lab\Data\Capillary_Bridges\masks_json
38.5,23.071067690849304,1.1428571428571428,0.6875,1.0,0.29552734375,0.7028,0,frame_0034.tif,11,C:\Users\raglo\OneDrive - University of Arizona\Printz Lab\Data\Capillary_Bridges\My_better_CLB_videos\5-9\s1_tifs,C:\Users\raglo\OneDrive - University of Arizona\Printz Lab\Data\Capillary_Bridges\masks_json
59.0,29.313708305358887,1.1111111111111112,0.6555555555555556,0.959349593495935,0.5764126712328768,0.674648401826484,0,frame_0034.tif,12,C:\Users\raglo\OneDrive - University of Arizona\Printz Lab\Data\Capillary_Bridges\My_better_CLB_videos\5-9\s1_tifs,C:\Users\raglo\OneDrive - University of Arizona\Printz Lab\Data\Capillary_Bridges\masks_json
50.5,26.727921843528748,1.25,0.63125,0.9805825242718448,0.8591889880952381,0.8901587301587301,0,frame_0034.tif,13,C:\Users\raglo\OneDrive - University of Arizona\Printz Lab\Data\Capillary_Bridges\My_better_CLB_videos\5-9\s1_tifs,C:\Users\raglo\OneDrive - University of Arizona\Printz Lab\Data\Capillary_Bridges\masks_json
27094.0,637.01933157444,0.967032967032967,0.8458416583416584,0.9929634244667596,0.0772394364228466,0.3684193717213763,1,frame_0035.tif,0,C:\Users\raglo\OneDrive - University of Arizona\Printz Lab\Data\Capillary_Bridges\My_better_CLB_videos\5-9\s1_tifs,C:\Users\raglo\OneDrive - University of Arizona\Printz Lab\Data\Capillary_Bridges\masks_json
186501.0,2564.063050031662,4.7627906976744185,0.8471157340116279,0.9169534691629956,0.4870360384944582,0.1261176387001661,0,frame_0035.tif,1,C:\Users\raglo\OneDrive - University of Arizona\Printz Lab\Data\Capillary_Bridges\My_better_CLB_videos\5-9\s1_tifs,C:\Users\raglo\OneDrive - University of Arizona\Printz Lab\Data\Capillary_Bridges\masks_json
421182.5,2923.310744404793,2.265486725663717,0.9099801662748894,0.9605972280190396,0.4931316057801866,0.7175636254066213,0,frame_0035.tif,2,C:\Users\raglo\OneDrive - University of Arizona\Printz Lab\Data\Capillary_Bridges\My_better_CLB_videos\5-9\s1_tifs,C:\Users\raglo\OneDrive - University of Arizona\Printz Lab\Data\Capillary_Bridges\masks_json
63175.5,1065.4284942150116,1.847715736040609,0.881010486974954,0.9787822449453868,0.8333385228107134,0.3550043768716885,1,frame_0035.tif,3,C:\Users\raglo\OneDrive - University of Arizona\Printz Lab\Data\Capillary_Bridges\My_better_CLB_videos\5-9\s1_tifs,C:\Users\raglo\OneDrive - University of Arizona\Printz Lab\Data\Capillary_Bridges\masks_json
47650.5,1216.918827533722,4.684684684684685,0.825545738045738,0.9269713741014892,0.3990368370907799,0.3314248355172223,0,frame_0035.tif,4,C:\Users\raglo\OneDrive - University of Arizona\Printz Lab\Data\Capillary_Bridges\My_better_CLB_videos\5-9\s1_tifs,C:\Users\raglo\OneDrive - University of Arizona\Printz Lab\Data\Capillary_Bridges\masks_json
686.0,166.7939374446869,0.8032786885245902,0.2295081967213114,0.8094395280235989,0.8985983150730412,0.348787959274015,0,frame_0035.tif,5,C:\Users\raglo\OneDrive - University of Arizona\Printz Lab\Data\Capillary_Bridges\My_better_CLB_videos\5-9\s1_tifs,C:\Users\raglo\OneDrive - University of Arizona\Printz Lab\Data\Capillary_Bridges\masks_json
98.5,37.55634880065918,1.0,0.6840277777777778,0.9704433497536946,0.2367658943965517,0.6643448275862069,0,frame_0035.tif,6,C:\Users\raglo\OneDrive - University of Arizona\Printz Lab\Data\Capillary_Bridges\My_better_CLB_videos\5-9\s1_tifs,C:\Users\raglo\OneDrive - University of Arizona\Printz Lab\Data\Capillary_Bridges\masks_json
41.0,24.485281229019165,1.2857142857142858,0.6507936507936508,0.9761904761904762,0.2356279481132075,0.5160503144654088,0,frame_0035.tif,7,C:\Users\raglo\OneDrive - University of Arizona\Printz Lab\Data\Capillary_Bridges\My_better_CLB_videos\5-9\s1_tifs,C:\Users\raglo\OneDrive - University of Arizona\Printz Lab\Data\Capillary_Bridges\masks_json
102.5,37.55634868144989,1.0,0.7118055555555556,0.9855769230769232,0.4243245442708333,0.2059222222222222,0,frame_0035.tif,8,C:\Users\raglo\OneDrive - University of Arizona\Printz Lab\Data\Capillary_Bridges\My_better_CLB_videos\5-9\s1_tifs,C:\Users\raglo\OneDrive - University of Arizona\Printz Lab\Data\Capillary_Bridges\masks_json
164.0,51.79898953437805,1.6666666666666667,0.6833333333333333,0.9534883720930232,0.7388162815824468,0.5086950354609929,0,frame_0035.tif,9,C:\Users\raglo\OneDrive - University of Arizona\Printz Lab\Data\Capillary_Bridges\My_better_CLB_videos\5-9\s1_tifs,C:\Users\raglo\OneDrive - University of Arizona\Printz Lab\Data\Capillary_Bridges\masks_json
57.0,28.14213526248932,1.1111111111111112,0.6333333333333333,0.9827586206896552,0.2958286830357143,0.7026476190476191,0,frame_0035.tif,10,C:\Users\raglo\OneDrive - University of Arizona\Printz Lab\Data\Capillary_Bridges\My_better_CLB_videos\5-9\s1_tifs,C:\Users\raglo\OneDrive - University of Arizona\Printz Lab\Data\Capillary_Bridges\masks_json
41.5,25.071067690849304,1.0,0.6484375,0.9651162790697676,0.2954644097222222,0.702641975308642,0,frame_0035.tif,11,C:\Users\raglo\OneDrive - University of Arizona\Printz Lab\Data\Capillary_Bridges\My_better_CLB_videos\5-9\s1_tifs,C:\Users\raglo\OneDrive - University of Arizona\Printz Lab\Data\Capillary_Bridges\masks_json
60.0,29.313708305358887,1.1111111111111112,0.6666666666666666,0.967741935483871,0.5764754011824325,0.6746666666666666,0,frame_0035.tif,12,C:\Users\raglo\OneDrive - University of Arizona\Printz Lab\Data\Capillary_Bridges\My_better_CLB_videos\5-9\s1_tifs,C:\Users\raglo\OneDrive - University of Arizona\Printz Lab\Data\Capillary_Bridges\masks_json
49.0,26.485281229019165,1.125,0.6805555555555556,0.98,0.8587449596774194,0.8900430107526881,0,frame_0035.tif,13,C:\Users\raglo\OneDrive - University of Arizona\Printz Lab\Data\Capillary_Bridges\My_better_CLB_videos\5-9\s1_tifs,C:\Users\raglo\OneDrive - University of Arizona\Printz Lab\Data\Capillary_Bridges\masks_json
420678.5,2977.158503293991,2.260485651214128,0.9068848734133554,0.9589403475339134,0.4926076913925311,0.7186599017010366,0,frame_0036.tif,0,C:\Users\raglo\OneDrive - University of Arizona\Printz Lab\Data\Capillary_Bridges\My_better_CLB_videos\5-9\s1_tifs,C:\Users\raglo\OneDrive - University of Arizona\Printz Lab\Data\Capillary_Bridges\masks_json
180774.0,2478.641696691513,5.069306930693069,0.8739460860148515,0.9367305061559508,0.4893718341983388,0.1225015460355689,0,frame_0036.tif,1,C:\Users\raglo\OneDrive - University of Arizona\Printz Lab\Data\Capillary_Bridges\My_better_CLB_videos\5-9\s1_tifs,C:\Users\raglo\OneDrive - University of Arizona\Printz Lab\Data\Capillary_Bridges\masks_json
28440.5,650.9188275337219,0.952127659574468,0.8451355045762511,0.9935545851528385,0.0783182464921361,0.3641999605646218,1,frame_0036.tif,2,C:\Users\raglo\OneDrive - University of Arizona\Printz Lab\Data\Capillary_Bridges\My_better_CLB_videos\5-9\s1_tifs,C:\Users\raglo\OneDrive - University of Arizona\Printz Lab\Data\Capillary_Bridges\masks_json
64022.5,1057.002087712288,1.892307692307692,0.8897574873184629,0.9805866135702253,0.8296661998969264,0.3530474138599129,1,frame_0036.tif,3,C:\Users\raglo\OneDrive - University of Arizona\Printz Lab\Data\Capillary_Bridges\My_better_CLB_videos\5-9\s1_tifs,C:\Users\raglo\OneDrive - University of Arizona\Printz Lab\Data\Capillary_Bridges\masks_json
45113.0,1222.558436512947,4.603603603603603,0.7953491652121789,0.9168749872975224,0.3935201675289463,0.3320353411544972,0,frame_0036.tif,4,C:\Users\raglo\OneDrive - University of Arizona\Printz Lab\Data\Capillary_Bridges\My_better_CLB_videos\5-9\s1_tifs,C:\Users\raglo\OneDrive - University of Arizona\Printz Lab\Data\Capillary_Bridges\masks_json
814.0,131.5979791879654,0.6888888888888889,0.5835125448028674,0.9748502994011976,0.9878370535714286,0.021135238095238,0,frame_0036.tif,5,C:\Users\raglo\OneDrive - University of Arizona\Printz Lab\Data\Capillary_Bridges\My_better_CLB_videos\5-9\s1_tifs,C:\Users\raglo\OneDrive - University of Arizona\Printz Lab\Data\Capillary_Bridges\masks_json
0.0,0.0,1.0,0.0,0.0,0.0777201430280389,0.3632585180210432,0,frame_0036.tif,6,C:\Users\raglo\OneDrive - University of Arizona\Printz Lab\Data\Capillary_Bridges\My_better_CLB_videos\5-9\s1_tifs,C:\Users\raglo\OneDrive - University of Arizona\Printz Lab\Data\Capillary_Bridges\masks_json
655.0,165.62236392498016,0.8032786885245902,0.2191368350618936,0.8131595282433272,0.8985783633841886,0.3489301895515487,0,frame_0036.tif,7,C:\Users\raglo\OneDrive - University of Arizona\Printz Lab\Data\Capillary_Bridges\My_better_CLB_videos\5-9\s1_tifs,C:\Users\raglo\OneDrive - University of Arizona\Printz Lab\Data\Capillary_Bridges\masks_json
103.0,38.14213538169861,1.0,0.7152777777777778,0.976303317535545,0.2368446539256198,0.6643856749311295,0,frame_0036.tif,8,C:\Users\raglo\OneDrive - University of Arizona\Printz Lab\Data\Capillary_Bridges\My_better_CLB_videos\5-9\s1_tifs,C:\Users\raglo\OneDrive - University of Arizona\Printz Lab\Data\Capillary_Bridges\masks_json
42.0,25.656854152679443,1.2857142857142858,0.6666666666666666,0.9545454545454546,0.2353515625,0.516,0,frame_0036.tif,9,C:\Users\raglo\OneDrive - University of Arizona\Printz Lab\Data\Capillary_Bridges\My_better_CLB_videos\5-9\s1_tifs,C:\Users\raglo\OneDrive - University of Arizona\Printz Lab\Data\Capillary_Bridges\masks_json
157.0,51.79898941516876,1.6666666666666667,0.6541666666666667,0.940119760479042,0.7387938104281768,0.5083093922651933,0,frame_0036.tif,10,C:\Users\raglo\OneDrive - University of Arizona\Printz Lab\Data\Capillary_Bridges\My_better_CLB_videos\5-9\s1_tifs,C:\Users\raglo\OneDrive - University of Arizona\Printz Lab\Data\Capillary_Bridges\masks_json
53.5,29.55634891986847,1.2222222222222223,0.5404040404040404,0.9145299145299144,0.2354973180970149,0.5160796019900498,0,frame_0036.tif,11,C:\Users\raglo\OneDrive - University of Arizona\Printz Lab\Data\Capillary_Bridges\My_better_CLB_videos\5-9\s1_tifs,C:\Users\raglo\OneDrive - University of Arizona\Printz Lab\Data\Capillary_Bridges\masks_json
55.5,27.899494767189022,1.0,0.6851851851851852,0.9823008849557522,0.2958701313405797,0.7028019323671498,0,frame_0036.tif,12,C:\Users\raglo\OneDrive - University of Arizona\Printz Lab\Data\Capillary_Bridges\My_better_CLB_videos\5-9\s1_tifs,C:\Users\raglo\OneDrive - University of Arizona\Printz Lab\Data\Capillary_Bridges\masks_json
98.5,37.55634891986847,1.181818181818182,0.6888111888111889,0.9752475247524752,0.4247205010775862,0.2056321839080459,0,frame_0036.tif,13,C:\Users\raglo\OneDrive - University of Arizona\Printz Lab\Data\Capillary_Bridges\My_better_CLB_videos\5-9\s1_tifs,C:\Users\raglo\OneDrive - University of Arizona\Printz Lab\Data\Capillary_Bridges\masks_json
37.5,23.071067690849304,1.1428571428571428,0.6696428571428571,0.986842105263158,0.2955994897959184,0.7027482993197278,0,frame_0036.tif,14,C:\Users\raglo\OneDrive - University of Arizona\Printz Lab\Data\Capillary_Bridges\My_better_CLB_videos\5-9\s1_tifs,C:\Users\raglo\OneDrive - University of Arizona\Printz Lab\Data\Capillary_Bridges\masks_json
53.5,28.727921843528748,1.1111111111111112,0.5944444444444444,0.9304347826086956,0.5767403218283582,0.6743482587064676,0,frame_0036.tif,15,C:\Users\raglo\OneDrive - University of Arizona\Printz Lab\Data\Capillary_Bridges\My_better_CLB_videos\5-9\s1_tifs,C:\Users\raglo\OneDrive - University of Arizona\Printz Lab\Data\Capillary_Bridges\masks_json
42.0,24.485281229019165,1.0,0.65625,0.9767441860465116,0.5766239872685185,0.6744691358024691,0,frame_0036.tif,16,C:\Users\raglo\OneDrive - University of Arizona\Printz Lab\Data\Capillary_Bridges\My_better_CLB_videos\5-9\s1_tifs,C:\Users\raglo\OneDrive - University of Arizona\Printz Lab\Data\Capillary_Bridges\masks_json
45.5,25.071067690849304,1.0,0.7109375,1.0,0.8589877424568966,0.8901379310344828,0,frame_0036.tif,17,C:\Users\raglo\OneDrive - University of Arizona\Printz Lab\Data\Capillary_Bridges\My_better_CLB_videos\5-9\s1_tifs,C:\Users\raglo\OneDrive - University of Arizona\Printz Lab\Data\Capillary_Bridges\masks_json
128.5,42.38477575778961,1.25,0.7138888888888889,0.9846743295019156,0.6034232474662162,0.2084234234234234,0,frame_0036.tif,18,C:\Users\raglo\OneDrive - University of Arizona\Printz Lab\Data\Capillary_Bridges\My_better_CLB_videos\5-9\s1_tifs,C:\Users\raglo\OneDrive - University of Arizona\Printz Lab\Data\Capillary_Bridges\masks_json
4.5,8.242640614509583,1.3333333333333333,0.375,1.0,0.4926431751674217,0.7177321584279142,0,frame_0037.tif,0,C:\Users\raglo\OneDrive - University of Arizona\Printz Lab\Data\Capillary_Bridges\My_better_CLB_videos\5-9\s1_tifs,C:\Users\raglo\OneDrive - University of Arizona\Printz Lab\Data\Capillary_Bridges\masks_json
29963.0,669.504615187645,0.9430051813471504,0.8530148607868815,0.9941438975430912,0.079420104276783,0.3600192923920584,1,frame_0037.tif,1,C:\Users\raglo\OneDrive - University of Arizona\Printz Lab\Data\Capillary_Bridges\My_better_CLB_videos\5-9\s1_tifs,C:\Users\raglo\OneDrive - University of Arizona\Printz Lab\Data\Capillary_Bridges\masks_json
176148.0,2465.671134829521,5.044334975369458,0.8473868534482759,0.9231760972503558,0.486834284101644,0.1196469610663057,0,frame_0037.tif,2,C:\Users\raglo\OneDrive - University of Arizona\Printz Lab\Data\Capillary_Bridges\My_better_CLB_videos\5-9\s1_tifs,C:\Users\raglo\OneDrive - University of Arizona\Printz Lab\Data\Capillary_Bridges\masks_json
67588.5,1098.7422032356262,1.8472906403940887,0.8878620689655172,0.9828123977577596,0.8284050647477458,0.3496014645989974,1,frame_0037.tif,3,C:\Users\raglo\OneDrive - University of Arizona\Printz Lab\Data\Capillary_Bridges\My_better_CLB_videos\5-9\s1_tifs,C:\Users\raglo\OneDrive - University of Arizona\Printz Lab\Data\Capillary_Bridges\masks_json
47735.5,1203.3452330827713,4.456140350877193,0.8242764884652576,0.9276233968130588,0.3953504837202923,0.3253239759302197,0,frame_0037.tif,4,C:\Users\raglo\OneDrive - University of Arizona\Printz Lab\Data\Capillary_Bridges\My_better_CLB_videos\5-9\s1_tifs,C:\Users\raglo\OneDrive - University of Arizona\Printz Lab\Data\Capillary_Bridges\masks_json
0.0,2.0,0.5,0.0,0.0,0.4871990456336513,0.1217750230331363,0,frame_0037.tif,5,C:\Users\raglo\OneDrive - University of Arizona\Printz Lab\Data\Capillary_Bridges\My_better_CLB_videos\5-9\s1_tifs,C:\Users\raglo\OneDrive - University of Arizona\Printz Lab\Data\Capillary_Bridges\masks_json
489218.5,3499.1585023403168,1.7564322469982847,0.8194724552422813,0.931683270137938,0.5395894560175754,0.6665756663984436,0,frame_0037.tif,6,C:\Users\raglo\OneDrive - University of Arizona\Printz Lab\Data\Capillary_Bridges\My_better_CLB_videos\5-9\s1_tifs,C:\Users\raglo\OneDrive - University of Arizona\Printz Lab\Data\Capillary_Bridges\masks_json
0.0,0.0,1.0,0.0,0.0,0.0793838717664762,0.3606086151992426,0,frame_0037.tif,7,C:\Users\raglo\OneDrive - University of Arizona\Printz Lab\Data\Capillary_Bridges\My_better_CLB_videos\5-9\s1_tifs,C:\Users\raglo\OneDrive - University of Arizona\Printz Lab\Data\Capillary_Bridges\masks_json
654.5,126.18376576900482,0.6976744186046512,0.5073643410852713,0.937007874015748,0.9890537342215988,0.0191023842917251,0,frame_0037.tif,8,C:\Users\raglo\OneDrive - University of Arizona\Printz Lab\Data\Capillary_Bridges\My_better_CLB_videos\5-9\s1_tifs,C:\Users\raglo\OneDrive - University of Arizona\Printz Lab\Data\Capillary_Bridges\masks_json
673.0,165.62236404418945,0.8032786885245902,0.2251589160254265,0.8370646766169154,0.8986740422023004,0.349234100135318,0,frame_0037.tif,9,C:\Users\raglo\OneDrive - University of Arizona\Printz Lab\Data\Capillary_Bridges\My_better_CLB_videos\5-9\s1_tifs,C:\Users\raglo\OneDrive - University of Arizona\Printz Lab\Data\Capillary_Bridges\masks_json
185.5,54.041630148887634,1.6153846153846154,0.6794871794871795,0.9661458333333334,0.7391834077380952,0.5088380952380952,0,frame_0037.tif,10,C:\Users\raglo\OneDrive - University of Arizona\Printz Lab\Data\Capillary_Bridges\My_better_CLB_videos\5-9\s1_tifs,C:\Users\raglo\OneDrive - University of Arizona\Printz Lab\Data\Capillary_Bridges\masks_json
100.5,37.55634880065918,1.0,0.6979166666666666,0.9757281553398058,0.2368412341101695,0.6644293785310734,0,frame_0037.tif,11,C:\Users\raglo\OneDrive - University of Arizona\Printz Lab\Data\Capillary_Bridges\My_better_CLB_videos\5-9\s1_tifs,C:\Users\raglo\OneDrive - University of Arizona\Printz Lab\Data\Capillary_Bridges\masks_json
42.0,24.485281229019165,1.2857142857142858,0.6666666666666666,0.9882352941176472,0.2355504918981481,0.516074074074074,0,frame_0037.tif,12,C:\Users\raglo\OneDrive - University of Arizona\Printz Lab\Data\Capillary_Bridges\My_better_CLB_videos\5-9\s1_tifs,C:\Users\raglo\OneDrive - University of Arizona\Printz Lab\Data\Capillary_Bridges\masks_json
52.5,27.899494767189022,1.0,0.6481481481481481,0.9545454545454546,0.2956321022727273,0.7027878787878789,0,frame_0037.tif,13,C:\Users\raglo\OneDrive - University of Arizona\Printz Lab\Data\Capillary_Bridges\My_better_CLB_videos\5-9\s1_tifs,C:\Users\raglo\OneDrive - University of Arizona\Printz Lab\Data\Capillary_Bridges\masks_json
47.5,25.899494767189022,1.125,0.6597222222222222,0.979381443298969,0.859130859375,0.8901777777777777,0,frame_0037.tif,14,C:\Users\raglo\OneDrive - University of Arizona\Printz Lab\Data\Capillary_Bridges\My_better_CLB_videos\5-9\s1_tifs,C:\Users\raglo\OneDrive - University of Arizona\Printz Lab\Data\Capillary_Bridges\masks_json
58.0,29.313708305358887,1.1111111111111112,0.6444444444444445,0.9508196721311476,0.57666015625,0.6748148148148148,0,frame_0037.tif,15,C:\Users\raglo\OneDrive - University of Arizona\Printz Lab\Data\Capillary_Bridges\My_better_CLB_videos\5-9\s1_tifs,C:\Users\raglo\OneDrive - University of Arizona\Printz Lab\Data\Capillary_Bridges\masks_json
90.0,36.14213538169861,1.0909090909090908,0.6818181818181818,0.967741935483871,0.4245217581775701,0.2057570093457943,0,frame_0037.tif,16,C:\Users\raglo\OneDrive - University of Arizona\Printz Lab\Data\Capillary_Bridges\My_better_CLB_videos\5-9\s1_tifs,C:\Users\raglo\OneDrive - University of Arizona\Printz Lab\Data\Capillary_Bridges\masks_json
43.0,24.485281229019165,1.0,0.671875,0.9885057471264368,0.5766335227272728,0.6749575757575758,0,frame_0037.tif,17,C:\Users\raglo\OneDrive - University of Arizona\Printz Lab\Data\Capillary_Bridges\My_better_CLB_videos\5-9\s1_tifs,C:\Users\raglo\OneDrive - University of Arizona\Printz Lab\Data\Capillary_Bridges\masks_json
41.5,23.899494767189022,1.0,0.6484375,0.988095238095238,0.8909382370283019,0.0514465408805031,0,frame_0037.tif,18,C:\Users\raglo\OneDrive - University of Arizona\Printz Lab\Data\Capillary_Bridges\My_better_CLB_videos\5-9\s1_tifs,C:\Users\raglo\OneDrive - University of Arizona\Printz Lab\Data\Capillary_Bridges\masks_json
421614.0,2996.371706008911,2.2407002188183807,0.9009462185448578,0.9550943849292198,0.4917583275678733,0.7179422462961168,0,frame_0038.tif,0,C:\Users\raglo\OneDrive - University of Arizona\Printz Lab\Data\Capillary_Bridges\My_better_CLB_videos\5-9\s1_tifs,C:\Users\raglo\OneDrive - University of Arizona\Printz Lab\Data\Capillary_Bridges\masks_json
30998.0,684.8183224201202,0.9438775510204082,0.8548814120242691,0.992952783650458,0.080839801334153,0.3577951796968148,1,frame_0038.tif,1,C:\Users\raglo\OneDrive - University of Arizona\Printz Lab\Data\Capillary_Bridges\My_better_CLB_videos\5-9\s1_tifs,C:\Users\raglo\OneDrive - University of Arizona\Printz Lab\Data\Capillary_Bridges\masks_json
169961.0,2464.724956512451,5.305699481865285,0.8599872490284974,0.9288070015328832,0.4855748540746243,0.1156145405385399,0,frame_0038.tif,2,C:\Users\raglo\OneDrive - University of Arizona\Printz Lab\Data\Capillary_Bridges\My_better_CLB_videos\5-9\s1_tifs,C:\Users\raglo\OneDrive - University of Arizona\Printz Lab\Data\Capillary_Bridges\masks_json
70653.5,1128.5411912202835,1.8309178743961352,0.9005837890201777,0.9851640115731864,0.8267795148036715,0.3454227730238353,1,frame_0038.tif,3,C:\Users\raglo\OneDrive - University of Arizona\Printz Lab\Data\Capillary_Bridges\My_better_CLB_videos\5-9\s1_tifs,C:\Users\raglo\OneDrive - University of Arizona\Printz Lab\Data\Capillary_Bridges\masks_json
421921.5,2948.7077116966248,2.2407002188183807,0.9016033147565644,0.9561126111376118,0.4920792406706744,0.7168229197426308,0,frame_0038.tif,4,C:\Users\raglo\OneDrive - University of Arizona\Printz Lab\Data\Capillary_Bridges\My_better_CLB_videos\5-9\s1_tifs,C:\Users\raglo\OneDrive - University of Arizona\Printz Lab\Data\Capillary_Bridges\masks_json
48385.0,1186.9604578018188,4.264957264957265,0.8287515201342857,0.9336768167959554,0.3960843969620822,0.3219500694614693,0,frame_0038.tif,5,C:\Users\raglo\OneDrive - University of Arizona\Printz Lab\Data\Capillary_Bridges\My_better_CLB_videos\5-9\s1_tifs,C:\Users\raglo\OneDrive - University of Arizona\Printz Lab\Data\Capillary_Bridges\masks_json
734.0,127.5979789495468,0.7209302325581395,0.5506376594148538,0.9520103761348896,0.988158102143758,0.0196485918453131,0,frame_0038.tif,6,C:\Users\raglo\OneDrive - University of Arizona\Printz Lab\Data\Capillary_Bridges\My_better_CLB_videos\5-9\s1_tifs,C:\Users\raglo\OneDrive - University of Arizona\Printz Lab\Data\Capillary_Bridges\masks_json
680.5,166.20815002918243,0.8032786885245902,0.2276681164268986,0.8278588807785888,0.8985695385709505,0.3487907184292727,0,frame_0038.tif,7,C:\Users\raglo\OneDrive - University of Arizona\Printz Lab\Data\Capillary_Bridges\My_better_CLB_videos\5-9\s1_tifs,C:\Users\raglo\OneDrive - University of Arizona\Printz Lab\Data\Capillary_Bridges\masks_json
3.0,9.656854152679443,1.0,0.1875,0.6,0.4855918658565925,0.1183578004706097,0,frame_0038.tif,8,C:\Users\raglo\OneDrive - University of Arizona\Printz Lab\Data\Capillary_Bridges\My_better_CLB_videos\5-9\s1_tifs,C:\Users\raglo\OneDrive - University of Arizona\Printz Lab\Data\Capillary_Bridges\masks_json
97.5,37.55634880065918,1.0,0.6770833333333334,0.9653465346534652,0.2366847826086956,0.6641855072463768,0,frame_0038.tif,9,C:\Users\raglo\OneDrive - University of Arizona\Printz Lab\Data\Capillary_Bridges\My_better_CLB_videos\5-9\s1_tifs,C:\Users\raglo\OneDrive - University of Arizona\Printz Lab\Data\Capillary_Bridges\masks_json
154.0,51.79898953437805,1.6666666666666667,0.6416666666666667,0.9305135951661632,0.7388243943117978,0.5081947565543071,0,frame_0038.tif,10,C:\Users\raglo\OneDrive - University of Arizona\Printz Lab\Data\Capillary_Bridges\My_better_CLB_videos\5-9\s1_tifs,C:\Users\raglo\OneDrive - University of Arizona\Printz Lab\Data\Capillary_Bridges\masks_json
63.0,29.313708305358887,1.1111111111111112,0.7,0.9921259842519684,0.2954418628246753,0.7025974025974026,0,frame_0038.tif,11,C:\Users\raglo\OneDrive - University of Arizona\Printz Lab\Data\Capillary_Bridges\My_better_CLB_videos\5-9\s1_tifs,C:\Users\raglo\OneDrive - University of Arizona\Printz Lab\Data\Capillary_Bridges\masks_json
43.0,25.656854152679443,1.2857142857142858,0.6825396825396826,0.9662921348314608,0.2353864397321428,0.5162142857142857,0,frame_0038.tif,12,C:\Users\raglo\OneDrive - University of Arizona\Printz Lab\Data\Capillary_Bridges\My_better_CLB_videos\5-9\s1_tifs,C:\Users\raglo\OneDrive - University of Arizona\Printz Lab\Data\Capillary_Bridges\masks_json
56.5,28.727921843528748,1.375,0.6420454545454546,0.9741379310344828,0.2354771205357143,0.5164190476190476,0,frame_0038.tif,13,C:\Users\raglo\OneDrive - University of Arizona\Printz Lab\Data\Capillary_Bridges\My_better_CLB_videos\5-9\s1_tifs,C:\Users\raglo\OneDrive - University of Arizona\Printz Lab\Data\Capillary_Bridges\masks_json
47.0,25.313708305358887,1.125,0.6527777777777778,0.9894736842105264,0.8906912076271186,0.0512994350282485,0,frame_0038.tif,14,C:\Users\raglo\OneDrive - University of Arizona\Printz Lab\Data\Capillary_Bridges\My_better_CLB_videos\5-9\s1_tifs,C:\Users\raglo\OneDrive - University of Arizona\Printz Lab\Data\Capillary_Bridges\masks_json
49.5,25.899494767189022,1.125,0.6875,1.0,0.8592647429435484,0.8901290322580645,0,frame_0038.tif,15,C:\Users\raglo\OneDrive - University of Arizona\Printz Lab\Data\Capillary_Bridges\My_better_CLB_videos\5-9\s1_tifs,C:\Users\raglo\OneDrive - University of Arizona\Printz Lab\Data\Capillary_Bridges\masks_json
54.5,28.727921843528748,1.1111111111111112,0.6055555555555555,0.9396551724137931,0.5767750459558824,0.6745882352941176,0,frame_0038.tif,16,C:\Users\raglo\OneDrive - University of Arizona\Printz Lab\Data\Capillary_Bridges\My_better_CLB_videos\5-9\s1_tifs,C:\Users\raglo\OneDrive - University of Arizona\Printz Lab\Data\Capillary_Bridges\masks_json
39.0,23.656854152679443,1.1428571428571428,0.6964285714285714,0.9873417721518988,0.5767271752450981,0.6746143790849672,0,frame_0038.tif,17,C:\Users\raglo\OneDrive - University of Arizona\Printz Lab\Data\Capillary_Bridges\My_better_CLB_videos\5-9\s1_tifs,C:\Users\raglo\OneDrive - University of Arizona\Printz Lab\Data\Capillary_Bridges\masks_json
32109.0,694.818323969841,0.9353233830845772,0.8497141949825341,0.9935022742040286,0.082214709317565,0.3544326713539739,1,frame_0039.tif,0,C:\Users\raglo\OneDrive - University of Arizona\Printz Lab\Data\Capillary_Bridges\My_better_CLB_videos\5-9\s1_tifs,C:\Users\raglo\OneDrive - University of Arizona\Printz Lab\Data\Capillary_Bridges\masks_json
7.5,11.41421353816986,1.6666666666666667,0.5,1.0,0.4864848244379042,0.1112563261660695,0,frame_0039.tif,1,C:\Users\raglo\OneDrive - University of Arizona\Printz Lab\Data\Capillary_Bridges\My_better_CLB_videos\5-9\s1_tifs,C:\Users\raglo\OneDrive - University of Arizona\Printz Lab\Data\Capillary_Bridges\masks_json
421905.5,3074.236711382866,2.2358078602620086,0.8996006328466157,0.9539362641412594,0.4912749311937442,0.7174095049099515,0,frame_0039.tif,2,C:\Users\raglo\OneDrive - University of Arizona\Printz Lab\Data\Capillary_Bridges\My_better_CLB_videos\5-9\s1_tifs,C:\Users\raglo\OneDrive - University of Arizona\Printz Lab\Data\Capillary_Bridges\masks_json
71887.0,1124.9848433732986,1.855072463768116,0.904375503220612,0.9872214783534178,0.8235959360882975,0.3447004485213531,1,frame_0039.tif,3,C:\Users\raglo\OneDrive - University of Arizona\Printz Lab\Data\Capillary_Bridges\My_better_CLB_videos\5-9\s1_tifs,C:\Users\raglo\OneDrive - University of Arizona\Printz Lab\Data\Capillary_Bridges\masks_json
45411.5,1182.600066781044,4.119658119658119,0.8052541050466362,0.9134825245159668,0.3937429545911929,0.322989680105012,0,frame_0039.tif,4,C:\Users\raglo\OneDrive - University of Arizona\Printz Lab\Data\Capillary_Bridges\My_better_CLB_videos\5-9\s1_tifs,C:\Users\raglo\OneDrive - University of Arizona\Printz Lab\Data\Capillary_Bridges\masks_json
5.0,9.656854152679443,1.0,0.3125,0.9090909090909092,0.4872960324278688,0.1151144401169974,0,frame_0039.tif,5,C:\Users\raglo\OneDrive - University of Arizona\Printz Lab\Data\Capillary_Bridges\My_better_CLB_videos\5-9\s1_tifs,C:\Users\raglo\OneDrive - University of Arizona\Printz Lab\Data\Capillary_Bridges\masks_json
704.0,167.2792180776596,0.8064516129032258,0.2270967741935484,0.8346176644931832,0.8985922280844156,0.3494008658008657,0,frame_0039.tif,6,C:\Users\raglo\OneDrive - University of Arizona\Printz Lab\Data\Capillary_Bridges\My_better_CLB_videos\5-9\s1_tifs,C:\Users\raglo\OneDrive - University of Arizona\Printz Lab\Data\Capillary_Bridges\masks_json
681.0,122.7695517539978,0.6904761904761905,0.5591133004926109,0.9605077574047954,0.988892594004065,0.0195067750677506,0,frame_0039.tif,7,C:\Users\raglo\OneDrive - University of Arizona\Printz Lab\Data\Capillary_Bridges\My_better_CLB_videos\5-9\s1_tifs,C:\Users\raglo\OneDrive - University of Arizona\Printz Lab\Data\Capillary_Bridges\masks_json
178.5,54.041630148887634,1.6153846153846154,0.6538461538461539,0.949468085106383,0.7390605757389163,0.5087093596059113,0,frame_0039.tif,8,C:\Users\raglo\OneDrive - University of Arizona\Printz Lab\Data\Capillary_Bridges\My_better_CLB_videos\5-9\s1_tifs,C:\Users\raglo\OneDrive - University of Arizona\Printz Lab\Data\Capillary_Bridges\masks_json
107.0,39.79898953437805,1.0,0.6331360946745562,0.9511111111111112,0.2369765625,0.6641386666666667,0,frame_0039.tif,9,C:\Users\raglo\OneDrive - University of Arizona\Printz Lab\Data\Capillary_Bridges\My_better_CLB_videos\5-9\s1_tifs,C:\Users\raglo\OneDrive - University of Arizona\Printz Lab\Data\Capillary_Bridges\masks_json
36.5,23.899494767189022,1.2857142857142858,0.5793650793650794,0.935897435897436,0.235595703125,0.5161944444444444,0,frame_0039.tif,10,C:\Users\raglo\OneDrive - University of Arizona\Printz Lab\Data\Capillary_Bridges\My_better_CLB_videos\5-9\s1_tifs,C:\Users\raglo\OneDrive - University of Arizona\Printz Lab\Data\Capillary_Bridges\masks_json
63.0,29.313708305358887,1.1111111111111112,0.7,0.9921259842519684,0.2954672280844156,0.7026320346320346,0,frame_0039.tif,11,C:\Users\raglo\OneDrive - University of Arizona\Printz Lab\Data\Capillary_Bridges\My_better_CLB_videos\5-9\s1_tifs,C:\Users\raglo\OneDrive - University of Arizona\Printz Lab\Data\Capillary_Bridges\masks_json
55.0,29.313708305358887,1.1111111111111112,0.6111111111111112,0.9243697478991596,0.5766247735507246,0.6745507246376812,0,frame_0039.tif,12,C:\Users\raglo\OneDrive - University of Arizona\Printz Lab\Data\Capillary_Bridges\My_better_CLB_videos\5-9\s1_tifs,C:\Users\raglo\OneDrive - University of Arizona\Printz Lab\Data\Capillary_Bridges\masks_json
52.0,27.313708305358887,1.25,0.65,0.97196261682243,0.8590895432692308,0.8900307692307693,0,frame_0039.tif,13,C:\Users\raglo\OneDrive - University of Arizona\Printz Lab\Data\Capillary_Bridges\My_better_CLB_videos\5-9\s1_tifs,C:\Users\raglo\OneDrive - University of Arizona\Printz Lab\Data\Capillary_Bridges\masks_json
2.0,6.828427076339722,2.0,0.25,1.0,0.4922284414454258,0.7172741931042405,0,frame_0040.tif,0,C:\Users\raglo\OneDrive - University of Arizona\Printz Lab\Data\Capillary_Bridges\My_better_CLB_videos\5-9\s1_tifs,C:\Users\raglo\OneDrive - University of Arizona\Printz Lab\Data\Capillary_Bridges\masks_json
160009.0,2419.102593064308,5.688888888888889,0.8681043836805555,0.9283957064113724,0.4838105085926884,0.1087651843716843,0,frame_0040.tif,1,C:\Users\raglo\OneDrive - University of Arizona\Printz Lab\Data\Capillary_Bridges\My_better_CLB_videos\5-9\s1_tifs,C:\Users\raglo\OneDrive - University of Arizona\Printz Lab\Data\Capillary_Bridges\masks_json
33522.0,713.3036032915115,0.9271844660194176,0.8519798708890357,0.9929796498711456,0.0832431464925108,0.3497117590869253,1,frame_0040.tif,2,C:\Users\raglo\OneDrive - University of Arizona\Printz Lab\Data\Capillary_Bridges\My_better_CLB_videos\5-9\s1_tifs,C:\Users\raglo\OneDrive - University of Arizona\Printz Lab\Data\Capillary_Bridges\masks_json
74755.0,1140.4995620250702,1.8046511627906976,0.8961280268520738,0.9861811945516308,0.8220941070479607,0.3391643948452238,1,frame_0040.tif,3,C:\Users\raglo\OneDrive - University of Arizona\Printz Lab\Data\Capillary_Bridges\My_better_CLB_videos\5-9\s1_tifs,C:\Users\raglo\OneDrive - University of Arizona\Printz Lab\Data\Capillary_Bridges\masks_json
0.0,0.0,1.0,0.0,0.0,0.484515547867047,0.1117987001332938,0,frame_0040.tif,4,C:\Users\raglo\OneDrive - University of Arizona\Printz Lab\Data\Capillary_Bridges\My_better_CLB_videos\5-9\s1_tifs,C:\Users\raglo\OneDrive - University of Arizona\Printz Lab\Data\Capillary_Bridges\masks_json
46432.5,1166.5168070793152,3.9669421487603302,0.7994576446280992,0.9261955817084724,0.3920541863213822,0.3193420598940042,0,frame_0040.tif,5,C:\Users\raglo\OneDrive - University of Arizona\Printz Lab\Data\Capillary_Bridges\My_better_CLB_videos\5-9\s1_tifs,C:\Users\raglo\OneDrive - University of Arizona\Printz Lab\Data\Capillary_Bridges\masks_json
662.0,164.79393780231476,0.8166666666666667,0.2251700680272108,0.8280175109443402,0.8987970037774725,0.3493315018315018,0,frame_0040.tif,6,C:\Users\raglo\OneDrive - University of Arizona\Printz Lab\Data\Capillary_Bridges\My_better_CLB_videos\5-9\s1_tifs,C:\Users\raglo\OneDrive - University of Arizona\Printz Lab\Data\Capillary_Bridges\masks_json
191.0,54.62741649150848,1.4285714285714286,0.6821428571428572,0.9597989949748744,0.7391673900462963,0.509537037037037,0,frame_0040.tif,7,C:\Users\raglo\OneDrive - University of Arizona\Printz Lab\Data\Capillary_Bridges\My_better_CLB_videos\5-9\s1_tifs,C:\Users\raglo\OneDrive - University of Arizona\Printz Lab\Data\Capillary_Bridges\masks_json
103.0,38.97056245803833,1.0833333333333333,0.6602564102564102,0.958139534883721,0.2368850077479339,0.66431955922865,0,frame_0040.tif,8,C:\Users\raglo\OneDrive - University of Arizona\Printz Lab\Data\Capillary_Bridges\My_better_CLB_videos\5-9\s1_tifs,C:\Users\raglo\OneDrive - University of Arizona\Printz Lab\Data\Capillary_Bridges\masks_json
47.5,25.899494767189022,0.8888888888888888,0.6597222222222222,0.979381443298969,0.891015625,0.0516666666666666,0,frame_0040.tif,9,C:\Users\raglo\OneDrive - University of Arizona\Printz Lab\Data\Capillary_Bridges\My_better_CLB_videos\5-9\s1_tifs,C:\Users\raglo\OneDrive - University of Arizona\Printz Lab\Data\Capillary_Bridges\masks_json
43.0,25.656854152679443,1.2857142857142858,0.6825396825396826,0.9662921348314608,0.2353864397321428,0.5162142857142857,0,frame_0040.tif,10,C:\Users\raglo\OneDrive - University of Arizona\Printz Lab\Data\Capillary_Bridges\My_better_CLB_videos\5-9\s1_tifs,C:\Users\raglo\OneDrive - University of Arizona\Printz Lab\Data\Capillary_Bridges\masks_json
56.0,29.313708305358887,1.375,0.6363636363636364,0.9491525423728814,0.2353515625,0.5164571428571428,0,frame_0040.tif,11,C:\Users\raglo\OneDrive - University of Arizona\Printz Lab\Data\Capillary_Bridges\My_better_CLB_videos\5-9\s1_tifs,C:\Users\raglo\OneDrive - University of Arizona\Printz Lab\Data\Capillary_Bridges\masks_json
49.0,27.3137081861496,1.0,0.6049382716049383,0.9423076923076924,0.2953156502016129,0.7025591397849462,0,frame_0040.tif,12,C:\Users\raglo\OneDrive - University of Arizona\Printz Lab\Data\Capillary_Bridges\My_better_CLB_videos\5-9\s1_tifs,C:\Users\raglo\OneDrive - University of Arizona\Printz Lab\Data\Capillary_Bridges\masks_json
39.0,23.656854152679443,1.1428571428571428,0.6964285714285714,0.9873417721518988,0.2954580269607843,0.7027450980392156,0,frame_0040.tif,13,C:\Users\raglo\OneDrive - University of Arizona\Printz Lab\Data\Capillary_Bridges\My_better_CLB_videos\5-9\s1_tifs,C:\Users\raglo\OneDrive - University of Arizona\Printz Lab\Data\Capillary_Bridges\masks_json
61.0,29.313708305358887,1.1111111111111112,0.6777777777777778,0.976,0.5765104166666667,0.6747377777777778,0,frame_0040.tif,14,C:\Users\raglo\OneDrive - University of Arizona\Printz Lab\Data\Capillary_Bridges\My_better_CLB_videos\5-9\s1_tifs,C:\Users\raglo\OneDrive - University of Arizona\Printz Lab\Data\Capillary_Bridges\masks_json
42.5,25.071067690849304,1.0,0.6640625,0.9659090909090908,0.858984375,0.8904,0,frame_0040.tif,15,C:\Users\raglo\OneDrive - University of Arizona\Printz Lab\Data\Capillary_Bridges\My_better_CLB_videos\5-9\s1_tifs,C:\Users\raglo\OneDrive - University of Arizona\Printz Lab\Data\Capillary_Bridges\masks_json
100.0,38.14213538169861,1.181818181818182,0.6993006993006993,0.966183574879227,0.4247302039194915,0.2052768361581921,0,frame_0040.tif,16,C:\Users\raglo\OneDrive - University of Arizona\Printz Lab\Data\Capillary_Bridges\My_better_CLB_videos\5-9\s1_tifs,C:\Users\raglo\OneDrive - University of Arizona\Printz Lab\Data\Capillary_Bridges\masks_json
0.0,4.0,3.0,0.0,0.0,0.4915939973763173,0.7171320673960164,0,frame_0041.tif,0,C:\Users\raglo\OneDrive - University of Arizona\Printz Lab\Data\Capillary_Bridges\My_better_CLB_videos\5-9\s1_tifs,C:\Users\raglo\OneDrive - University of Arizona\Printz Lab\Data\Capillary_Bridges\masks_json
155715.5,2413.2863582372665,5.720670391061453,0.8495302679818436,0.917011910545765,0.4844296567229114,0.1061253660049891,0,frame_0041.tif,1,C:\Users\raglo\OneDrive - University of Arizona\Printz Lab\Data\Capillary_Bridges\My_better_CLB_videos\5-9\s1_tifs,C:\Users\raglo\OneDrive - University of Arizona\Printz Lab\Data\Capillary_Bridges\masks_json
35268.5,728.7178176641464,0.9154929577464788,0.8491272420849886,0.9945294324991188,0.0845812622444035,0.3469427482702768,1,frame_0041.tif,2,C:\Users\raglo\OneDrive - University of Arizona\Printz Lab\Data\Capillary_Bridges\My_better_CLB_videos\5-9\s1_tifs,C:\Users\raglo\OneDrive - University of Arizona\Printz Lab\Data\Capillary_Bridges\masks_json
76928.5,1147.7716398239136,1.8027522935779816,0.8979211896257908,0.9878395644329732,0.8195348657308194,0.3359037623234058,1,frame_0041.tif,3,C:\Users\raglo\OneDrive - University of Arizona\Printz Lab\Data\Capillary_Bridges\My_better_CLB_videos\5-9\s1_tifs,C:\Users\raglo\OneDrive - University of Arizona\Printz Lab\Data\Capillary_Bridges\masks_json
51577.5,1172.0904004573822,3.811023622047244,0.8390951389340795,0.943614559225752,0.3970096774783263,0.3095679715621024,0,frame_0041.tif,4,C:\Users\raglo\OneDrive - University of Arizona\Printz Lab\Data\Capillary_Bridges\My_better_CLB_videos\5-9\s1_tifs,C:\Users\raglo\OneDrive - University of Arizona\Printz Lab\Data\Capillary_Bridges\masks_json
9.5,16.242640614509583,0.8333333333333334,0.3166666666666666,0.7037037037037037,0.4853555836145424,0.1082051134431782,0,frame_0041.tif,5,C:\Users\raglo\OneDrive - University of Arizona\Printz Lab\Data\Capillary_Bridges\My_better_CLB_videos\5-9\s1_tifs,C:\Users\raglo\OneDrive - University of Arizona\Printz Lab\Data\Capillary_Bridges\masks_json
676.5,166.2081516981125,0.8032786885245902,0.2263298762127802,0.8234936092513695,0.8988265477792732,0.3497281292059219,0,frame_0041.tif,6,C:\Users\raglo\OneDrive - University of Arizona\Printz Lab\Data\Capillary_Bridges\My_better_CLB_videos\5-9\s1_tifs,C:\Users\raglo\OneDrive - University of Arizona\Printz Lab\Data\Capillary_Bridges\masks_json
179.5,54.041630029678345,1.6153846153846154,0.6575091575091575,0.9522546419098143,0.7388126148897058,0.5083202614379085,0,frame_0041.tif,7,C:\Users\raglo\OneDrive - University of Arizona\Printz Lab\Data\Capillary_Bridges\My_better_CLB_videos\5-9\s1_tifs,C:\Users\raglo\OneDrive - University of Arizona\Printz Lab\Data\Capillary_Bridges\masks_json
714.0,126.76955187320708,0.7380952380952381,0.5483870967741935,0.9545454545454546,0.9884341142464425,0.0195894782233721,0,frame_0041.tif,8,C:\Users\raglo\OneDrive - University of Arizona\Printz Lab\Data\Capillary_Bridges\My_better_CLB_videos\5-9\s1_tifs,C:\Users\raglo\OneDrive - University of Arizona\Printz Lab\Data\Capillary_Bridges\masks_json
105.0,38.97056245803833,1.0833333333333333,0.6730769230769231,0.963302752293578,0.236939469004065,0.6643468834688346,0,frame_0041.tif,9,C:\Users\raglo\OneDrive - University of Arizona\Printz Lab\Data\Capillary_Bridges\My_better_CLB_videos\5-9\s1_tifs,C:\Users\raglo\OneDrive - University of Arizona\Printz Lab\Data\Capillary_Bridges\masks_json
40.5,25.071067690849304,1.2857142857142858,0.6428571428571429,0.9529411764705882,0.235462116745283,0.516125786163522,0,frame_0041.tif,10,C:\Users\raglo\OneDrive - University of Arizona\Printz Lab\Data\Capillary_Bridges\My_better_CLB_videos\5-9\s1_tifs,C:\Users\raglo\OneDrive - University of Arizona\Printz Lab\Data\Capillary_Bridges\masks_json
56.0,28.14213526248932,1.1111111111111112,0.6222222222222222,0.9739130434782608,0.295799365942029,0.7025700483091787,0,frame_0041.tif,11,C:\Users\raglo\OneDrive - University of Arizona\Printz Lab\Data\Capillary_Bridges\My_better_CLB_videos\5-9\s1_tifs,C:\Users\raglo\OneDrive - University of Arizona\Printz Lab\Data\Capillary_Bridges\masks_json
59.0,29.313708305358887,1.1111111111111112,0.6555555555555556,0.959349593495935,0.5765063142123288,0.6745936073059361,0,frame_0041.tif,12,C:\Users\raglo\OneDrive - University of Arizona\Printz Lab\Data\Capillary_Bridges\My_better_CLB_videos\5-9\s1_tifs,C:\Users\raglo\OneDrive - University of Arizona\Printz Lab\Data\Capillary_Bridges\masks_json
51.5,27.071067690849304,1.125,0.7152777777777778,0.9903846153846154,0.8585486778846154,0.890051282051282,0,frame_0041.tif,13,C:\Users\raglo\OneDrive - University of Arizona\Printz Lab\Data\Capillary_Bridges\My_better_CLB_videos\5-9\s1_tifs,C:\Users\raglo\OneDrive - University of Arizona\Printz Lab\Data\Capillary_Bridges\masks_json
88.0,36.14213526248932,1.3,0.676923076923077,0.967032967032967,0.4244791666666667,0.2049650793650793,0,frame_0041.tif,14,C:\Users\raglo\OneDrive - University of Arizona\Printz Lab\Data\Capillary_Bridges\My_better_CLB_videos\5-9\s1_tifs,C:\Users\raglo\OneDrive - University of Arizona\Printz Lab\Data\Capillary_Bridges\masks_json
40.0,23.656854152679443,1.1428571428571428,0.7142857142857143,1.0,0.57666015625,0.6746666666666666,0,frame_0041.tif,15,C:\Users\raglo\OneDrive - University of Arizona\Printz Lab\Data\Capillary_Bridges\My_better_CLB_videos\5-9\s1_tifs,C:\Users\raglo\OneDrive - University of Arizona\Printz Lab\Data\Capillary_Bridges\masks_json
36252.5,742.0315268039703,0.9166666666666666,0.8476547886270108,0.9931647580954468,0.0860755563459909,0.3444542340766652,1,frame_0042.tif,0,C:\Users\raglo\OneDrive - University of Arizona\Printz Lab\Data\Capillary_Bridges\My_better_CLB_videos\5-9\s1_tifs,C:\Users\raglo\OneDrive - University of Arizona\Printz Lab\Data\Capillary_Bridges\masks_json
0.5,3.414213538169861,1.0,0.125,1.0,0.4822195996707172,0.1028375220618059,0,frame_0042.tif,1,C:\Users\raglo\OneDrive - University of Arizona\Printz Lab\Data\Capillary_Bridges\My_better_CLB_videos\5-9\s1_tifs,C:\Users\raglo\OneDrive - University of Arizona\Printz Lab\Data\Capillary_Bridges\masks_json
7.5,12.242640614509584,2.0,0.4166666666666667,0.9375,0.4916290607140838,0.7165986622756391,0,frame_0042.tif,2,C:\Users\raglo\OneDrive - University of Arizona\Printz Lab\Data\Capillary_Bridges\My_better_CLB_videos\5-9\s1_tifs,C:\Users\raglo\OneDrive - University of Arizona\Printz Lab\Data\Capillary_Bridges\masks_json
79000.5,1172.3990556001663,1.7757847533632287,0.8946018480771843,0.9835842079707168,0.8178414787029258,0.3329616163657878,1,frame_0042.tif,3,C:\Users\raglo\OneDrive - University of Arizona\Printz Lab\Data\Capillary_Bridges\My_better_CLB_videos\5-9\s1_tifs,C:\Users\raglo\OneDrive - University of Arizona\Printz Lab\Data\Capillary_Bridges\masks_json
52859.0,1175.9310203790665,3.648854961832061,0.8441502443386886,0.9440202880691508,0.3982156187984423,0.30521883151733,0,frame_0042.tif,4,C:\Users\raglo\OneDrive - University of Arizona\Printz Lab\Data\Capillary_Bridges\My_better_CLB_videos\5-9\s1_tifs,C:\Users\raglo\OneDrive - University of Arizona\Printz Lab\Data\Capillary_Bridges\masks_json
30654.5,1008.0071402788162,5.296296296296297,0.8821692710581599,0.9655112678939826,0.3983779447096085,0.3380280248776989,0,frame_0042.tif,5,C:\Users\raglo\OneDrive - University of Arizona\Printz Lab\Data\Capillary_Bridges\My_better_CLB_videos\5-9\s1_tifs,C:\Users\raglo\OneDrive - University of Arizona\Printz Lab\Data\Capillary_Bridges\masks_json
667.5,164.2081515789032,0.8166666666666667,0.2270408163265306,0.8328134747348721,0.8987066209072305,0.3492569349704411,0,frame_0042.tif,6,C:\Users\raglo\OneDrive - University of Arizona\Printz Lab\Data\Capillary_Bridges\My_better_CLB_videos\5-9\s1_tifs,C:\Users\raglo\OneDrive - University of Arizona\Printz Lab\Data\Capillary_Bridges\masks_json
573.0,125.59797942638396,0.7804878048780488,0.4367378048780488,0.8748091603053435,0.9894296008320128,0.0175044902271526,0,frame_0042.tif,7,C:\Users\raglo\OneDrive - University of Arizona\Printz Lab\Data\Capillary_Bridges\My_better_CLB_videos\5-9\s1_tifs,C:\Users\raglo\OneDrive - University of Arizona\Printz Lab\Data\Capillary_Bridges\masks_json
336.5,82.52691125869751,1.9411764705882355,0.5998217468805704,0.9269972451790632,0.5876895680147058,0.1371550802139037,0,frame_0042.tif,8,C:\Users\raglo\OneDrive - University of Arizona\Printz Lab\Data\Capillary_Bridges\My_better_CLB_videos\5-9\s1_tifs,C:\Users\raglo\OneDrive - University of Arizona\Printz Lab\Data\Capillary_Bridges\masks_json
182.5,54.87005710601807,1.5,0.6207482993197279,0.9431524547803618,0.7388992678140096,0.5085797101449275,0,frame_0042.tif,9,C:\Users\raglo\OneDrive - University of Arizona\Printz Lab\Data\Capillary_Bridges\My_better_CLB_videos\5-9\s1_tifs,C:\Users\raglo\OneDrive - University of Arizona\Printz Lab\Data\Capillary_Bridges\masks_json
79.0,34.14213538169861,1.0,0.6528925619834711,0.9518072289156626,0.2370168585526315,0.6639719298245614,0,frame_0042.tif,10,C:\Users\raglo\OneDrive - University of Arizona\Printz Lab\Data\Capillary_Bridges\My_better_CLB_videos\5-9\s1_tifs,C:\Users\raglo\OneDrive - University of Arizona\Printz Lab\Data\Capillary_Bridges\masks_json
47.0,26.485281229019165,1.125,0.6527777777777778,0.9591836734693876,0.2353515625,0.5160888888888889,0,frame_0042.tif,11,C:\Users\raglo\OneDrive - University of Arizona\Printz Lab\Data\Capillary_Bridges\My_better_CLB_videos\5-9\s1_tifs,C:\Users\raglo\OneDrive - University of Arizona\Printz Lab\Data\Capillary_Bridges\masks_json
46.5,25.899494767189022,0.8888888888888888,0.6458333333333334,0.96875,0.2954680879237288,0.7029152542372881,0,frame_0042.tif,12,C:\Users\raglo\OneDrive - University of Arizona\Printz Lab\Data\Capillary_Bridges\My_better_CLB_videos\5-9\s1_tifs,C:\Users\raglo\OneDrive - University of Arizona\Printz Lab\Data\Capillary_Bridges\masks_json
43.5,25.071067690849304,1.0,0.6796875,0.9775280898876404,0.8590611049107143,0.8901428571428572,0,frame_0042.tif,13,C:\Users\raglo\OneDrive - University of Arizona\Printz Lab\Data\Capillary_Bridges\My_better_CLB_videos\5-9\s1_tifs,C:\Users\raglo\OneDrive - University of Arizona\Printz Lab\Data\Capillary_Bridges\masks_json
56.5,28.727921843528748,1.1111111111111112,0.6277777777777778,0.9576271186440678,0.5765904017857143,0.674952380952381,0,frame_0042.tif,14,C:\Users\raglo\OneDrive - University of Arizona\Printz Lab\Data\Capillary_Bridges\My_better_CLB_videos\5-9\s1_tifs,C:\Users\raglo\OneDrive - University of Arizona\Printz Lab\Data\Capillary_Bridges\masks_json
37679.5,755.2030996084213,0.9181818181818182,0.8478735373537354,0.9939853590978038,0.0877879249148608,0.3412011430775434,1,frame_0043.tif,0,C:\Users\raglo\OneDrive - University of Arizona\Printz Lab\Data\Capillary_Bridges\My_better_CLB_videos\5-9\s1_tifs,C:\Users\raglo\OneDrive - University of Arizona\Printz Lab\Data\Capillary_Bridges\masks_json
7.5,12.242640614509584,2.0,0.4166666666666667,0.9375,0.4916692749528899,0.7166015462853763,0,frame_0043.tif,1,C:\Users\raglo\OneDrive - University of Arizona\Printz Lab\Data\Capillary_Bridges\My_better_CLB_videos\5-9\s1_tifs,C:\Users\raglo\OneDrive - University of Arizona\Printz Lab\Data\Capillary_Bridges\masks_json
148647.0,2412.357425570488,5.595628415300546,0.7932409067622951,0.8935207169949688,0.4822674647813288,0.1007456534992279,0,frame_0043.tif,2,C:\Users\raglo\OneDrive - University of Arizona\Printz Lab\Data\Capillary_Bridges\My_better_CLB_videos\5-9\s1_tifs,C:\Users\raglo\OneDrive - University of Arizona\Printz Lab\Data\Capillary_Bridges\masks_json
82142.0,1191.1269775629044,1.7510917030567683,0.8945104487689074,0.9871175523349436,0.8166708921547732,0.3301730921169319,1,frame_0043.tif,3,C:\Users\raglo\OneDrive - University of Arizona\Printz Lab\Data\Capillary_Bridges\My_better_CLB_videos\5-9\s1_tifs,C:\Users\raglo\OneDrive - University of Arizona\Printz Lab\Data\Capillary_Bridges\masks_json
52529.0,1172.0731555223465,3.5338345864661656,0.8403295472724364,0.9399733373893904,0.3973838685415882,0.3021115548857071,0,frame_0043.tif,4,C:\Users\raglo\OneDrive - University of Arizona\Printz Lab\Data\Capillary_Bridges\My_better_CLB_videos\5-9\s1_tifs,C:\Users\raglo\OneDrive - University of Arizona\Printz Lab\Data\Capillary_Bridges\masks_json
30912.5,991.036577820778,5.354430379746836,0.9250531166771404,0.9802444863725008,0.3996624107029085,0.33499555074172,0,frame_0043.tif,5,C:\Users\raglo\OneDrive - University of Arizona\Printz Lab\Data\Capillary_Bridges\My_better_CLB_videos\5-9\s1_tifs,C:\Users\raglo\OneDrive - University of Arizona\Printz Lab\Data\Capillary_Bridges\masks_json
647.5,165.37972342967987,0.8166666666666667,0.2202380952380952,0.8083645443196005,0.8987479757528011,0.3495723622782446,0,frame_0043.tif,6,C:\Users\raglo\OneDrive - University of Arizona\Printz Lab\Data\Capillary_Bridges\My_better_CLB_videos\5-9\s1_tifs,C:\Users\raglo\OneDrive - University of Arizona\Printz Lab\Data\Capillary_Bridges\masks_json
108.0,39.79898953437805,1.0,0.6390532544378699,0.9515418502202644,0.2366071428571428,0.6641587301587302,0,frame_0043.tif,7,C:\Users\raglo\OneDrive - University of Arizona\Printz Lab\Data\Capillary_Bridges\My_better_CLB_videos\5-9\s1_tifs,C:\Users\raglo\OneDrive - University of Arizona\Printz Lab\Data\Capillary_Bridges\masks_json
177.5,53.21320307254791,1.5384615384615383,0.6826923076923077,0.9543010752688172,0.7389242342202971,0.5089636963696369,0,frame_0043.tif,8,C:\Users\raglo\OneDrive - University of Arizona\Printz Lab\Data\Capillary_Bridges\My_better_CLB_videos\5-9\s1_tifs,C:\Users\raglo\OneDrive - University of Arizona\Printz Lab\Data\Capillary_Bridges\masks_json
636.0,127.5979789495468,0.7209302325581395,0.477119279819955,0.9118279569892472,0.9889233925359712,0.0183769784172661,0,frame_0043.tif,9,C:\Users\raglo\OneDrive - University of Arizona\Printz Lab\Data\Capillary_Bridges\My_better_CLB_videos\5-9\s1_tifs,C:\Users\raglo\OneDrive - University of Arizona\Printz Lab\Data\Capillary_Bridges\masks_json
45.0,26.485281229019165,1.125,0.625,0.9375,0.2353515625,0.5162298850574712,0,frame_0043.tif,10,C:\Users\raglo\OneDrive - University of Arizona\Printz Lab\Data\Capillary_Bridges\My_better_CLB_videos\5-9\s1_tifs,C:\Users\raglo\OneDrive - University of Arizona\Printz Lab\Data\Capillary_Bridges\masks_json
50.0,26.485281229019165,0.8888888888888888,0.6944444444444444,0.99009900990099,0.2955574156746032,0.7025820105820106,0,frame_0043.tif,11,C:\Users\raglo\OneDrive - University of Arizona\Printz Lab\Data\Capillary_Bridges\My_better_CLB_videos\5-9\s1_tifs,C:\Users\raglo\OneDrive - University of Arizona\Printz Lab\Data\Capillary_Bridges\masks_json
61.0,30.14213526248932,1.0,0.61,0.9457364341085271,0.85890625,0.8904355555555556,0,frame_0043.tif,12,C:\Users\raglo\OneDrive - University of Arizona\Printz Lab\Data\Capillary_Bridges\My_better_CLB_videos\5-9\s1_tifs,C:\Users\raglo\OneDrive - University of Arizona\Printz Lab\Data\Capillary_Bridges\masks_json
45.5,25.071067690849304,1.0,0.7109375,1.0,0.8589877424568966,0.8901379310344828,0,frame_0043.tif,13,C:\Users\raglo\OneDrive - University of Arizona\Printz Lab\Data\Capillary_Bridges\My_better_CLB_videos\5-9\s1_tifs,C:\Users\raglo\OneDrive - University of Arizona\Printz Lab\Data\Capillary_Bridges\masks_json
60.5,29.55634891986847,1.0,0.605,0.9603174603174603,0.5765281883445946,0.6750630630630631,0,frame_0043.tif,14,C:\Users\raglo\OneDrive - University of Arizona\Printz Lab\Data\Capillary_Bridges\My_better_CLB_videos\5-9\s1_tifs,C:\Users\raglo\OneDrive - University of Arizona\Printz Lab\Data\Capillary_Bridges\masks_json
39082.0,766.617311835289,0.9151785714285714,0.851088850174216,0.9955802371642192,0.0892862272642263,0.3378237054318608,1,frame_0044.tif,0,C:\Users\raglo\OneDrive - University of Arizona\Printz Lab\Data\Capillary_Bridges\My_better_CLB_videos\5-9\s1_tifs,C:\Users\raglo\OneDrive - University of Arizona\Printz Lab\Data\Capillary_Bridges\masks_json
139367.0,2404.1564157009125,6.3602484472049685,0.8453452542701864,0.9131634123968024,0.4801332239066526,0.0954279002889967,0,frame_0044.tif,1,C:\Users\raglo\OneDrive - University of Arizona\Printz Lab\Data\Capillary_Bridges\My_better_CLB_videos\5-9\s1_tifs,C:\Users\raglo\OneDrive - University of Arizona\Printz Lab\Data\Capillary_Bridges\masks_json
423085.5,3040.4377204179764,2.2021505376344086,0.8885364163306452,0.9506599347480248,0.4907867271584151,0.716496315808488,0,frame_0044.tif,2,C:\Users\raglo\OneDrive - University of Arizona\Printz Lab\Data\Capillary_Bridges\My_better_CLB_videos\5-9\s1_tifs,C:\Users\raglo\OneDrive - University of Arizona\Printz Lab\Data\Capillary_Bridges\masks_json
86393.5,1231.4528789520264,1.6804979253112031,0.8851339583013166,0.9860020543254964,0.8164487346296158,0.3245782934860525,1,frame_0044.tif,3,C:\Users\raglo\OneDrive - University of Arizona\Printz Lab\Data\Capillary_Bridges\My_better_CLB_videos\5-9\s1_tifs,C:\Users\raglo\OneDrive - University of Arizona\Printz Lab\Data\Capillary_Bridges\masks_json
53720.5,1170.8599526882172,3.3956834532374103,0.8188102060724302,0.9349280797779306,0.3969629579195379,0.2971102922209529,0,frame_0044.tif,4,C:\Users\raglo\OneDrive - University of Arizona\Printz Lab\Data\Capillary_Bridges\My_better_CLB_videos\5-9\s1_tifs,C:\Users\raglo\OneDrive - University of Arizona\Printz Lab\Data\Capillary_Bridges\masks_json
0.5,7.414213538169861,0.5,0.0625,0.3333333333333333,0.0891492262470788,0.3383302505966587,0,frame_0044.tif,5,C:\Users\raglo\OneDrive - University of Arizona\Printz Lab\Data\Capillary_Bridges\My_better_CLB_videos\5-9\s1_tifs,C:\Users\raglo\OneDrive - University of Arizona\Printz Lab\Data\Capillary_Bridges\masks_json
658.0,165.62236511707306,0.8032786885245902,0.2201405152224824,0.815365551425031,0.8986317334254144,0.3493535911602209,0,frame_0044.tif,6,C:\Users\raglo\OneDrive - University of Arizona\Printz Lab\Data\Capillary_Bridges\My_better_CLB_videos\5-9\s1_tifs,C:\Users\raglo\OneDrive - University of Arizona\Printz Lab\Data\Capillary_Bridges\masks_json
0.0,4.0,3.0,0.0,0.0,0.399708594842997,0.3310661899580289,0,frame_0044.tif,7,C:\Users\raglo\OneDrive - University of Arizona\Printz Lab\Data\Capillary_Bridges\My_better_CLB_videos\5-9\s1_tifs,C:\Users\raglo\OneDrive - University of Arizona\Printz Lab\Data\Capillary_Bridges\masks_json
639.5,119.35533845424652,0.7692307692307693,0.5465811965811965,0.9523454951600894,0.9887041928956836,0.0180028776978417,0,frame_0044.tif,8,C:\Users\raglo\OneDrive - University of Arizona\Printz Lab\Data\Capillary_Bridges\My_better_CLB_videos\5-9\s1_tifs,C:\Users\raglo\OneDrive - University of Arizona\Printz Lab\Data\Capillary_Bridges\masks_json
185.0,54.62741661071777,1.6153846153846154,0.6776556776556777,0.9560723514211886,0.73916015625,0.509079365079365,0,frame_0044.tif,9,C:\Users\raglo\OneDrive - University of Arizona\Printz Lab\Data\Capillary_Bridges\My_better_CLB_videos\5-9\s1_tifs,C:\Users\raglo\OneDrive - University of Arizona\Printz Lab\Data\Capillary_Bridges\masks_json
96.0,36.97056221961975,1.0,0.6666666666666666,0.9696969696969696,0.2366910951327433,0.6642005899705015,0,frame_0044.tif,10,C:\Users\raglo\OneDrive - University of Arizona\Printz Lab\Data\Capillary_Bridges\My_better_CLB_videos\5-9\s1_tifs,C:\Users\raglo\OneDrive - University of Arizona\Printz Lab\Data\Capillary_Bridges\masks_json
53.5,28.727921724319454,1.1111111111111112,0.5944444444444444,0.9304347826086956,0.2954320195895522,0.7026069651741293,0,frame_0044.tif,11,C:\Users\raglo\OneDrive - University of Arizona\Printz Lab\Data\Capillary_Bridges\My_better_CLB_videos\5-9\s1_tifs,C:\Users\raglo\OneDrive - University of Arizona\Printz Lab\Data\Capillary_Bridges\masks_json
41.5,25.071067690849304,1.2857142857142858,0.6587301587301587,0.9651162790697676,0.2354239004629629,0.5163456790123456,0,frame_0044.tif,12,C:\Users\raglo\OneDrive - University of Arizona\Printz Lab\Data\Capillary_Bridges\My_better_CLB_videos\5-9\s1_tifs,C:\Users\raglo\OneDrive - University of Arizona\Printz Lab\Data\Capillary_Bridges\masks_json
42.0,24.485281229019165,1.0,0.65625,0.9767441860465116,0.29541015625,0.7024691358024692,0,frame_0044.tif,13,C:\Users\raglo\OneDrive - University of Arizona\Printz Lab\Data\Capillary_Bridges\My_better_CLB_videos\5-9\s1_tifs,C:\Users\raglo\OneDrive - University of Arizona\Printz Lab\Data\Capillary_Bridges\masks_json
56.5,28.727921724319454,1.1111111111111112,0.6277777777777778,0.9576271186440678,0.5766741071428572,0.6748571428571429,0,frame_0044.tif,14,C:\Users\raglo\OneDrive - University of Arizona\Printz Lab\Data\Capillary_Bridges\My_better_CLB_videos\5-9\s1_tifs,C:\Users\raglo\OneDrive - University of Arizona\Printz Lab\Data\Capillary_Bridges\masks_json
52.0,27.313708305358887,1.25,0.65,0.97196261682243,0.8590895432692308,0.8900307692307693,0,frame_0044.tif,15,C:\Users\raglo\OneDrive - University of Arizona\Printz Lab\Data\Capillary_Bridges\My_better_CLB_videos\5-9\s1_tifs,C:\Users\raglo\OneDrive - University of Arizona\Printz Lab\Data\Capillary_Bridges\masks_json
41.0,24.485281229019165,1.0,0.640625,0.9647058823529412,0.5766509433962265,0.6747672955974843,0,frame_0044.tif,16,C:\Users\raglo\OneDrive - University of Arizona\Printz Lab\Data\Capillary_Bridges\My_better_CLB_videos\5-9\s1_tifs,C:\Users\raglo\OneDrive - University of Arizona\Printz Lab\Data\Capillary_Bridges\masks_json
53.5,32.72792184352875,0.9090909090909092,0.4863636363636364,0.8842975206611571,0.4956547050275918,0.7241887590213699,0,frame_0045.tif,0,C:\Users\raglo\OneDrive - University of Arizona\Printz Lab\Data\Capillary_Bridges\My_better_CLB_videos\5-9\s1_tifs,C:\Users\raglo\OneDrive - University of Arizona\Printz Lab\Data\Capillary_Bridges\masks_json
40740.0,785.1025923490524,0.9047619047619048,0.8438451500652457,0.9946774744860588,0.0906950226201338,0.3334272181670721,1,frame_0045.tif,1,C:\Users\raglo\OneDrive - University of Arizona\Printz Lab\Data\Capillary_Bridges\My_better_CLB_videos\5-9\s1_tifs,C:\Users\raglo\OneDrive - University of Arizona\Printz Lab\Data\Capillary_Bridges\masks_json
136633.5,2415.737149477005,6.564102564102564,0.8553278996394231,0.916253135016966,0.4844422044534964,0.0935229427489688,0,frame_0045.tif,2,C:\Users\raglo\OneDrive - University of Arizona\Printz Lab\Data\Capillary_Bridges\My_better_CLB_videos\5-9\s1_tifs,C:\Users\raglo\OneDrive - University of Arizona\Printz Lab\Data\Capillary_Bridges\masks_json
87168.0,1237.5533834695816,1.707112970711297,0.8939207482156042,0.9869621091604912,0.8142605506817404,0.3238093653236071,1,frame_0045.tif,3,C:\Users\raglo\OneDrive - University of Arizona\Printz Lab\Data\Capillary_Bridges\My_better_CLB_videos\5-9\s1_tifs,C:\Users\raglo\OneDrive - University of Arizona\Printz Lab\Data\Capillary_Bridges\masks_json
54119.0,1161.78888463974,3.2816901408450705,0.8178534727679381,0.9323547906383786,0.3972164798034535,0.2940417177315602,0,frame_0045.tif,4,C:\Users\raglo\OneDrive - University of Arizona\Printz Lab\Data\Capillary_Bridges\My_better_CLB_videos\5-9\s1_tifs,C:\Users\raglo\OneDrive - University of Arizona\Printz Lab\Data\Capillary_Bridges\masks_json
669.0,165.62236416339874,0.8032786885245902,0.2238206758113081,0.8274582560296846,0.8987922512755102,0.3495310657596371,0,frame_0045.tif,5,C:\Users\raglo\OneDrive - University of Arizona\Printz Lab\Data\Capillary_Bridges\My_better_CLB_videos\5-9\s1_tifs,C:\Users\raglo\OneDrive - University of Arizona\Printz Lab\Data\Capillary_Bridges\masks_json
177.5,53.21320307254791,1.5384615384615383,0.6826923076923077,0.9594594594594594,0.7389290686881188,0.5089240924092409,0,frame_0045.tif,6,C:\Users\raglo\OneDrive - University of Arizona\Printz Lab\Data\Capillary_Bridges\My_better_CLB_videos\5-9\s1_tifs,C:\Users\raglo\OneDrive - University of Arizona\Printz Lab\Data\Capillary_Bridges\masks_json
32436.5,964.0660153627396,4.67816091954023,0.916052416052416,0.9816896932645308,0.3978224591330081,0.3274856147175622,0,frame_0045.tif,7,C:\Users\raglo\OneDrive - University of Arizona\Printz Lab\Data\Capillary_Bridges\My_better_CLB_videos\5-9\s1_tifs,C:\Users\raglo\OneDrive - University of Arizona\Printz Lab\Data\Capillary_Bridges\masks_json
97.5,37.55634880065918,1.0,0.6770833333333334,0.9653465346534652,0.2367357336956521,0.6643130434782608,0,frame_0045.tif,8,C:\Users\raglo\OneDrive - University of Arizona\Printz Lab\Data\Capillary_Bridges\My_better_CLB_videos\5-9\s1_tifs,C:\Users\raglo\OneDrive - University of Arizona\Printz Lab\Data\Capillary_Bridges\masks_json
726.0,131.5979789495468,0.7272727272727273,0.515625,0.9367741935483872,0.9882440239834815,0.0195950868276154,0,frame_0045.tif,9,C:\Users\raglo\OneDrive - University of Arizona\Printz Lab\Data\Capillary_Bridges\My_better_CLB_videos\5-9\s1_tifs,C:\Users\raglo\OneDrive - University of Arizona\Printz Lab\Data\Capillary_Bridges\masks_json
55.5,28.727921724319454,1.1111111111111112,0.6166666666666667,0.9487179487179488,0.2956578351449275,0.7027053140096619,0,frame_0045.tif,10,C:\Users\raglo\OneDrive - University of Arizona\Printz Lab\Data\Capillary_Bridges\My_better_CLB_videos\5-9\s1_tifs,C:\Users\raglo\OneDrive - University of Arizona\Printz Lab\Data\Capillary_Bridges\masks_json
41.0,24.485281229019165,1.0,0.640625,0.9647058823529412,0.2954009433962264,0.702566037735849,0,frame_0045.tif,11,C:\Users\raglo\OneDrive - University of Arizona\Printz Lab\Data\Capillary_Bridges\My_better_CLB_videos\5-9\s1_tifs,C:\Users\raglo\OneDrive - University of Arizona\Printz Lab\Data\Capillary_Bridges\masks_json
37.0,23.313708305358887,1.2857142857142858,0.5873015873015873,0.961038961038961,0.2354329427083333,0.5161388888888889,0,frame_0045.tif,12,C:\Users\raglo\OneDrive - University of Arizona\Printz Lab\Data\Capillary_Bridges\My_better_CLB_videos\5-9\s1_tifs,C:\Users\raglo\OneDrive - University of Arizona\Printz Lab\Data\Capillary_Bridges\masks_json
55.0,29.313708305358887,1.1111111111111112,0.6111111111111112,0.9243697478991596,0.5766247735507246,0.6745507246376812,0,frame_0045.tif,13,C:\Users\raglo\OneDrive - University of Arizona\Printz Lab\Data\Capillary_Bridges\My_better_CLB_videos\5-9\s1_tifs,C:\Users\raglo\OneDrive - University of Arizona\Printz Lab\Data\Capillary_Bridges\masks_json
40.0,23.656854152679443,1.1428571428571428,0.7142857142857143,1.0,0.57666015625,0.6746666666666666,0,frame_0045.tif,14,C:\Users\raglo\OneDrive - University of Arizona\Printz Lab\Data\Capillary_Bridges\My_better_CLB_videos\5-9\s1_tifs,C:\Users\raglo\OneDrive - University of Arizona\Printz Lab\Data\Capillary_Bridges\masks_json
47.5,26.727921843528748,1.25,0.59375,0.95,0.858984375,0.8902,0,frame_0045.tif,15,C:\Users\raglo\OneDrive - University of Arizona\Printz Lab\Data\Capillary_Bridges\My_better_CLB_videos\5-9\s1_tifs,C:\Users\raglo\OneDrive - University of Arizona\Printz Lab\Data\Capillary_Bridges\masks_json
412181.0,2989.175747990608,2.206896551724138,0.8675010944234913,0.9410482143917152,0.4956211617968835,0.7249147665042734,0,frame_0046.tif,0,C:\Users\raglo\OneDrive - University of Arizona\Printz Lab\Data\Capillary_Bridges\My_better_CLB_videos\5-9\s1_tifs,C:\Users\raglo\OneDrive - University of Arizona\Printz Lab\Data\Capillary_Bridges\masks_json
42384.5,800.5168073177338,0.9063829787234042,0.8467585655778643,0.9947078150668855,0.0921827533287916,0.3306644835329341,1,frame_0046.tif,1,C:\Users\raglo\OneDrive - University of Arizona\Printz Lab\Data\Capillary_Bridges\My_better_CLB_videos\5-9\s1_tifs,C:\Users\raglo\OneDrive - University of Arizona\Printz Lab\Data\Capillary_Bridges\masks_json
89905.5,1253.3107430934906,1.670731707317073,0.8892202243190315,0.9857194544338216,0.8132021100363884,0.3200238132077835,1,frame_0046.tif,2,C:\Users\raglo\OneDrive - University of Arizona\Printz Lab\Data\Capillary_Bridges\My_better_CLB_videos\5-9\s1_tifs,C:\Users\raglo\OneDrive - University of Arizona\Printz Lab\Data\Capillary_Bridges\masks_json
130954.0,2382.0975400209427,6.69281045751634,0.8358481413398693,0.9142757404918576,0.480285638986464,0.0898631559821942,0,frame_0046.tif,3,C:\Users\raglo\OneDrive - University of Arizona\Printz Lab\Data\Capillary_Bridges\My_better_CLB_videos\5-9\s1_tifs,C:\Users\raglo\OneDrive - University of Arizona\Printz Lab\Data\Capillary_Bridges\masks_json
0.5,3.414213538169861,1.0,0.125,1.0,0.3972263853730082,0.2894892028278594,0,frame_0046.tif,4,C:\Users\raglo\OneDrive - University of Arizona\Printz Lab\Data\Capillary_Bridges\My_better_CLB_videos\5-9\s1_tifs,C:\Users\raglo\OneDrive - University of Arizona\Printz Lab\Data\Capillary_Bridges\masks_json
673.0,164.7939373254776,0.8166666666666667,0.2289115646258503,0.8237454100367197,0.898717650541272,0.3495823184483537,0,frame_0046.tif,5,C:\Users\raglo\OneDrive - University of Arizona\Printz Lab\Data\Capillary_Bridges\My_better_CLB_videos\5-9\s1_tifs,C:\Users\raglo\OneDrive - University of Arizona\Printz Lab\Data\Capillary_Bridges\masks_json
181.5,54.041630029678345,1.6153846153846154,0.6648351648351648,0.9577836411609498,0.7390681887135923,0.5089449838187702,0,frame_0046.tif,6,C:\Users\raglo\OneDrive - University of Arizona\Printz Lab\Data\Capillary_Bridges\My_better_CLB_videos\5-9\s1_tifs,C:\Users\raglo\OneDrive - University of Arizona\Printz Lab\Data\Capillary_Bridges\masks_json
653.0,127.11269772052763,0.6744186046511628,0.5236567762630313,0.9063150589868147,0.989171524368864,0.019422159887798,0,frame_0046.tif,7,C:\Users\raglo\OneDrive - University of Arizona\Printz Lab\Data\Capillary_Bridges\My_better_CLB_videos\5-9\s1_tifs,C:\Users\raglo\OneDrive - University of Arizona\Printz Lab\Data\Capillary_Bridges\masks_json
32761.5,956.5512965917588,4.384615384615385,0.9022969511691316,0.974145877315572,0.3991516980383157,0.3238812505016454,0,frame_0046.tif,8,C:\Users\raglo\OneDrive - University of Arizona\Printz Lab\Data\Capillary_Bridges\My_better_CLB_videos\5-9\s1_tifs,C:\Users\raglo\OneDrive - University of Arizona\Printz Lab\Data\Capillary_Bridges\masks_json
94.5,36.72792172431946,1.0909090909090908,0.7159090909090909,0.9742268041237112,0.2368076869419642,0.6638928571428571,0,frame_0046.tif,9,C:\Users\raglo\OneDrive - University of Arizona\Printz Lab\Data\Capillary_Bridges\My_better_CLB_videos\5-9\s1_tifs,C:\Users\raglo\OneDrive - University of Arizona\Printz Lab\Data\Capillary_Bridges\masks_json
45.0,25.656854152679443,1.2857142857142858,0.7142857142857143,0.989010989010989,0.2354020743534483,0.5160689655172414,0,frame_0046.tif,10,C:\Users\raglo\OneDrive - University of Arizona\Printz Lab\Data\Capillary_Bridges\My_better_CLB_videos\5-9\s1_tifs,C:\Users\raglo\OneDrive - University of Arizona\Printz Lab\Data\Capillary_Bridges\masks_json
53.0,28.14213538169861,1.1111111111111112,0.5888888888888889,0.9464285714285714,0.2952769886363636,0.702969696969697,0,frame_0046.tif,11,C:\Users\raglo\OneDrive - University of Arizona\Printz Lab\Data\Capillary_Bridges\My_better_CLB_videos\5-9\s1_tifs,C:\Users\raglo\OneDrive - University of Arizona\Printz Lab\Data\Capillary_Bridges\masks_json
64.5,30.727921843528748,1.0,0.645,0.9555555555555556,0.5763943829113924,0.6750210970464136,0,frame_0046.tif,12,C:\Users\raglo\OneDrive - University of Arizona\Printz Lab\Data\Capillary_Bridges\My_better_CLB_videos\5-9\s1_tifs,C:\Users\raglo\OneDrive - University of Arizona\Printz Lab\Data\Capillary_Bridges\masks_json
38.5,23.071067690849304,1.1428571428571428,0.6875,1.0,0.29552734375,0.7028,0,frame_0046.tif,13,C:\Users\raglo\OneDrive - University of Arizona\Printz Lab\Data\Capillary_Bridges\My_better_CLB_videos\5-9\s1_tifs,C:\Users\raglo\OneDrive - University of Arizona\Printz Lab\Data\Capillary_Bridges\masks_json
55.0,27.313708305358887,1.25,0.6875,1.0,0.85888671875,0.89,0,frame_0046.tif,14,C:\Users\raglo\OneDrive - University of Arizona\Printz Lab\Data\Capillary_Bridges\My_better_CLB_videos\5-9\s1_tifs,C:\Users\raglo\OneDrive - University of Arizona\Printz Lab\Data\Capillary_Bridges\masks_json
43936.0,816.7594480514526,0.9079497907949792,0.8471550045311687,0.9949613324727968,0.0937801270776443,0.3268584324434113,1,frame_0047.tif,0,C:\Users\raglo\OneDrive - University of Arizona\Printz Lab\Data\Capillary_Bridges\My_better_CLB_videos\5-9\s1_tifs,C:\Users\raglo\OneDrive - University of Arizona\Printz Lab\Data\Capillary_Bridges\masks_json
3.0,6.828427076339722,1.0,0.3333333333333333,1.0,0.495568851468703,0.7249722926345844,0,frame_0047.tif,1,C:\Users\raglo\OneDrive - University of Arizona\Printz Lab\Data\Capillary_Bridges\My_better_CLB_videos\5-9\s1_tifs,C:\Users\raglo\OneDrive - University of Arizona\Printz Lab\Data\Capillary_Bridges\masks_json
125776.0,2353.386863708496,6.965986394557823,0.8355654761904762,0.9096734531515568,0.4802576720686856,0.0866696402068869,0,frame_0047.tif,2,C:\Users\raglo\OneDrive - University of Arizona\Printz Lab\Data\Capillary_Bridges\My_better_CLB_videos\5-9\s1_tifs,C:\Users\raglo\OneDrive - University of Arizona\Printz Lab\Data\Capillary_Bridges\masks_json
91125.0,1248.582820057869,1.6967213114754098,0.9020848182466144,0.989284783741532,0.8107172191717215,0.317493703384499,1,frame_0047.tif,3,C:\Users\raglo\OneDrive - University of Arizona\Printz Lab\Data\Capillary_Bridges\My_better_CLB_videos\5-9\s1_tifs,C:\Users\raglo\OneDrive - University of Arizona\Printz Lab\Data\Capillary_Bridges\masks_json
571.5,119.35533821582794,0.7692307692307693,0.4884615384615384,0.932300163132137,0.9895817758173844,0.0176267942583732,0,frame_0047.tif,4,C:\Users\raglo\OneDrive - University of Arizona\Printz Lab\Data\Capillary_Bridges\My_better_CLB_videos\5-9\s1_tifs,C:\Users\raglo\OneDrive - University of Arizona\Printz Lab\Data\Capillary_Bridges\masks_json
55974.5,1168.8599524497986,3.100671140939597,0.8131337342746738,0.9296854238639384,0.3982448894720664,0.284479747141484,0,frame_0047.tif,5,C:\Users\raglo\OneDrive - University of Arizona\Printz Lab\Data\Capillary_Bridges\My_better_CLB_videos\5-9\s1_tifs,C:\Users\raglo\OneDrive - University of Arizona\Printz Lab\Data\Capillary_Bridges\masks_json
671.0,166.79393696784973,0.8032786885245902,0.2244897959183673,0.8228080931943593,0.8987683138550135,0.3495989159891599,0,frame_0047.tif,6,C:\Users\raglo\OneDrive - University of Arizona\Printz Lab\Data\Capillary_Bridges\My_better_CLB_videos\5-9\s1_tifs,C:\Users\raglo\OneDrive - University of Arizona\Printz Lab\Data\Capillary_Bridges\masks_json
186.0,54.62741661071777,1.6153846153846154,0.6813186813186813,0.9587628865979382,0.7392207864336493,0.5090616113744076,0,frame_0047.tif,7,C:\Users\raglo\OneDrive - University of Arizona\Printz Lab\Data\Capillary_Bridges\My_better_CLB_videos\5-9\s1_tifs,C:\Users\raglo\OneDrive - University of Arizona\Printz Lab\Data\Capillary_Bridges\masks_json
97.5,37.55634891986847,1.0,0.6770833333333334,0.9653465346534652,0.2369055706521739,0.6643710144927536,0,frame_0047.tif,8,C:\Users\raglo\OneDrive - University of Arizona\Printz Lab\Data\Capillary_Bridges\My_better_CLB_videos\5-9\s1_tifs,C:\Users\raglo\OneDrive - University of Arizona\Printz Lab\Data\Capillary_Bridges\masks_json
49.5,27.899494767189022,1.0,0.6111111111111112,0.9252336448598132,0.2955729166666667,0.7029629629629629,0,frame_0047.tif,9,C:\Users\raglo\OneDrive - University of Arizona\Printz Lab\Data\Capillary_Bridges\My_better_CLB_videos\5-9\s1_tifs,C:\Users\raglo\OneDrive - University of Arizona\Printz Lab\Data\Capillary_Bridges\masks_json
33117.0,953.2792183160782,4.34065934065934,0.9213242453748784,0.977984496124031,0.4003035441051644,0.3203139941227861,0,frame_0047.tif,10,C:\Users\raglo\OneDrive - University of Arizona\Printz Lab\Data\Capillary_Bridges\My_better_CLB_videos\5-9\s1_tifs,C:\Users\raglo\OneDrive - University of Arizona\Printz Lab\Data\Capillary_Bridges\masks_json
37.5,23.071067690849304,1.1428571428571428,0.6696428571428571,0.986842105263158,0.2955994897959184,0.7027482993197278,0,frame_0047.tif,11,C:\Users\raglo\OneDrive - University of Arizona\Printz Lab\Data\Capillary_Bridges\My_better_CLB_videos\5-9\s1_tifs,C:\Users\raglo\OneDrive - University of Arizona\Printz Lab\Data\Capillary_Bridges\masks_json
39.0,24.485281229019165,1.2857142857142858,0.6190476190476191,0.951219512195122,0.2356196384803921,0.5160522875816994,0,frame_0047.tif,12,C:\Users\raglo\OneDrive - University of Arizona\Printz Lab\Data\Capillary_Bridges\My_better_CLB_videos\5-9\s1_tifs,C:\Users\raglo\OneDrive - University of Arizona\Printz Lab\Data\Capillary_Bridges\masks_json
57.0,28.14213526248932,1.1111111111111112,0.6333333333333333,0.9827586206896552,0.8589146205357143,0.8898285714285715,0,frame_0047.tif,13,C:\Users\raglo\OneDrive - University of Arizona\Printz Lab\Data\Capillary_Bridges\My_better_CLB_videos\5-9\s1_tifs,C:\Users\raglo\OneDrive - University of Arizona\Printz Lab\Data\Capillary_Bridges\masks_json
43.5,25.071067690849304,1.0,0.6796875,0.9775280898876404,0.8589913504464286,0.8899761904761905,0,frame_0047.tif,14,C:\Users\raglo\OneDrive - University of Arizona\Printz Lab\Data\Capillary_Bridges\My_better_CLB_videos\5-9\s1_tifs,C:\Users\raglo\OneDrive - University of Arizona\Printz Lab\Data\Capillary_Bridges\masks_json
62.0,29.313708305358887,1.1111111111111112,0.6888888888888889,0.984126984126984,0.57666015625,0.6745964912280702,0,frame_0047.tif,15,C:\Users\raglo\OneDrive - University of Arizona\Printz Lab\Data\Capillary_Bridges\My_better_CLB_videos\5-9\s1_tifs,C:\Users\raglo\OneDrive - University of Arizona\Printz Lab\Data\Capillary_Bridges\masks_json
53.0,27.313708305358887,1.0,0.654320987654321,0.9724770642201837,0.8905954071969697,0.0518383838383838,0,frame_0047.tif,16,C:\Users\raglo\OneDrive - University of Arizona\Printz Lab\Data\Capillary_Bridges\My_better_CLB_videos\5-9\s1_tifs,C:\Users\raglo\OneDrive - University of Arizona\Printz Lab\Data\Capillary_Bridges\masks_json
45522.0,833.7300114631653,0.9020408163265308,0.8407424508264845,0.9947446052990986,0.0954001763909766,0.3240165856988287,1,frame_0048.tif,0,C:\Users\raglo\OneDrive - University of Arizona\Printz Lab\Data\Capillary_Bridges\My_better_CLB_videos\5-9\s1_tifs,C:\Users\raglo\OneDrive - University of Arizona\Printz Lab\Data\Capillary_Bridges\masks_json
6.0,11.656854152679443,2.0,0.3333333333333333,0.8571428571428571,0.4955528298089925,0.7250635554577188,0,frame_0048.tif,1,C:\Users\raglo\OneDrive - University of Arizona\Printz Lab\Data\Capillary_Bridges\My_better_CLB_videos\5-9\s1_tifs,C:\Users\raglo\OneDrive - University of Arizona\Printz Lab\Data\Capillary_Bridges\masks_json
92708.5,1257.6538891792295,1.688259109311741,0.9000912630219711,0.9872058353742944,0.8091112989098853,0.3135421016005567,1,frame_0048.tif,2,C:\Users\raglo\OneDrive - University of Arizona\Printz Lab\Data\Capillary_Bridges\My_better_CLB_videos\5-9\s1_tifs,C:\Users\raglo\OneDrive - University of Arizona\Printz Lab\Data\Capillary_Bridges\masks_json
122836.0,2353.185853242874,6.918918918918919,0.810520481418919,0.8955672207640711,0.4785051627025904,0.084651548520858,0,frame_0048.tif,3,C:\Users\raglo\OneDrive - University of Arizona\Printz Lab\Data\Capillary_Bridges\My_better_CLB_videos\5-9\s1_tifs,C:\Users\raglo\OneDrive - University of Arizona\Printz Lab\Data\Capillary_Bridges\masks_json
674.0,165.62236416339874,0.8032786885245902,0.2254934760789561,0.819452887537994,0.8989878061655405,0.3496972972972973,0,frame_0048.tif,4,C:\Users\raglo\OneDrive - University of Arizona\Printz Lab\Data\Capillary_Bridges\My_better_CLB_videos\5-9\s1_tifs,C:\Users\raglo\OneDrive - University of Arizona\Printz Lab\Data\Capillary_Bridges\masks_json
182.5,54.041630029678345,1.4285714285714286,0.6517857142857143,0.9455958549222798,0.7390172101449275,0.5085668276972625,0,frame_0048.tif,5,C:\Users\raglo\OneDrive - University of Arizona\Printz Lab\Data\Capillary_Bridges\My_better_CLB_videos\5-9\s1_tifs,C:\Users\raglo\OneDrive - University of Arizona\Printz Lab\Data\Capillary_Bridges\masks_json
700.5,122.18376517295836,0.7317073170731707,0.5695121951219512,0.966206896551724,0.9886502022787318,0.0195825627476882,0,frame_0048.tif,6,C:\Users\raglo\OneDrive - University of Arizona\Printz Lab\Data\Capillary_Bridges\My_better_CLB_videos\5-9\s1_tifs,C:\Users\raglo\OneDrive - University of Arizona\Printz Lab\Data\Capillary_Bridges\masks_json
103.0,38.97056245803833,1.0833333333333333,0.6602564102564102,0.958139534883721,0.2366106017561983,0.6641873278236915,0,frame_0048.tif,7,C:\Users\raglo\OneDrive - University of Arizona\Printz Lab\Data\Capillary_Bridges\My_better_CLB_videos\5-9\s1_tifs,C:\Users\raglo\OneDrive - University of Arizona\Printz Lab\Data\Capillary_Bridges\masks_json
38.5,23.899494767189022,1.2857142857142858,0.6111111111111112,0.9625,0.2354296875,0.5162133333333334,0,frame_0048.tif,8,C:\Users\raglo\OneDrive - University of Arizona\Printz Lab\Data\Capillary_Bridges\My_better_CLB_videos\5-9\s1_tifs,C:\Users\raglo\OneDrive - University of Arizona\Printz Lab\Data\Capillary_Bridges\masks_json
56.0,28.14213526248932,1.1111111111111112,0.6222222222222222,0.9739130434782608,0.295799365942029,0.7025700483091787,0,frame_0048.tif,9,C:\Users\raglo\OneDrive - University of Arizona\Printz Lab\Data\Capillary_Bridges\My_better_CLB_videos\5-9\s1_tifs,C:\Users\raglo\OneDrive - University of Arizona\Printz Lab\Data\Capillary_Bridges\masks_json
40.0,24.485281229019165,1.2857142857142858,0.6349206349206349,0.963855421686747,0.2955416165865384,0.7027179487179487,0,frame_0048.tif,10,C:\Users\raglo\OneDrive - University of Arizona\Printz Lab\Data\Capillary_Bridges\My_better_CLB_videos\5-9\s1_tifs,C:\Users\raglo\OneDrive - University of Arizona\Printz Lab\Data\Capillary_Bridges\masks_json
54.0,27.313708305358887,1.25,0.675,0.9908256880733946,0.8589523087686567,0.8900298507462686,0,frame_0048.tif,11,C:\Users\raglo\OneDrive - University of Arizona\Printz Lab\Data\Capillary_Bridges\My_better_CLB_videos\5-9\s1_tifs,C:\Users\raglo\OneDrive - University of Arizona\Printz Lab\Data\Capillary_Bridges\masks_json
54.0,27.313708305358887,1.0,0.6666666666666666,0.9818181818181818,0.8905375466417911,0.0518805970149253,0,frame_0048.tif,12,C:\Users\raglo\OneDrive - University of Arizona\Printz Lab\Data\Capillary_Bridges\My_better_CLB_videos\5-9\s1_tifs,C:\Users\raglo\OneDrive - University of Arizona\Printz Lab\Data\Capillary_Bridges\masks_json
55.5,28.727921724319454,1.1111111111111112,0.6166666666666667,0.9487179487179488,0.5766106204710145,0.6746859903381642,0,frame_0048.tif,13,C:\Users\raglo\OneDrive - University of Arizona\Printz Lab\Data\Capillary_Bridges\My_better_CLB_videos\5-9\s1_tifs,C:\Users\raglo\OneDrive - University of Arizona\Printz Lab\Data\Capillary_Bridges\masks_json
43.0,24.485281229019165,1.0,0.671875,0.9885057471264368,0.5766335227272728,0.6743757575757576,0,frame_0048.tif,14,C:\Users\raglo\OneDrive - University of Arizona\Printz Lab\Data\Capillary_Bridges\My_better_CLB_videos\5-9\s1_tifs,C:\Users\raglo\OneDrive - University of Arizona\Printz Lab\Data\Capillary_Bridges\masks_json
0.0,4.0,3.0,0.0,0.0,0.496542443194282,0.7273403009326964,0,frame_0049.tif,0,C:\Users\raglo\OneDrive - University of Arizona\Printz Lab\Data\Capillary_Bridges\My_better_CLB_videos\5-9\s1_tifs,C:\Users\raglo\OneDrive - University of Arizona\Printz Lab\Data\Capillary_Bridges\masks_json
47624.5,853.972650885582,0.900398406374502,0.8395532912597398,0.994082407948568,0.0973546881508382,0.3209671144434031,1,frame_0049.tif,1,C:\Users\raglo\OneDrive - University of Arizona\Printz Lab\Data\Capillary_Bridges\My_better_CLB_videos\5-9\s1_tifs,C:\Users\raglo\OneDrive - University of Arizona\Printz Lab\Data\Capillary_Bridges\masks_json
117220.0,2346.2152906656265,7.062068965517241,0.7894665948275862,0.8935745267988504,0.4753682258614789,0.0811399406809021,0,frame_0049.tif,2,C:\Users\raglo\OneDrive - University of Arizona\Printz Lab\Data\Capillary_Bridges\My_better_CLB_videos\5-9\s1_tifs,C:\Users\raglo\OneDrive - University of Arizona\Printz Lab\Data\Capillary_Bridges\masks_json
96408.5,1265.2274851799011,1.64453125,0.8945266107482185,0.9898711432825094,0.8087981376710087,0.3083770661938046,1,frame_0049.tif,3,C:\Users\raglo\OneDrive - University of Arizona\Printz Lab\Data\Capillary_Bridges\My_better_CLB_videos\5-9\s1_tifs,C:\Users\raglo\OneDrive - University of Arizona\Printz Lab\Data\Capillary_Bridges\masks_json
675.5,165.3797243833542,0.8166666666666667,0.2297619047619047,0.8318965517241379,0.8987507370283019,0.3495938903863432,0,frame_0049.tif,4,C:\Users\raglo\OneDrive - University of Arizona\Printz Lab\Data\Capillary_Bridges\My_better_CLB_videos\5-9\s1_tifs,C:\Users\raglo\OneDrive - University of Arizona\Printz Lab\Data\Capillary_Bridges\masks_json
179.5,54.041629910469055,1.6153846153846154,0.6575091575091575,0.9598930481283422,0.7390711167279411,0.5087647058823529,0,frame_0049.tif,5,C:\Users\raglo\OneDrive - University of Arizona\Printz Lab\Data\Capillary_Bridges\My_better_CLB_videos\5-9\s1_tifs,C:\Users\raglo\OneDrive - University of Arizona\Printz Lab\Data\Capillary_Bridges\masks_json
109.0,39.79898941516876,1.0,0.6449704142011834,0.960352422907489,0.236935593011811,0.6637795275590551,0,frame_0049.tif,6,C:\Users\raglo\OneDrive - University of Arizona\Printz Lab\Data\Capillary_Bridges\My_better_CLB_videos\5-9\s1_tifs,C:\Users\raglo\OneDrive - University of Arizona\Printz Lab\Data\Capillary_Bridges\masks_json
765.5,129.35533821582794,0.7209302325581395,0.5742685671417854,0.9527069072806472,0.9880802625605328,0.0203712671509281,0,frame_0049.tif,7,C:\Users\raglo\OneDrive - University of Arizona\Printz Lab\Data\Capillary_Bridges\My_better_CLB_videos\5-9\s1_tifs,C:\Users\raglo\OneDrive - University of Arizona\Printz Lab\Data\Capillary_Bridges\masks_json
34132.0,930.4507912397384,3.877551020408163,0.9165413533834588,0.975604178874105,0.4013053404243782,0.3136835550414497,0,frame_0049.tif,8,C:\Users\raglo\OneDrive - University of Arizona\Printz Lab\Data\Capillary_Bridges\My_better_CLB_videos\5-9\s1_tifs,C:\Users\raglo\OneDrive - University of Arizona\Printz Lab\Data\Capillary_Bridges\masks_json
39.5,23.899494767189022,1.2857142857142858,0.626984126984127,0.9753086419753086,0.2354664522058823,0.5161307189542484,0,frame_0049.tif,9,C:\Users\raglo\OneDrive - University of Arizona\Printz Lab\Data\Capillary_Bridges\My_better_CLB_videos\5-9\s1_tifs,C:\Users\raglo\OneDrive - University of Arizona\Printz Lab\Data\Capillary_Bridges\masks_json
61.0,29.313708305358887,1.1111111111111112,0.6777777777777778,0.976,0.2952604166666667,0.7025422222222222,0,frame_0049.tif,10,C:\Users\raglo\OneDrive - University of Arizona\Printz Lab\Data\Capillary_Bridges\My_better_CLB_videos\5-9\s1_tifs,C:\Users\raglo\OneDrive - University of Arizona\Printz Lab\Data\Capillary_Bridges\masks_json
58.0,29.313708305358887,1.1111111111111112,0.6444444444444445,0.9508196721311476,0.5766872829861112,0.6747222222222222,0,frame_0049.tif,11,C:\Users\raglo\OneDrive - University of Arizona\Printz Lab\Data\Capillary_Bridges\My_better_CLB_videos\5-9\s1_tifs,C:\Users\raglo\OneDrive - University of Arizona\Printz Lab\Data\Capillary_Bridges\masks_json
49.5,25.899494767189022,1.125,0.6875,1.0,0.8592647429435484,0.8901290322580645,0,frame_0049.tif,12,C:\Users\raglo\OneDrive - University of Arizona\Printz Lab\Data\Capillary_Bridges\My_better_CLB_videos\5-9\s1_tifs,C:\Users\raglo\OneDrive - University of Arizona\Printz Lab\Data\Capillary_Bridges\masks_json
44.0,25.3137081861496,0.8888888888888888,0.6111111111111112,0.967032967032967,0.8908517020089286,0.0511904761904761,0,frame_0049.tif,13,C:\Users\raglo\OneDrive - University of Arizona\Printz Lab\Data\Capillary_Bridges\My_better_CLB_videos\5-9\s1_tifs,C:\Users\raglo\OneDrive - University of Arizona\Printz Lab\Data\Capillary_Bridges\masks_json
1.5,5.414213538169861,1.5,0.25,1.0,0.4971999954697385,0.7239249278970997,0,frame_0050.tif,0,C:\Users\raglo\OneDrive - University of Arizona\Printz Lab\Data\Capillary_Bridges\My_better_CLB_videos\5-9\s1_tifs,C:\Users\raglo\OneDrive - University of Arizona\Printz Lab\Data\Capillary_Bridges\masks_json
49129.5,862.3157969713211,0.905511811023622,0.8409705580280725,0.9952697364422746,0.0990443589096416,0.31707275113579,1,frame_0050.tif,1,C:\Users\raglo\OneDrive - University of Arizona\Printz Lab\Data\Capillary_Bridges\My_better_CLB_videos\5-9\s1_tifs,C:\Users\raglo\OneDrive - University of Arizona\Printz Lab\Data\Capillary_Bridges\masks_json
98680.0,1283.4112490415573,1.6145038167938932,0.8904047786620468,0.9892285561052384,0.8079748793875665,0.3041331426115454,1,frame_0050.tif,2,C:\Users\raglo\OneDrive - University of Arizona\Printz Lab\Data\Capillary_Bridges\My_better_CLB_videos\5-9\s1_tifs,C:\Users\raglo\OneDrive - University of Arizona\Printz Lab\Data\Capillary_Bridges\masks_json
1.5,5.414213538169861,0.6666666666666666,0.25,1.0,0.4729439030325741,0.0786350160816669,0,frame_0050.tif,3,C:\Users\raglo\OneDrive - University of Arizona\Printz Lab\Data\Capillary_Bridges\My_better_CLB_videos\5-9\s1_tifs,C:\Users\raglo\OneDrive - University of Arizona\Printz Lab\Data\Capillary_Bridges\masks_json
692.5,166.20815110206604,0.8032786885245902,0.2316828370692539,0.8273596176821983,0.8988054800724637,0.3497057531840141,0,frame_0050.tif,4,C:\Users\raglo\OneDrive - University of Arizona\Printz Lab\Data\Capillary_Bridges\My_better_CLB_videos\5-9\s1_tifs,C:\Users\raglo\OneDrive - University of Arizona\Printz Lab\Data\Capillary_Bridges\masks_json
726.5,122.18376624584198,0.775,0.5858870967741936,0.973208305425318,0.9877387152777778,0.0186853980417198,0,frame_0050.tif,5,C:\Users\raglo\OneDrive - University of Arizona\Printz Lab\Data\Capillary_Bridges\My_better_CLB_videos\5-9\s1_tifs,C:\Users\raglo\OneDrive - University of Arizona\Printz Lab\Data\Capillary_Bridges\masks_json
34121.0,917.6223639249802,3.767676767676768,0.9240122403661276,0.9806294007759736,0.4032554400207592,0.3105250894501827,0,frame_0050.tif,6,C:\Users\raglo\OneDrive - University of Arizona\Printz Lab\Data\Capillary_Bridges\My_better_CLB_videos\5-9\s1_tifs,C:\Users\raglo\OneDrive - University of Arizona\Printz Lab\Data\Capillary_Bridges\masks_json
99.5,37.55634891986847,1.0,0.6909722222222222,0.9754901960784312,0.2369791666666666,0.6642735042735043,0,frame_0050.tif,7,C:\Users\raglo\OneDrive - University of Arizona\Printz Lab\Data\Capillary_Bridges\My_better_CLB_videos\5-9\s1_tifs,C:\Users\raglo\OneDrive - University of Arizona\Printz Lab\Data\Capillary_Bridges\masks_json
179.5,53.21320295333862,1.5384615384615383,0.6903846153846154,0.9624664879356568,0.7390040977328431,0.5088366013071896,0,frame_0050.tif,8,C:\Users\raglo\OneDrive - University of Arizona\Printz Lab\Data\Capillary_Bridges\My_better_CLB_videos\5-9\s1_tifs,C:\Users\raglo\OneDrive - University of Arizona\Printz Lab\Data\Capillary_Bridges\masks_json
52.5,27.55634880065918,1.1111111111111112,0.5833333333333334,0.963302752293578,0.2956129807692307,0.7023589743589743,0,frame_0050.tif,9,C:\Users\raglo\OneDrive - University of Arizona\Printz Lab\Data\Capillary_Bridges\My_better_CLB_videos\5-9\s1_tifs,C:\Users\raglo\OneDrive - University of Arizona\Printz Lab\Data\Capillary_Bridges\masks_json
40.0,24.485281229019165,1.0,0.625,0.9523809523809524,0.2954664963942308,0.7025128205128205,0,frame_0050.tif,10,C:\Users\raglo\OneDrive - University of Arizona\Printz Lab\Data\Capillary_Bridges\My_better_CLB_videos\5-9\s1_tifs,C:\Users\raglo\OneDrive - University of Arizona\Printz Lab\Data\Capillary_Bridges\masks_json
39.0,24.485281229019165,1.2857142857142858,0.6190476190476191,0.951219512195122,0.2353515625,0.5162614379084968,0,frame_0050.tif,11,C:\Users\raglo\OneDrive - University of Arizona\Printz Lab\Data\Capillary_Bridges\My_better_CLB_videos\5-9\s1_tifs,C:\Users\raglo\OneDrive - University of Arizona\Printz Lab\Data\Capillary_Bridges\masks_json
57.0,28.14213526248932,1.1111111111111112,0.6333333333333333,0.9827586206896552,0.8589146205357143,0.8898285714285715,0,frame_0050.tif,12,C:\Users\raglo\OneDrive - University of Arizona\Printz Lab\Data\Capillary_Bridges\My_better_CLB_videos\5-9\s1_tifs,C:\Users\raglo\OneDrive - University of Arizona\Printz Lab\Data\Capillary_Bridges\masks_json
43.5,25.071067690849304,1.0,0.6796875,0.9775280898876404,0.8589913504464286,0.8899761904761905,0,frame_0050.tif,13,C:\Users\raglo\OneDrive - University of Arizona\Printz Lab\Data\Capillary_Bridges\My_better_CLB_videos\5-9\s1_tifs,C:\Users\raglo\OneDrive - University of Arizona\Printz Lab\Data\Capillary_Bridges\masks_json
67.5,31.55634880065918,1.1,0.6136363636363636,0.9574468085106383,0.5768387957317073,0.674780487804878,0,frame_0050.tif,14,C:\Users\raglo\OneDrive - University of Arizona\Printz Lab\Data\Capillary_Bridges\My_better_CLB_videos\5-9\s1_tifs,C:\Users\raglo\OneDrive - University of Arizona\Printz Lab\Data\Capillary_Bridges\masks_json
0.5,3.414213538169861,1.0,0.125,1.0,0.4940441258807582,0.718139460565907,0,frame_0051.tif,0,C:\Users\raglo\OneDrive - University of Arizona\Printz Lab\Data\Capillary_Bridges\My_better_CLB_videos\5-9\s1_tifs,C:\Users\raglo\OneDrive - University of Arizona\Printz Lab\Data\Capillary_Bridges\masks_json
51154.5,881.9726498126984,0.9034749034749034,0.844050094050094,0.9957758679423416,0.1009514547351092,0.313647898524021,1,frame_0051.tif,1,C:\Users\raglo\OneDrive - University of Arizona\Printz Lab\Data\Capillary_Bridges\My_better_CLB_videos\5-9\s1_tifs,C:\Users\raglo\OneDrive - University of Arizona\Printz Lab\Data\Capillary_Bridges\masks_json
101094.0,1296.7249566316605,1.585820895522388,0.8875680421422301,0.9873087647165104,0.8071802339968865,0.3000005771097295,1,frame_0051.tif,2,C:\Users\raglo\OneDrive - University of Arizona\Printz Lab\Data\Capillary_Bridges\My_better_CLB_videos\5-9\s1_tifs,C:\Users\raglo\OneDrive - University of Arizona\Printz Lab\Data\Capillary_Bridges\masks_json
108092.5,2302.173660516739,7.699248120300751,0.7936773085056391,0.8908930565686287,0.4713265029101043,0.0752694197723041,0,frame_0051.tif,3,C:\Users\raglo\OneDrive - University of Arizona\Printz Lab\Data\Capillary_Bridges\My_better_CLB_videos\5-9\s1_tifs,C:\Users\raglo\OneDrive - University of Arizona\Printz Lab\Data\Capillary_Bridges\masks_json
55536.0,1147.185853242874,2.697530864197531,0.7844732604458005,0.9120859268504984,0.4015685610620653,0.2710861898816954,0,frame_0051.tif,4,C:\Users\raglo\OneDrive - University of Arizona\Printz Lab\Data\Capillary_Bridges\My_better_CLB_videos\5-9\s1_tifs,C:\Users\raglo\OneDrive - University of Arizona\Printz Lab\Data\Capillary_Bridges\masks_json
679.5,166.20815062522888,0.8032786885245902,0.227333556373369,0.8123132098027496,0.8989859982406166,0.3497390527256479,0,frame_0051.tif,5,C:\Users\raglo\OneDrive - University of Arizona\Printz Lab\Data\Capillary_Bridges\My_better_CLB_videos\5-9\s1_tifs,C:\Users\raglo\OneDrive - University of Arizona\Printz Lab\Data\Capillary_Bridges\masks_json
33951.5,912.2081507444382,3.623762376237624,0.9184520911107504,0.9788525299120656,0.4044534498487976,0.3075852790943367,0,frame_0051.tif,6,C:\Users\raglo\OneDrive - University of Arizona\Printz Lab\Data\Capillary_Bridges\My_better_CLB_videos\5-9\s1_tifs,C:\Users\raglo\OneDrive - University of Arizona\Printz Lab\Data\Capillary_Bridges\masks_json
190.0,55.455843567848206,1.5,0.6462585034013606,0.95,0.7390761264534884,0.5086201550387597,0,frame_0051.tif,7,C:\Users\raglo\OneDrive - University of Arizona\Printz Lab\Data\Capillary_Bridges\My_better_CLB_videos\5-9\s1_tifs,C:\Users\raglo\OneDrive - University of Arizona\Printz Lab\Data\Capillary_Bridges\masks_json
608.0,116.76955223083496,0.7,0.5428571428571428,0.9720223820943246,0.9893876274546828,0.0183001007049345,0,frame_0051.tif,8,C:\Users\raglo\OneDrive - University of Arizona\Printz Lab\Data\Capillary_Bridges\My_better_CLB_videos\5-9\s1_tifs,C:\Users\raglo\OneDrive - University of Arizona\Printz Lab\Data\Capillary_Bridges\masks_json
100.5,37.55634868144989,1.0,0.6979166666666666,0.9804878048780488,0.2367750264830508,0.6643502824858757,0,frame_0051.tif,9,C:\Users\raglo\OneDrive - University of Arizona\Printz Lab\Data\Capillary_Bridges\My_better_CLB_videos\5-9\s1_tifs,C:\Users\raglo\OneDrive - University of Arizona\Printz Lab\Data\Capillary_Bridges\masks_json
41.5,25.071067690849304,1.2857142857142858,0.6587301587301587,0.9651162790697676,0.2354058159722222,0.5161975308641975,0,frame_0051.tif,10,C:\Users\raglo\OneDrive - University of Arizona\Printz Lab\Data\Capillary_Bridges\My_better_CLB_videos\5-9\s1_tifs,C:\Users\raglo\OneDrive - University of Arizona\Printz Lab\Data\Capillary_Bridges\masks_json
50.0,28.14213538169861,1.375,0.5681818181818182,0.9345794392523364,0.2353670634920635,0.5161269841269841,0,frame_0051.tif,11,C:\Users\raglo\OneDrive - University of Arizona\Printz Lab\Data\Capillary_Bridges\My_better_CLB_videos\5-9\s1_tifs,C:\Users\raglo\OneDrive - University of Arizona\Printz Lab\Data\Capillary_Bridges\masks_json
46.0,25.313708305358887,0.8888888888888888,0.6388888888888888,0.9787234042553192,0.29541015625,0.7024827586206897,0,frame_0051.tif,12,C:\Users\raglo\OneDrive - University of Arizona\Printz Lab\Data\Capillary_Bridges\My_better_CLB_videos\5-9\s1_tifs,C:\Users\raglo\OneDrive - University of Arizona\Printz Lab\Data\Capillary_Bridges\masks_json
50.0,26.485281229019165,1.125,0.6944444444444444,0.99009900990099,0.859312996031746,0.8902010582010581,0,frame_0051.tif,13,C:\Users\raglo\OneDrive - University of Arizona\Printz Lab\Data\Capillary_Bridges\My_better_CLB_videos\5-9\s1_tifs,C:\Users\raglo\OneDrive - University of Arizona\Printz Lab\Data\Capillary_Bridges\masks_json
62.0,30.14213538169861,1.0,0.62,0.953846153846154,0.5765959087171053,0.6747894736842106,0,frame_0051.tif,14,C:\Users\raglo\OneDrive - University of Arizona\Printz Lab\Data\Capillary_Bridges\My_better_CLB_videos\5-9\s1_tifs,C:\Users\raglo\OneDrive - University of Arizona\Printz Lab\Data\Capillary_Bridges\masks_json
52879.0,899.8721451759338,0.8981132075471698,0.8384176312034247,0.994040905331228,0.1025246406522677,0.3103982285939464,1,frame_0052.tif,0,C:\Users\raglo\OneDrive - University of Arizona\Printz Lab\Data\Capillary_Bridges\My_better_CLB_videos\5-9\s1_tifs,C:\Users\raglo\OneDrive - University of Arizona\Printz Lab\Data\Capillary_Bridges\masks_json
103686.0,1313.4112490415573,1.564102564102564,0.8894665053915639,0.9899180844360428,0.8070817145837531,0.298379705055506,1,frame_0052.tif,1,C:\Users\raglo\OneDrive - University of Arizona\Printz Lab\Data\Capillary_Bridges\My_better_CLB_videos\5-9\s1_tifs,C:\Users\raglo\OneDrive - University of Arizona\Printz Lab\Data\Capillary_Bridges\masks_json
1.0,4.0,1.0,0.25,1.0,0.4975202009320724,0.7277531895650023,0,frame_0052.tif,2,C:\Users\raglo\OneDrive - University of Arizona\Printz Lab\Data\Capillary_Bridges\My_better_CLB_videos\5-9\s1_tifs,C:\Users\raglo\OneDrive - University of Arizona\Printz Lab\Data\Capillary_Bridges\masks_json
13.0,22.82842707633972,0.2727272727272727,0.3939393939393939,0.8125,0.4588834227642628,0.0955520694755243,0,frame_0052.tif,3,C:\Users\raglo\OneDrive - University of Arizona\Printz Lab\Data\Capillary_Bridges\My_better_CLB_videos\5-9\s1_tifs,C:\Users\raglo\OneDrive - University of Arizona\Printz Lab\Data\Capillary_Bridges\masks_json
694.0,165.62236487865448,0.8032786885245902,0.2321846771495483,0.8427443837279903,0.8985788445723685,0.3492684210526316,0,frame_0052.tif,4,C:\Users\raglo\OneDrive - University of Arizona\Printz Lab\Data\Capillary_Bridges\My_better_CLB_videos\5-9\s1_tifs,C:\Users\raglo\OneDrive - University of Arizona\Printz Lab\Data\Capillary_Bridges\masks_json
187.0,55.455843687057495,1.5,0.6360544217687075,0.9444444444444444,0.7392393867924528,0.5086289308176101,0,frame_0052.tif,5,C:\Users\raglo\OneDrive - University of Arizona\Printz Lab\Data\Capillary_Bridges\My_better_CLB_videos\5-9\s1_tifs,C:\Users\raglo\OneDrive - University of Arizona\Printz Lab\Data\Capillary_Bridges\masks_json
686.0,122.76955223083496,0.7317073170731707,0.5577235772357724,0.9541029207232268,0.988273363896366,0.0185643786451323,0,frame_0052.tif,6,C:\Users\raglo\OneDrive - University of Arizona\Printz Lab\Data\Capillary_Bridges\My_better_CLB_videos\5-9\s1_tifs,C:\Users\raglo\OneDrive - University of Arizona\Printz Lab\Data\Capillary_Bridges\masks_json
105.0,39.79898953437805,1.0,0.621301775147929,0.945945945945946,0.2369474085365853,0.6640216802168022,0,frame_0052.tif,7,C:\Users\raglo\OneDrive - University of Arizona\Printz Lab\Data\Capillary_Bridges\My_better_CLB_videos\5-9\s1_tifs,C:\Users\raglo\OneDrive - University of Arizona\Printz Lab\Data\Capillary_Bridges\masks_json
62.0,29.313708305358887,1.1111111111111112,0.6888888888888889,0.984126984126984,0.2955001027960526,0.7027719298245614,0,frame_0052.tif,8,C:\Users\raglo\OneDrive - University of Arizona\Printz Lab\Data\Capillary_Bridges\My_better_CLB_videos\5-9\s1_tifs,C:\Users\raglo\OneDrive - University of Arizona\Printz Lab\Data\Capillary_Bridges\masks_json
41.5,25.071067690849304,1.2857142857142858,0.6587301587301587,0.9651162790697676,0.2354239004629629,0.5160493827160494,0,frame_0052.tif,9,C:\Users\raglo\OneDrive - University of Arizona\Printz Lab\Data\Capillary_Bridges\My_better_CLB_videos\5-9\s1_tifs,C:\Users\raglo\OneDrive - University of Arizona\Printz Lab\Data\Capillary_Bridges\masks_json
0.0,2.0,2.0,0.0,0.0,0.5638814851507236,0.3001365349254764,0,frame_0052.tif,10,C:\Users\raglo\OneDrive - University of Arizona\Printz Lab\Data\Capillary_Bridges\My_better_CLB_videos\5-9\s1_tifs,C:\Users\raglo\OneDrive - University of Arizona\Printz Lab\Data\Capillary_Bridges\masks_json
52.0,28.14213538169861,1.1111111111111112,0.5777777777777777,0.9369369369369368,0.2355318509615384,0.5159794871794872,0,frame_0052.tif,11,C:\Users\raglo\OneDrive - University of Arizona\Printz Lab\Data\Capillary_Bridges\My_better_CLB_videos\5-9\s1_tifs,C:\Users\raglo\OneDrive - University of Arizona\Printz Lab\Data\Capillary_Bridges\masks_json
34184.0,911.7644996643066,3.495145631067961,0.921898597626753,0.9747918330101516,0.4053850817152162,0.3043774202555289,0,frame_0052.tif,12,C:\Users\raglo\OneDrive - University of Arizona\Printz Lab\Data\Capillary_Bridges\My_better_CLB_videos\5-9\s1_tifs,C:\Users\raglo\OneDrive - University of Arizona\Printz Lab\Data\Capillary_Bridges\masks_json
42.0,24.485281229019165,1.0,0.65625,0.9767441860465116,0.8589228877314815,0.8904691358024691,0,frame_0052.tif,13,C:\Users\raglo\OneDrive - University of Arizona\Printz Lab\Data\Capillary_Bridges\My_better_CLB_videos\5-9\s1_tifs,C:\Users\raglo\OneDrive - University of Arizona\Printz Lab\Data\Capillary_Bridges\masks_json
39.0,23.656854152679443,1.1428571428571428,0.6964285714285714,0.9873417721518988,0.5767271752450981,0.674718954248366,0,frame_0052.tif,14,C:\Users\raglo\OneDrive - University of Arizona\Printz Lab\Data\Capillary_Bridges\My_better_CLB_videos\5-9\s1_tifs,C:\Users\raglo\OneDrive - University of Arizona\Printz Lab\Data\Capillary_Bridges\masks_json
1.0,4.0,1.0,0.25,1.0,0.4943214137688113,0.7142731824535649,0,frame_0053.tif,0,C:\Users\raglo\OneDrive - University of Arizona\Printz Lab\Data\Capillary_Bridges\My_better_CLB_videos\5-9\s1_tifs,C:\Users\raglo\OneDrive - University of Arizona\Printz Lab\Data\Capillary_Bridges\masks_json
55291.5,919.286358833313,0.9037037037037036,0.839275956284153,0.9947197985067914,0.1046962361791682,0.3070672912964658,1,frame_0053.tif,1,C:\Users\raglo\OneDrive - University of Arizona\Printz Lab\Data\Capillary_Bridges\My_better_CLB_videos\5-9\s1_tifs,C:\Users\raglo\OneDrive - University of Arizona\Printz Lab\Data\Capillary_Bridges\masks_json
1.0,6.828427076339722,2.0,0.125,0.6666666666666666,0.804618790868718,0.2928447696010456,0,frame_0053.tif,2,C:\Users\raglo\OneDrive - University of Arizona\Printz Lab\Data\Capillary_Bridges\My_better_CLB_videos\5-9\s1_tifs,C:\Users\raglo\OneDrive - University of Arizona\Printz Lab\Data\Capillary_Bridges\masks_json
122789.0,2346.381812095642,5.720670391061453,0.6698945967178771,0.8212404650991697,0.4576491003688439,0.0920635115523281,0,frame_0053.tif,3,C:\Users\raglo\OneDrive - University of Arizona\Printz Lab\Data\Capillary_Bridges\My_better_CLB_videos\5-9\s1_tifs,C:\Users\raglo\OneDrive - University of Arizona\Printz Lab\Data\Capillary_Bridges\masks_json
11.5,30.242640614509583,7.5,0.3833333333333333,0.8518518518518519,0.4579075329526803,0.0928538051963649,0,frame_0053.tif,4,C:\Users\raglo\OneDrive - University of Arizona\Printz Lab\Data\Capillary_Bridges\My_better_CLB_videos\5-9\s1_tifs,C:\Users\raglo\OneDrive - University of Arizona\Printz Lab\Data\Capillary_Bridges\masks_json
677.5,166.20815074443817,0.8032786885245902,0.2266644362663098,0.8172496984318456,0.898761708249328,0.3494229390681003,0,frame_0053.tif,5,C:\Users\raglo\OneDrive - University of Arizona\Printz Lab\Data\Capillary_Bridges\My_better_CLB_videos\5-9\s1_tifs,C:\Users\raglo\OneDrive - University of Arizona\Printz Lab\Data\Capillary_Bridges\masks_json
34000.0,900.2497807741165,3.339622641509434,0.9060867711331416,0.9697661152310324,0.4079860008077984,0.3011742085390648,0,frame_0053.tif,6,C:\Users\raglo\OneDrive - University of Arizona\Printz Lab\Data\Capillary_Bridges\My_better_CLB_videos\5-9\s1_tifs,C:\Users\raglo\OneDrive - University of Arizona\Printz Lab\Data\Capillary_Bridges\masks_json
639.0,120.76955235004424,0.8421052631578947,0.5254934210526315,0.9487750556792872,0.9880859375,0.0169880095923261,0,frame_0053.tif,7,C:\Users\raglo\OneDrive - University of Arizona\Printz Lab\Data\Capillary_Bridges\My_better_CLB_videos\5-9\s1_tifs,C:\Users\raglo\OneDrive - University of Arizona\Printz Lab\Data\Capillary_Bridges\masks_json
189.0,55.455843567848206,1.5,0.6428571428571429,0.945,0.7391528548481309,0.5087040498442368,0,frame_0053.tif,8,C:\Users\raglo\OneDrive - University of Arizona\Printz Lab\Data\Capillary_Bridges\My_better_CLB_videos\5-9\s1_tifs,C:\Users\raglo\OneDrive - University of Arizona\Printz Lab\Data\Capillary_Bridges\masks_json
92.0,36.14213526248932,1.0909090909090908,0.696969696969697,0.9735449735449736,0.2367940080275229,0.6639388379204892,0,frame_0053.tif,9,C:\Users\raglo\OneDrive - University of Arizona\Printz Lab\Data\Capillary_Bridges\My_better_CLB_videos\5-9\s1_tifs,C:\Users\raglo\OneDrive - University of Arizona\Printz Lab\Data\Capillary_Bridges\masks_json
35164.0,907.7644996643066,3.227272727272727,0.9004865556978233,0.9678919915773248,0.4070210352894138,0.3002927340235496,0,frame_0053.tif,10,C:\Users\raglo\OneDrive - University of Arizona\Printz Lab\Data\Capillary_Bridges\My_better_CLB_videos\5-9\s1_tifs,C:\Users\raglo\OneDrive - University of Arizona\Printz Lab\Data\Capillary_Bridges\masks_json
43.0,25.656854152679443,1.2857142857142858,0.6825396825396826,0.9662921348314608,0.2354038783482142,0.5160714285714286,0,frame_0053.tif,11,C:\Users\raglo\OneDrive - University of Arizona\Printz Lab\Data\Capillary_Bridges\My_better_CLB_videos\5-9\s1_tifs,C:\Users\raglo\OneDrive - University of Arizona\Printz Lab\Data\Capillary_Bridges\masks_json
55.5,29.55634891986847,1.2222222222222223,0.5606060606060606,0.925,0.2355638586956521,0.5161159420289855,0,frame_0053.tif,12,C:\Users\raglo\OneDrive - University of Arizona\Printz Lab\Data\Capillary_Bridges\My_better_CLB_videos\5-9\s1_tifs,C:\Users\raglo\OneDrive - University of Arizona\Printz Lab\Data\Capillary_Bridges\masks_json
52.0,27.3137081861496,1.25,0.65,0.981132075471698,0.2956881009615384,0.7021948717948718,0,frame_0053.tif,13,C:\Users\raglo\OneDrive - University of Arizona\Printz Lab\Data\Capillary_Bridges\My_better_CLB_videos\5-9\s1_tifs,C:\Users\raglo\OneDrive - University of Arizona\Printz Lab\Data\Capillary_Bridges\masks_json
46.5,25.899494767189022,1.125,0.6458333333333334,0.9789473684210528,0.8587956832627118,0.8902598870056498,0,frame_0053.tif,14,C:\Users\raglo\OneDrive - University of Arizona\Printz Lab\Data\Capillary_Bridges\My_better_CLB_videos\5-9\s1_tifs,C:\Users\raglo\OneDrive - University of Arizona\Printz Lab\Data\Capillary_Bridges\masks_json
58815.0,1167.1858526468277,2.572254335260116,0.7639799961031369,0.9092806456101294,0.4039082834426961,0.2576709850233326,0,frame_0053.tif,15,C:\Users\raglo\OneDrive - University of Arizona\Printz Lab\Data\Capillary_Bridges\My_better_CLB_videos\5-9\s1_tifs,C:\Users\raglo\OneDrive - University of Arizona\Printz Lab\Data\Capillary_Bridges\masks_json
37.0,23.656854152679443,1.1428571428571428,0.6607142857142857,0.961038961038961,0.2954599808673469,0.7025850340136055,0,frame_0053.tif,16,C:\Users\raglo\OneDrive - University of Arizona\Printz Lab\Data\Capillary_Bridges\My_better_CLB_videos\5-9\s1_tifs,C:\Users\raglo\OneDrive - University of Arizona\Printz Lab\Data\Capillary_Bridges\masks_json
45.5,26.727921843528748,1.0,0.5617283950617284,0.9285714285714286,0.5766433189655172,0.6744137931034483,0,frame_0053.tif,17,C:\Users\raglo\OneDrive - University of Arizona\Printz Lab\Data\Capillary_Bridges\My_better_CLB_videos\5-9\s1_tifs,C:\Users\raglo\OneDrive - University of Arizona\Printz Lab\Data\Capillary_Bridges\masks_json
57570.0,938.8427078723907,0.8989169675090253,0.8346744378234962,0.9949191206968064,0.1067756825548716,0.3033805180549089,1,frame_0054.tif,0,C:\Users\raglo\OneDrive - University of Arizona\Printz Lab\Data\Capillary_Bridges\My_better_CLB_videos\5-9\s1_tifs,C:\Users\raglo\OneDrive - University of Arizona\Printz Lab\Data\Capillary_Bridges\masks_json
107747.5,1332.825463294983,1.5265017667844525,0.8813268878419055,0.9882870364000752,0.8059674651954293,0.2910453040985321,1,frame_0054.tif,1,C:\Users\raglo\OneDrive - University of Arizona\Printz Lab\Data\Capillary_Bridges\My_better_CLB_videos\5-9\s1_tifs,C:\Users\raglo\OneDrive - University of Arizona\Printz Lab\Data\Capillary_Bridges\masks_json
4.5,10.242640614509584,1.6666666666666667,0.3,0.8181818181818182,0.4942349421823428,0.7143527681675739,0,frame_0054.tif,2,C:\Users\raglo\OneDrive - University of Arizona\Printz Lab\Data\Capillary_Bridges\My_better_CLB_videos\5-9\s1_tifs,C:\Users\raglo\OneDrive - University of Arizona\Printz Lab\Data\Capillary_Bridges\masks_json
117932.0,2341.1513628959656,5.688888888888889,0.6398220486111111,0.8071729235823552,0.455835636474031,0.0898573100594168,0,frame_0054.tif,3,C:\Users\raglo\OneDrive - University of Arizona\Printz Lab\Data\Capillary_Bridges\My_better_CLB_videos\5-9\s1_tifs,C:\Users\raglo\OneDrive - University of Arizona\Printz Lab\Data\Capillary_Bridges\masks_json
0.0,0.0,1.0,0.0,0.0,0.4568273718334055,0.0903357864586371,0,frame_0054.tif,4,C:\Users\raglo\OneDrive - University of Arizona\Printz Lab\Data\Capillary_Bridges\My_better_CLB_videos\5-9\s1_tifs,C:\Users\raglo\OneDrive - University of Arizona\Printz Lab\Data\Capillary_Bridges\masks_json
0.0,2.0,2.0,0.0,0.0,0.406080231053506,0.2541245633466814,0,frame_0054.tif,5,C:\Users\raglo\OneDrive - University of Arizona\Printz Lab\Data\Capillary_Bridges\My_better_CLB_videos\5-9\s1_tifs,C:\Users\raglo\OneDrive - University of Arizona\Printz Lab\Data\Capillary_Bridges\masks_json
24.5,21.071067690849304,0.75,0.5104166666666666,0.875,0.4091959607974343,0.2968715787107289,0,frame_0054.tif,6,C:\Users\raglo\OneDrive - University of Arizona\Printz Lab\Data\Capillary_Bridges\My_better_CLB_videos\5-9\s1_tifs,C:\Users\raglo\OneDrive - University of Arizona\Printz Lab\Data\Capillary_Bridges\masks_json
685.0,166.79393661022186,0.8032786885245902,0.2291736366677818,0.8203592814371258,0.8988348778257979,0.3496205673758865,0,frame_0054.tif,7,C:\Users\raglo\OneDrive - University of Arizona\Printz Lab\Data\Capillary_Bridges\My_better_CLB_videos\5-9\s1_tifs,C:\Users\raglo\OneDrive - University of Arizona\Printz Lab\Data\Capillary_Bridges\masks_json
185.5,54.041629910469055,1.4285714285714286,0.6625,0.9537275064267352,0.7388485863095238,0.5088444444444444,0,frame_0054.tif,8,C:\Users\raglo\OneDrive - University of Arizona\Printz Lab\Data\Capillary_Bridges\My_better_CLB_videos\5-9\s1_tifs,C:\Users\raglo\OneDrive - University of Arizona\Printz Lab\Data\Capillary_Bridges\masks_json
100.5,38.3847758769989,0.9230769230769232,0.6442307692307693,0.9571428571428572,0.2368329581567796,0.6641129943502825,0,frame_0054.tif,9,C:\Users\raglo\OneDrive - University of Arizona\Printz Lab\Data\Capillary_Bridges\My_better_CLB_videos\5-9\s1_tifs,C:\Users\raglo\OneDrive - University of Arizona\Printz Lab\Data\Capillary_Bridges\masks_json
767.0,129.59797883033752,0.6666666666666666,0.5681481481481482,0.9783163265306124,0.9885741006650544,0.0212752922208786,0,frame_0054.tif,10,C:\Users\raglo\OneDrive - University of Arizona\Printz Lab\Data\Capillary_Bridges\My_better_CLB_videos\5-9\s1_tifs,C:\Users\raglo\OneDrive - University of Arizona\Printz Lab\Data\Capillary_Bridges\masks_json
41.5,25.071067690849304,1.2857142857142858,0.6587301587301587,0.9651162790697676,0.2354239004629629,0.5160493827160494,0,frame_0054.tif,11,C:\Users\raglo\OneDrive - University of Arizona\Printz Lab\Data\Capillary_Bridges\My_better_CLB_videos\5-9\s1_tifs,C:\Users\raglo\OneDrive - University of Arizona\Printz Lab\Data\Capillary_Bridges\masks_json
56.0,29.313708305358887,1.1111111111111112,0.6222222222222222,0.9333333333333332,0.2953822544642857,0.7025714285714286,0,frame_0054.tif,12,C:\Users\raglo\OneDrive - University of Arizona\Printz Lab\Data\Capillary_Bridges\My_better_CLB_videos\5-9\s1_tifs,C:\Users\raglo\OneDrive - University of Arizona\Printz Lab\Data\Capillary_Bridges\masks_json
53.0,28.14213538169861,1.1111111111111112,0.5888888888888889,0.9464285714285714,0.2356031013257575,0.516,0,frame_0054.tif,13,C:\Users\raglo\OneDrive - University of Arizona\Printz Lab\Data\Capillary_Bridges\My_better_CLB_videos\5-9\s1_tifs,C:\Users\raglo\OneDrive - University of Arizona\Printz Lab\Data\Capillary_Bridges\masks_json
42.0,24.485281229019165,1.0,0.65625,0.9767441860465116,0.29541015625,0.7024691358024692,0,frame_0054.tif,14,C:\Users\raglo\OneDrive - University of Arizona\Printz Lab\Data\Capillary_Bridges\My_better_CLB_videos\5-9\s1_tifs,C:\Users\raglo\OneDrive - University of Arizona\Printz Lab\Data\Capillary_Bridges\masks_json
53.5,27.899494767189022,1.25,0.66875,0.9727272727272728,0.8590543376865671,0.8901492537313432,0,frame_0054.tif,15,C:\Users\raglo\OneDrive - University of Arizona\Printz Lab\Data\Capillary_Bridges\My_better_CLB_videos\5-9\s1_tifs,C:\Users\raglo\OneDrive - University of Arizona\Printz Lab\Data\Capillary_Bridges\masks_json
59.5,28.727921724319454,1.1111111111111112,0.6611111111111111,0.9834710743801652,0.576519691780822,0.6747579908675799,0,frame_0054.tif,16,C:\Users\raglo\OneDrive - University of Arizona\Printz Lab\Data\Capillary_Bridges\My_better_CLB_videos\5-9\s1_tifs,C:\Users\raglo\OneDrive - University of Arizona\Printz Lab\Data\Capillary_Bridges\masks_json
59480.5,953.4284952878952,0.9071428571428573,0.836339988751406,0.995639510553891,0.1086827337713003,0.3001371897791945,1,frame_0055.tif,0,C:\Users\raglo\OneDrive - University of Arizona\Printz Lab\Data\Capillary_Bridges\My_better_CLB_videos\5-9\s1_tifs,C:\Users\raglo\OneDrive - University of Arizona\Printz Lab\Data\Capillary_Bridges\masks_json
107638.0,1330.8670926094055,1.528169014084507,0.8732881157915233,0.9844158694737613,0.8029812693704909,0.2890664227890119,1,frame_0055.tif,1,C:\Users\raglo\OneDrive - University of Arizona\Printz Lab\Data\Capillary_Bridges\My_better_CLB_videos\5-9\s1_tifs,C:\Users\raglo\OneDrive - University of Arizona\Printz Lab\Data\Capillary_Bridges\masks_json
29.0,31.313708305358887,2.333333333333333,0.3452380952380952,0.6904761904761905,0.4963316842798843,0.7169719678792554,0,frame_0055.tif,2,C:\Users\raglo\OneDrive - University of Arizona\Printz Lab\Data\Capillary_Bridges\My_better_CLB_videos\5-9\s1_tifs,C:\Users\raglo\OneDrive - University of Arizona\Printz Lab\Data\Capillary_Bridges\masks_json
112838.5,2316.139170885086,5.953488372093023,0.6406619049781976,0.8098040411797001,0.4568329548446551,0.0863700661166695,0,frame_0055.tif,3,C:\Users\raglo\OneDrive - University of Arizona\Printz Lab\Data\Capillary_Bridges\My_better_CLB_videos\5-9\s1_tifs,C:\Users\raglo\OneDrive - University of Arizona\Printz Lab\Data\Capillary_Bridges\masks_json
0.0,0.0,1.0,0.0,0.0,0.459969509938733,0.0877050143442681,0,frame_0055.tif,4,C:\Users\raglo\OneDrive - University of Arizona\Printz Lab\Data\Capillary_Bridges\My_better_CLB_videos\5-9\s1_tifs,C:\Users\raglo\OneDrive - University of Arizona\Printz Lab\Data\Capillary_Bridges\masks_json
1.0,8.828427076339722,0.4,0.1,0.5,0.555229764214239,0.2928823022919595,0,frame_0055.tif,5,C:\Users\raglo\OneDrive - University of Arizona\Printz Lab\Data\Capillary_Bridges\My_better_CLB_videos\5-9\s1_tifs,C:\Users\raglo\OneDrive - University of Arizona\Printz Lab\Data\Capillary_Bridges\masks_json
0.0,0.0,1.0,0.0,0.0,0.8045593381770416,0.2921748743352517,0,frame_0055.tif,6,C:\Users\raglo\OneDrive - University of Arizona\Printz Lab\Data\Capillary_Bridges\My_better_CLB_videos\5-9\s1_tifs,C:\Users\raglo\OneDrive - University of Arizona\Printz Lab\Data\Capillary_Bridges\masks_json
2.0,6.0,1.5,0.3333333333333333,1.0,0.4109071598174245,0.2938083560399636,0,frame_0055.tif,7,C:\Users\raglo\OneDrive - University of Arizona\Printz Lab\Data\Capillary_Bridges\My_better_CLB_videos\5-9\s1_tifs,C:\Users\raglo\OneDrive - University of Arizona\Printz Lab\Data\Capillary_Bridges\masks_json
698.0,165.62236404418945,0.8032786885245902,0.2335229173636668,0.841978287092883,0.899072776914267,0.3499755671902269,0,frame_0055.tif,8,C:\Users\raglo\OneDrive - University of Arizona\Printz Lab\Data\Capillary_Bridges\My_better_CLB_videos\5-9\s1_tifs,C:\Users\raglo\OneDrive - University of Arizona\Printz Lab\Data\Capillary_Bridges\masks_json
664.0,127.5979789495468,0.7619047619047619,0.494047619047619,0.933239634574842,0.9886513442254496,0.0186297833102812,0,frame_0055.tif,9,C:\Users\raglo\OneDrive - University of Arizona\Printz Lab\Data\Capillary_Bridges\My_better_CLB_videos\5-9\s1_tifs,C:\Users\raglo\OneDrive - University of Arizona\Printz Lab\Data\Capillary_Bridges\masks_json
105.0,38.97056245803833,0.9230769230769232,0.6730769230769231,0.958904109589041,0.2368124364837398,0.664260162601626,0,frame_0055.tif,10,C:\Users\raglo\OneDrive - University of Arizona\Printz Lab\Data\Capillary_Bridges\My_better_CLB_videos\5-9\s1_tifs,C:\Users\raglo\OneDrive - University of Arizona\Printz Lab\Data\Capillary_Bridges\masks_json
175.0,53.455843567848206,1.4285714285714286,0.625,0.9408602150537636,0.7386787452889447,0.5084422110552764,0,frame_0055.tif,11,C:\Users\raglo\OneDrive - University of Arizona\Printz Lab\Data\Capillary_Bridges\My_better_CLB_videos\5-9\s1_tifs,C:\Users\raglo\OneDrive - University of Arizona\Printz Lab\Data\Capillary_Bridges\masks_json
62.0,30.14213538169861,1.0,0.62,0.953846153846154,0.29541015625,0.702280701754386,0,frame_0055.tif,12,C:\Users\raglo\OneDrive - University of Arizona\Printz Lab\Data\Capillary_Bridges\My_better_CLB_videos\5-9\s1_tifs,C:\Users\raglo\OneDrive - University of Arizona\Printz Lab\Data\Capillary_Bridges\masks_json
35.0,23.656854152679443,1.1428571428571428,0.625,0.9333333333333332,0.2357878989361702,0.5162553191489362,0,frame_0055.tif,13,C:\Users\raglo\OneDrive - University of Arizona\Printz Lab\Data\Capillary_Bridges\My_better_CLB_videos\5-9\s1_tifs,C:\Users\raglo\OneDrive - University of Arizona\Printz Lab\Data\Capillary_Bridges\masks_json
48.5,26.727921843528748,1.25,0.60625,0.9603960396039604,0.2356397284836065,0.5162622950819672,0,frame_0055.tif,14,C:\Users\raglo\OneDrive - University of Arizona\Printz Lab\Data\Capillary_Bridges\My_better_CLB_videos\5-9\s1_tifs,C:\Users\raglo\OneDrive - University of Arizona\Printz Lab\Data\Capillary_Bridges\masks_json
60.0,29.313708305358887,1.1111111111111112,0.6666666666666666,0.967741935483871,0.5765677787162162,0.6745585585585585,0,frame_0055.tif,15,C:\Users\raglo\OneDrive - University of Arizona\Printz Lab\Data\Capillary_Bridges\My_better_CLB_videos\5-9\s1_tifs,C:\Users\raglo\OneDrive - University of Arizona\Printz Lab\Data\Capillary_Bridges\masks_json
52.5,27.899494767189022,1.25,0.65625,0.963302752293578,0.8586203835227273,0.890020202020202,0,frame_0055.tif,16,C:\Users\raglo\OneDrive - University of Arizona\Printz Lab\Data\Capillary_Bridges\My_better_CLB_videos\5-9\s1_tifs,C:\Users\raglo\OneDrive - University of Arizona\Printz Lab\Data\Capillary_Bridges\masks_json
62006.5,974.2569209337234,0.912280701754386,0.8367948717948718,0.995384788262112,0.1113928768183674,0.2963839900938839,1,frame_0056.tif,0,C:\Users\raglo\OneDrive - University of Arizona\Printz Lab\Data\Capillary_Bridges\My_better_CLB_videos\5-9\s1_tifs,C:\Users\raglo\OneDrive - University of Arizona\Printz Lab\Data\Capillary_Bridges\masks_json
7.0,10.828427076339722,1.6666666666666667,0.4666666666666667,1.0,0.4961874997397519,0.7192630899354069,0,frame_0056.tif,1,C:\Users\raglo\OneDrive - University of Arizona\Printz Lab\Data\Capillary_Bridges\My_better_CLB_videos\5-9\s1_tifs,C:\Users\raglo\OneDrive - University of Arizona\Printz Lab\Data\Capillary_Bridges\masks_json
0.0,2.0,2.0,0.0,0.0,0.8021772608585092,0.2823858326461695,0,frame_0056.tif,2,C:\Users\raglo\OneDrive - University of Arizona\Printz Lab\Data\Capillary_Bridges\My_better_CLB_videos\5-9\s1_tifs,C:\Users\raglo\OneDrive - University of Arizona\Printz Lab\Data\Capillary_Bridges\masks_json
109509.0,2313.068103790283,6.095238095238095,0.6365618024553571,0.797946640337806,0.4579592827749828,0.0847771509847882,0,frame_0056.tif,3,C:\Users\raglo\OneDrive - University of Arizona\Printz Lab\Data\Capillary_Bridges\My_better_CLB_videos\5-9\s1_tifs,C:\Users\raglo\OneDrive - University of Arizona\Printz Lab\Data\Capillary_Bridges\masks_json
34804.5,875.1787132024765,2.921052631578948,0.9168247194562984,0.9728041366780796,0.4133444466772421,0.2899717419489159,0,frame_0056.tif,4,C:\Users\raglo\OneDrive - University of Arizona\Printz Lab\Data\Capillary_Bridges\My_better_CLB_videos\5-9\s1_tifs,C:\Users\raglo\OneDrive - University of Arizona\Printz Lab\Data\Capillary_Bridges\masks_json
673.5,165.37972402572632,0.8166666666666667,0.2290816326530612,0.8289230769230769,0.8988096494932433,0.3496522522522522,0,frame_0056.tif,5,C:\Users\raglo\OneDrive - University of Arizona\Printz Lab\Data\Capillary_Bridges\My_better_CLB_videos\5-9\s1_tifs,C:\Users\raglo\OneDrive - University of Arizona\Printz Lab\Data\Capillary_Bridges\masks_json
94.5,36.72792172431946,1.0909090909090908,0.7159090909090909,0.9742268041237112,0.2368076869419642,0.6638928571428571,0,frame_0056.tif,6,C:\Users\raglo\OneDrive - University of Arizona\Printz Lab\Data\Capillary_Bridges\My_better_CLB_videos\5-9\s1_tifs,C:\Users\raglo\OneDrive - University of Arizona\Printz Lab\Data\Capillary_Bridges\masks_json
185.5,53.21320295333862,1.5384615384615383,0.7134615384615385,0.9712041884816754,0.7389229910714286,0.5090539682539682,0,frame_0056.tif,7,C:\Users\raglo\OneDrive - University of Arizona\Printz Lab\Data\Capillary_Bridges\My_better_CLB_videos\5-9\s1_tifs,C:\Users\raglo\OneDrive - University of Arizona\Printz Lab\Data\Capillary_Bridges\masks_json
693.5,128.1837658882141,0.6444444444444445,0.5314176245210728,0.956551724137931,0.9892214994189908,0.020547144754316,0,frame_0056.tif,8,C:\Users\raglo\OneDrive - University of Arizona\Printz Lab\Data\Capillary_Bridges\My_better_CLB_videos\5-9\s1_tifs,C:\Users\raglo\OneDrive - University of Arizona\Printz Lab\Data\Capillary_Bridges\masks_json
39.0,24.485281229019165,1.2857142857142858,0.6190476190476191,0.951219512195122,0.2353515625,0.5162614379084968,0,frame_0056.tif,9,C:\Users\raglo\OneDrive - University of Arizona\Printz Lab\Data\Capillary_Bridges\My_better_CLB_videos\5-9\s1_tifs,C:\Users\raglo\OneDrive - University of Arizona\Printz Lab\Data\Capillary_Bridges\masks_json
38.0,23.656854152679443,1.1428571428571428,0.6785714285714286,0.9743589743589745,0.295390625,0.7026933333333333,0,frame_0056.tif,10,C:\Users\raglo\OneDrive - University of Arizona\Printz Lab\Data\Capillary_Bridges\My_better_CLB_videos\5-9\s1_tifs,C:\Users\raglo\OneDrive - University of Arizona\Printz Lab\Data\Capillary_Bridges\masks_json
48.5,25.899494767189022,1.125,0.6736111111111112,0.9897959183673468,0.8593109631147541,0.8900546448087431,0,frame_0056.tif,11,C:\Users\raglo\OneDrive - University of Arizona\Printz Lab\Data\Capillary_Bridges\My_better_CLB_videos\5-9\s1_tifs,C:\Users\raglo\OneDrive - University of Arizona\Printz Lab\Data\Capillary_Bridges\masks_json
64351.0,992.9848430156708,0.913793103448276,0.8373584905660377,0.995729339130704,0.1138707739805956,0.2925420569400509,1,frame_0057.tif,0,C:\Users\raglo\OneDrive - University of Arizona\Printz Lab\Data\Capillary_Bridges\My_better_CLB_videos\5-9\s1_tifs,C:\Users\raglo\OneDrive - University of Arizona\Printz Lab\Data\Capillary_Bridges\masks_json
110947.0,1347.1513631343842,1.4813559322033898,0.8606213396424001,0.9883083391606056,0.8010903979139401,0.2781189955418504,1,frame_0057.tif,1,C:\Users\raglo\OneDrive - University of Arizona\Printz Lab\Data\Capillary_Bridges\My_better_CLB_videos\5-9\s1_tifs,C:\Users\raglo\OneDrive - University of Arizona\Printz Lab\Data\Capillary_Bridges\masks_json
23.0,70.48528122901917,11.666666666666666,0.219047619047619,0.4742268041237113,0.4948482566034955,0.7141072139576992,0,frame_0057.tif,2,C:\Users\raglo\OneDrive - University of Arizona\Printz Lab\Data\Capillary_Bridges\My_better_CLB_videos\5-9\s1_tifs,C:\Users\raglo\OneDrive - University of Arizona\Printz Lab\Data\Capillary_Bridges\masks_json
104662.5,2310.624454140663,6.168674698795181,0.6157197147966867,0.7796408791421623,0.4547722648050886,0.0823750291524056,0,frame_0057.tif,3,C:\Users\raglo\OneDrive - University of Arizona\Printz Lab\Data\Capillary_Bridges\My_better_CLB_videos\5-9\s1_tifs,C:\Users\raglo\OneDrive - University of Arizona\Printz Lab\Data\Capillary_Bridges\masks_json
0.0,4.0,0.3333333333333333,0.0,0.0,0.452845538082607,0.0827139952002021,0,frame_0057.tif,4,C:\Users\raglo\OneDrive - University of Arizona\Printz Lab\Data\Capillary_Bridges\My_better_CLB_videos\5-9\s1_tifs,C:\Users\raglo\OneDrive - University of Arizona\Printz Lab\Data\Capillary_Bridges\masks_json
34740.5,868.4924213886261,2.7948717948717947,0.9080347107870044,0.9712324745942772,0.4152409365310491,0.2865792038838634,0,frame_0057.tif,5,C:\Users\raglo\OneDrive - University of Arizona\Printz Lab\Data\Capillary_Bridges\My_better_CLB_videos\5-9\s1_tifs,C:\Users\raglo\OneDrive - University of Arizona\Printz Lab\Data\Capillary_Bridges\masks_json
63726.0,995.1269772052764,0.9201388888888888,0.8349842767295598,0.9932821048365728,0.5520423783346307,0.2848691763373903,0,frame_0057.tif,6,C:\Users\raglo\OneDrive - University of Arizona\Printz Lab\Data\Capillary_Bridges\My_better_CLB_videos\5-9\s1_tifs,C:\Users\raglo\OneDrive - University of Arizona\Printz Lab\Data\Capillary_Bridges\masks_json
681.0,167.62236499786377,0.7903225806451613,0.2241606319947333,0.829981718464351,0.898718196440508,0.3495401069518716,0,frame_0057.tif,7,C:\Users\raglo\OneDrive - University of Arizona\Printz Lab\Data\Capillary_Bridges\My_better_CLB_videos\5-9\s1_tifs,C:\Users\raglo\OneDrive - University of Arizona\Printz Lab\Data\Capillary_Bridges\masks_json
108.0,38.97056233882904,1.0833333333333333,0.6923076923076923,0.9773755656108596,0.2370876736111111,0.6643174603174603,0,frame_0057.tif,8,C:\Users\raglo\OneDrive - University of Arizona\Printz Lab\Data\Capillary_Bridges\My_better_CLB_videos\5-9\s1_tifs,C:\Users\raglo\OneDrive - University of Arizona\Printz Lab\Data\Capillary_Bridges\masks_json
705.0,120.76955199241638,0.75,0.5875,0.9664153529814942,0.9878757391590012,0.0184056066579062,0,frame_0057.tif,9,C:\Users\raglo\OneDrive - University of Arizona\Printz Lab\Data\Capillary_Bridges\My_better_CLB_videos\5-9\s1_tifs,C:\Users\raglo\OneDrive - University of Arizona\Printz Lab\Data\Capillary_Bridges\masks_json
181.5,54.87005722522736,1.5,0.6173469387755102,0.937984496124031,0.7389449332524272,0.5086407766990291,0,frame_0057.tif,10,C:\Users\raglo\OneDrive - University of Arizona\Printz Lab\Data\Capillary_Bridges\My_better_CLB_videos\5-9\s1_tifs,C:\Users\raglo\OneDrive - University of Arizona\Printz Lab\Data\Capillary_Bridges\masks_json
40.0,24.485281229019165,1.2857142857142858,0.6349206349206349,0.963855421686747,0.2355393629807692,0.5160769230769231,0,frame_0057.tif,11,C:\Users\raglo\OneDrive - University of Arizona\Printz Lab\Data\Capillary_Bridges\My_better_CLB_videos\5-9\s1_tifs,C:\Users\raglo\OneDrive - University of Arizona\Printz Lab\Data\Capillary_Bridges\masks_json
51.0,28.14213538169861,1.375,0.5795454545454546,0.9444444444444444,0.235443115234375,0.516125,0,frame_0057.tif,12,C:\Users\raglo\OneDrive - University of Arizona\Printz Lab\Data\Capillary_Bridges\My_better_CLB_videos\5-9\s1_tifs,C:\Users\raglo\OneDrive - University of Arizona\Printz Lab\Data\Capillary_Bridges\masks_json
61.0,29.313708305358887,1.1111111111111112,0.6777777777777778,0.976,0.295234375,0.7026488888888889,0,frame_0057.tif,13,C:\Users\raglo\OneDrive - University of Arizona\Printz Lab\Data\Capillary_Bridges\My_better_CLB_videos\5-9\s1_tifs,C:\Users\raglo\OneDrive - University of Arizona\Printz Lab\Data\Capillary_Bridges\masks_json
46.0,25.656854152679443,1.0,0.71875,0.989247311827957,0.8589280985169492,0.8900790960451977,0,frame_0057.tif,14,C:\Users\raglo\OneDrive - University of Arizona\Printz Lab\Data\Capillary_Bridges\My_better_CLB_videos\5-9\s1_tifs,C:\Users\raglo\OneDrive - University of Arizona\Printz Lab\Data\Capillary_Bridges\masks_json
66778.5,1025.9970341920853,0.9217687074829932,0.8381466977935086,0.9934467933173656,0.116554941127701,0.2895180564024012,1,frame_0058.tif,0,C:\Users\raglo\OneDrive - University of Arizona\Printz Lab\Data\Capillary_Bridges\My_better_CLB_videos\5-9\s1_tifs,C:\Users\raglo\OneDrive - University of Arizona\Printz Lab\Data\Capillary_Bridges\masks_json
116841.0,1380.1808006763458,1.439344262295082,0.8726315396392695,0.9905725161716956,0.8043606241806907,0.2769455581376213,1,frame_0058.tif,1,C:\Users\raglo\OneDrive - University of Arizona\Printz Lab\Data\Capillary_Bridges\My_better_CLB_videos\5-9\s1_tifs,C:\Users\raglo\OneDrive - University of Arizona\Printz Lab\Data\Capillary_Bridges\masks_json
5.5,10.242640614509584,1.6666666666666667,0.3666666666666666,0.9166666666666666,0.4938852211270341,0.711769875299827,0,frame_0058.tif,2,C:\Users\raglo\OneDrive - University of Arizona\Printz Lab\Data\Capillary_Bridges\My_better_CLB_videos\5-9\s1_tifs,C:\Users\raglo\OneDrive - University of Arizona\Printz Lab\Data\Capillary_Bridges\masks_json
99325.5,2308.5655773878098,6.320987654320987,0.5987503616898148,0.7790540805521785,0.4524207524048276,0.0798591690482592,0,frame_0058.tif,3,C:\Users\raglo\OneDrive - University of Arizona\Printz Lab\Data\Capillary_Bridges\My_better_CLB_videos\5-9\s1_tifs,C:\Users\raglo\OneDrive - University of Arizona\Printz Lab\Data\Capillary_Bridges\masks_json
0.0,4.0,3.0,0.0,0.0,0.4838236012518977,0.5948591251541893,0,frame_0058.tif,4,C:\Users\raglo\OneDrive - University of Arizona\Printz Lab\Data\Capillary_Bridges\My_better_CLB_videos\5-9\s1_tifs,C:\Users\raglo\OneDrive - University of Arizona\Printz Lab\Data\Capillary_Bridges\masks_json
35003.5,858.3502861261368,2.675,0.908709761163032,0.9707016084303938,0.4173581985143587,0.2824636960900585,0,frame_0058.tif,5,C:\Users\raglo\OneDrive - University of Arizona\Printz Lab\Data\Capillary_Bridges\My_better_CLB_videos\5-9\s1_tifs,C:\Users\raglo\OneDrive - University of Arizona\Printz Lab\Data\Capillary_Bridges\masks_json
699.0,166.4507920742035,0.7903225806451613,0.2300855826201448,0.8361244019138756,0.8987106821895425,0.3495267973856208,0,frame_0058.tif,6,C:\Users\raglo\OneDrive - University of Arizona\Printz Lab\Data\Capillary_Bridges\My_better_CLB_videos\5-9\s1_tifs,C:\Users\raglo\OneDrive - University of Arizona\Printz Lab\Data\Capillary_Bridges\masks_json
185.5,54.87005722522736,1.5,0.6309523809523809,0.9464285714285714,0.7391648065476191,0.5087555555555555,0,frame_0058.tif,7,C:\Users\raglo\OneDrive - University of Arizona\Printz Lab\Data\Capillary_Bridges\My_better_CLB_videos\5-9\s1_tifs,C:\Users\raglo\OneDrive - University of Arizona\Printz Lab\Data\Capillary_Bridges\masks_json
98.0,36.97056221961975,1.0,0.6805555555555556,0.98,0.2367272418478261,0.6643942028985507,0,frame_0058.tif,8,C:\Users\raglo\OneDrive - University of Arizona\Printz Lab\Data\Capillary_Bridges\My_better_CLB_videos\5-9\s1_tifs,C:\Users\raglo\OneDrive - University of Arizona\Printz Lab\Data\Capillary_Bridges\masks_json
40.5,25.071067690849304,1.2857142857142858,0.6428571428571429,0.9529411764705882,0.2354805424528301,0.5162767295597485,0,frame_0058.tif,9,C:\Users\raglo\OneDrive - University of Arizona\Printz Lab\Data\Capillary_Bridges\My_better_CLB_videos\5-9\s1_tifs,C:\Users\raglo\OneDrive - University of Arizona\Printz Lab\Data\Capillary_Bridges\masks_json
54.5,27.899494767189022,1.0,0.6728395061728395,0.9732142857142856,0.2951372931985294,0.7025686274509804,0,frame_0058.tif,10,C:\Users\raglo\OneDrive - University of Arizona\Printz Lab\Data\Capillary_Bridges\My_better_CLB_videos\5-9\s1_tifs,C:\Users\raglo\OneDrive - University of Arizona\Printz Lab\Data\Capillary_Bridges\masks_json
43.0,24.485281229019165,1.0,0.671875,0.9885057471264368,0.8588423295454546,0.8902060606060606,0,frame_0058.tif,11,C:\Users\raglo\OneDrive - University of Arizona\Printz Lab\Data\Capillary_Bridges\My_better_CLB_videos\5-9\s1_tifs,C:\Users\raglo\OneDrive - University of Arizona\Printz Lab\Data\Capillary_Bridges\masks_json
115756.0,1364.1808006763458,1.448844884488449,0.8702346316636219,0.991265328492156,0.8025905303913123,0.2737847699569242,1,frame_0059.tif,0,C:\Users\raglo\OneDrive - University of Arizona\Printz Lab\Data\Capillary_Bridges\My_better_CLB_videos\5-9\s1_tifs,C:\Users\raglo\OneDrive - University of Arizona\Printz Lab\Data\Capillary_Bridges\masks_json
69295.5,1030.8843383789062,0.9297658862876256,0.8336601621712664,0.99541047188106,0.1189305227578941,0.2856005083587751,1,frame_0059.tif,1,C:\Users\raglo\OneDrive - University of Arizona\Printz Lab\Data\Capillary_Bridges\My_better_CLB_videos\5-9\s1_tifs,C:\Users\raglo\OneDrive - University of Arizona\Printz Lab\Data\Capillary_Bridges\masks_json
3.0,7.656854152679443,1.3333333333333333,0.25,0.8571428571428571,0.4943723769069125,0.7112911386134781,0,frame_0059.tif,2,C:\Users\raglo\OneDrive - University of Arizona\Printz Lab\Data\Capillary_Bridges\My_better_CLB_videos\5-9\s1_tifs,C:\Users\raglo\OneDrive - University of Arizona\Printz Lab\Data\Capillary_Bridges\masks_json
95426.0,2284.381811738014,6.606451612903226,0.6012222782258064,0.7745302544539588,0.4544581423317912,0.0775297339674185,0,frame_0059.tif,3,C:\Users\raglo\OneDrive - University of Arizona\Printz Lab\Data\Capillary_Bridges\My_better_CLB_videos\5-9\s1_tifs,C:\Users\raglo\OneDrive - University of Arizona\Printz Lab\Data\Capillary_Bridges\masks_json
6.0,9.656854152679443,1.6666666666666667,0.4,1.0,0.8049038837152087,0.2774997808422401,0,frame_0059.tif,4,C:\Users\raglo\OneDrive - University of Arizona\Printz Lab\Data\Capillary_Bridges\My_better_CLB_videos\5-9\s1_tifs,C:\Users\raglo\OneDrive - University of Arizona\Printz Lab\Data\Capillary_Bridges\masks_json
34391.5,843.5218589305878,2.6166666666666667,0.912725583864119,0.969594023118128,0.4210601547905589,0.279059213488528,0,frame_0059.tif,5,C:\Users\raglo\OneDrive - University of Arizona\Printz Lab\Data\Capillary_Bridges\My_better_CLB_videos\5-9\s1_tifs,C:\Users\raglo\OneDrive - University of Arizona\Printz Lab\Data\Capillary_Bridges\masks_json
696.5,168.20815014839172,0.7903225806451613,0.2292626728110599,0.8262158956109134,0.8988452531904451,0.3494886561954624,0,frame_0059.tif,6,C:\Users\raglo\OneDrive - University of Arizona\Printz Lab\Data\Capillary_Bridges\My_better_CLB_videos\5-9\s1_tifs,C:\Users\raglo\OneDrive - University of Arizona\Printz Lab\Data\Capillary_Bridges\masks_json
178.0,52.62741661071777,1.5384615384615383,0.6846153846153846,0.9621621621621622,0.7388420482673267,0.5083036303630363,0,frame_0059.tif,7,C:\Users\raglo\OneDrive - University of Arizona\Printz Lab\Data\Capillary_Bridges\My_better_CLB_videos\5-9\s1_tifs,C:\Users\raglo\OneDrive - University of Arizona\Printz Lab\Data\Capillary_Bridges\masks_json
98.5,37.55634880065918,1.0,0.6840277777777778,0.9704433497536946,0.2367658943965517,0.6643448275862069,0,frame_0059.tif,8,C:\Users\raglo\OneDrive - University of Arizona\Printz Lab\Data\Capillary_Bridges\My_better_CLB_videos\5-9\s1_tifs,C:\Users\raglo\OneDrive - University of Arizona\Printz Lab\Data\Capillary_Bridges\masks_json
59.0,29.313708305358887,1.1111111111111112,0.6555555555555556,0.959349593495935,0.2953499571917808,0.7028493150684932,0,frame_0059.tif,9,C:\Users\raglo\OneDrive - University of Arizona\Printz Lab\Data\Capillary_Bridges\My_better_CLB_videos\5-9\s1_tifs,C:\Users\raglo\OneDrive - University of Arizona\Printz Lab\Data\Capillary_Bridges\masks_json
37.5,23.899494767189022,1.2857142857142858,0.5952380952380952,0.9493670886075948,0.2355110012755102,0.5161904761904762,0,frame_0059.tif,10,C:\Users\raglo\OneDrive - University of Arizona\Printz Lab\Data\Capillary_Bridges\My_better_CLB_videos\5-9\s1_tifs,C:\Users\raglo\OneDrive - University of Arizona\Printz Lab\Data\Capillary_Bridges\masks_json
50.0,26.485281229019165,1.125,0.6944444444444444,0.99009900990099,0.8586774553571429,0.8900317460317461,0,frame_0059.tif,11,C:\Users\raglo\OneDrive - University of Arizona\Printz Lab\Data\Capillary_Bridges\My_better_CLB_videos\5-9\s1_tifs,C:\Users\raglo\OneDrive - University of Arizona\Printz Lab\Data\Capillary_Bridges\masks_json
46.5,25.899494767189022,0.8888888888888888,0.6458333333333334,0.96875,0.5765525688559322,0.6747344632768362,0,frame_0059.tif,12,C:\Users\raglo\OneDrive - University of Arizona\Printz Lab\Data\Capillary_Bridges\My_better_CLB_videos\5-9\s1_tifs,C:\Users\raglo\OneDrive - University of Arizona\Printz Lab\Data\Capillary_Bridges\masks_json
63.0,29.313708305358887,0.9,0.7,0.9921259842519684,0.8906757305194806,0.0513766233766233,0,frame_0059.tif,13,C:\Users\raglo\OneDrive - University of Arizona\Printz Lab\Data\Capillary_Bridges\My_better_CLB_videos\5-9\s1_tifs,C:\Users\raglo\OneDrive - University of Arizona\Printz Lab\Data\Capillary_Bridges\masks_json
72818.5,1055.369619846344,0.9315960912052116,0.8293489897724425,0.9949037798104972,0.1221219910028512,0.2827597986384906,1,frame_0060.tif,0,C:\Users\raglo\OneDrive - University of Arizona\Printz Lab\Data\Capillary_Bridges\My_better_CLB_videos\5-9\s1_tifs,C:\Users\raglo\OneDrive - University of Arizona\Printz Lab\Data\Capillary_Bridges\masks_json
0.0,2.0,2.0,0.0,0.0,0.4950019060934669,0.7113004732196647,0,frame_0060.tif,1,C:\Users\raglo\OneDrive - University of Arizona\Printz Lab\Data\Capillary_Bridges\My_better_CLB_videos\5-9\s1_tifs,C:\Users\raglo\OneDrive - University of Arizona\Printz Lab\Data\Capillary_Bridges\masks_json
118110.5,1375.394004702568,1.4332247557003257,0.8743744447734676,0.9925085292684156,0.8033296503787656,0.2726852112300441,1,frame_0060.tif,2,C:\Users\raglo\OneDrive - University of Arizona\Printz Lab\Data\Capillary_Bridges\My_better_CLB_videos\5-9\s1_tifs,C:\Users\raglo\OneDrive - University of Arizona\Printz Lab\Data\Capillary_Bridges\masks_json
90985.5,2289.5950144529343,6.64935064935065,0.5769677100243507,0.7492002453815972,0.4539524202493049,0.0754216227174652,0,frame_0060.tif,3,C:\Users\raglo\OneDrive - University of Arizona\Printz Lab\Data\Capillary_Bridges\My_better_CLB_videos\5-9\s1_tifs,C:\Users\raglo\OneDrive - University of Arizona\Printz Lab\Data\Capillary_Bridges\masks_json
0.0,6.0,0.25,0.0,0.0,0.4534048660646429,0.0755702777234925,0,frame_0060.tif,4,C:\Users\raglo\OneDrive - University of Arizona\Printz Lab\Data\Capillary_Bridges\My_better_CLB_videos\5-9\s1_tifs,C:\Users\raglo\OneDrive - University of Arizona\Printz Lab\Data\Capillary_Bridges\masks_json
72259.5,1056.6833280324936,0.9407894736842104,0.8311039289657711,0.9942485638608924,0.5427170990303165,0.2760522759259745,0,frame_0060.tif,5,C:\Users\raglo\OneDrive - University of Arizona\Printz Lab\Data\Capillary_Bridges\My_better_CLB_videos\5-9\s1_tifs,C:\Users\raglo\OneDrive - University of Arizona\Printz Lab\Data\Capillary_Bridges\masks_json
1.0,4.0,1.0,0.25,1.0,0.4862994083577551,0.6007505969585323,0,frame_0060.tif,6,C:\Users\raglo\OneDrive - University of Arizona\Printz Lab\Data\Capillary_Bridges\My_better_CLB_videos\5-9\s1_tifs,C:\Users\raglo\OneDrive - University of Arizona\Printz Lab\Data\Capillary_Bridges\masks_json
42.5,30.38477599620819,0.75,0.3935185185185185,0.794392523364486,0.4236959611623458,0.2756254377950358,0,frame_0060.tif,7,C:\Users\raglo\OneDrive - University of Arizona\Printz Lab\Data\Capillary_Bridges\My_better_CLB_videos\5-9\s1_tifs,C:\Users\raglo\OneDrive - University of Arizona\Printz Lab\Data\Capillary_Bridges\masks_json
698.0,165.96551084518433,0.8166666666666667,0.2374149659863945,0.828978622327791,0.8988625919117647,0.3495477124183007,0,frame_0060.tif,8,C:\Users\raglo\OneDrive - University of Arizona\Printz Lab\Data\Capillary_Bridges\My_better_CLB_videos\5-9\s1_tifs,C:\Users\raglo\OneDrive - University of Arizona\Printz Lab\Data\Capillary_Bridges\masks_json
184.0,54.62741661071777,1.6153846153846154,0.673992673992674,0.9558441558441558,0.7392624850478469,0.5087464114832536,0,frame_0060.tif,9,C:\Users\raglo\OneDrive - University of Arizona\Printz Lab\Data\Capillary_Bridges\My_better_CLB_videos\5-9\s1_tifs,C:\Users\raglo\OneDrive - University of Arizona\Printz Lab\Data\Capillary_Bridges\masks_json
100.0,38.97056245803833,0.9230769230769232,0.6410256410256411,0.9389671361502347,0.2370398569915254,0.664135593220339,0,frame_0060.tif,10,C:\Users\raglo\OneDrive - University of Arizona\Printz Lab\Data\Capillary_Bridges\My_better_CLB_videos\5-9\s1_tifs,C:\Users\raglo\OneDrive - University of Arizona\Printz Lab\Data\Capillary_Bridges\masks_json
60.0,29.313708305358887,1.1111111111111112,0.6666666666666666,0.967741935483871,0.23583984375,0.516,0,frame_0060.tif,11,C:\Users\raglo\OneDrive - University of Arizona\Printz Lab\Data\Capillary_Bridges\My_better_CLB_videos\5-9\s1_tifs,C:\Users\raglo\OneDrive - University of Arizona\Printz Lab\Data\Capillary_Bridges\masks_json
55.0,27.313708305358887,1.0,0.6790123456790124,0.990990990990991,0.2958697150735294,0.7025882352941177,0,frame_0060.tif,12,C:\Users\raglo\OneDrive - University of Arizona\Printz Lab\Data\Capillary_Bridges\My_better_CLB_videos\5-9\s1_tifs,C:\Users\raglo\OneDrive - University of Arizona\Printz Lab\Data\Capillary_Bridges\masks_json
53.0,27.313708305358887,1.25,0.6625,0.9814814814814816,0.8590198863636364,0.890040404040404,0,frame_0060.tif,13,C:\Users\raglo\OneDrive - University of Arizona\Printz Lab\Data\Capillary_Bridges\My_better_CLB_videos\5-9\s1_tifs,C:\Users\raglo\OneDrive - University of Arizona\Printz Lab\Data\Capillary_Bridges\masks_json
75407.0,1076.4406858682632,0.9451612903225808,0.8301992733678301,0.995143516991092,0.1250664946178474,0.2795293394291536,1,frame_0061.tif,0,C:\Users\raglo\OneDrive - University of Arizona\Printz Lab\Data\Capillary_Bridges\My_better_CLB_videos\5-9\s1_tifs,C:\Users\raglo\OneDrive - University of Arizona\Printz Lab\Data\Capillary_Bridges\masks_json
118720.0,1373.636644601822,1.4057507987220448,0.8620389195469068,0.9918750130542848,0.8022604579714744,0.2679220772691853,1,frame_0061.tif,1,C:\Users\raglo\OneDrive - University of Arizona\Printz Lab\Data\Capillary_Bridges\My_better_CLB_videos\5-9\s1_tifs,C:\Users\raglo\OneDrive - University of Arizona\Printz Lab\Data\Capillary_Bridges\masks_json
0.0,4.0,3.0,0.0,0.0,0.4974239548595938,0.7208079592390677,0,frame_0061.tif,2,C:\Users\raglo\OneDrive - University of Arizona\Printz Lab\Data\Capillary_Bridges\My_better_CLB_videos\5-9\s1_tifs,C:\Users\raglo\OneDrive - University of Arizona\Printz Lab\Data\Capillary_Bridges\masks_json
86138.0,2283.00922870636,6.87248322147651,0.5645579907718121,0.7447615177440482,0.4523184136751218,0.0728907996560619,0,frame_0061.tif,3,C:\Users\raglo\OneDrive - University of Arizona\Printz Lab\Data\Capillary_Bridges\My_better_CLB_videos\5-9\s1_tifs,C:\Users\raglo\OneDrive - University of Arizona\Printz Lab\Data\Capillary_Bridges\masks_json
3.0,6.828427076339722,1.0,0.3333333333333333,1.0,0.4866309092297859,0.605598428674878,0,frame_0061.tif,4,C:\Users\raglo\OneDrive - University of Arizona\Printz Lab\Data\Capillary_Bridges\My_better_CLB_videos\5-9\s1_tifs,C:\Users\raglo\OneDrive - University of Arizona\Printz Lab\Data\Capillary_Bridges\masks_json
34142.5,825.5218589305878,2.408,0.9074418604651164,0.964831717862492,0.4272268520445464,0.2713942342029321,0,frame_0061.tif,5,C:\Users\raglo\OneDrive - University of Arizona\Printz Lab\Data\Capillary_Bridges\My_better_CLB_videos\5-9\s1_tifs,C:\Users\raglo\OneDrive - University of Arizona\Printz Lab\Data\Capillary_Bridges\masks_json
687.5,165.37972354888916,0.8166666666666667,0.233843537414966,0.8343446601941747,0.8987846070954907,0.3496976127320955,0,frame_0061.tif,6,C:\Users\raglo\OneDrive - University of Arizona\Printz Lab\Data\Capillary_Bridges\My_better_CLB_videos\5-9\s1_tifs,C:\Users\raglo\OneDrive - University of Arizona\Printz Lab\Data\Capillary_Bridges\masks_json
192.0,55.455843567848206,1.5,0.6530612244897959,0.9504950495049505,0.7390237975230415,0.5086820276497696,0,frame_0061.tif,7,C:\Users\raglo\OneDrive - University of Arizona\Printz Lab\Data\Capillary_Bridges\My_better_CLB_videos\5-9\s1_tifs,C:\Users\raglo\OneDrive - University of Arizona\Printz Lab\Data\Capillary_Bridges\masks_json
102.5,37.55634880065918,1.0,0.7118055555555556,0.9855769230769232,0.2369710286458333,0.6643666666666667,0,frame_0061.tif,8,C:\Users\raglo\OneDrive - University of Arizona\Printz Lab\Data\Capillary_Bridges\My_better_CLB_videos\5-9\s1_tifs,C:\Users\raglo\OneDrive - University of Arizona\Printz Lab\Data\Capillary_Bridges\masks_json
43.5,25.899494767189022,1.4285714285714286,0.6214285714285714,0.956043956043956,0.2355608258928571,0.516095238095238,0,frame_0061.tif,9,C:\Users\raglo\OneDrive - University of Arizona\Printz Lab\Data\Capillary_Bridges\My_better_CLB_videos\5-9\s1_tifs,C:\Users\raglo\OneDrive - University of Arizona\Printz Lab\Data\Capillary_Bridges\masks_json
56.5,28.727921724319454,1.1111111111111112,0.6277777777777778,0.9576271186440678,0.2956473214285714,0.7027047619047619,0,frame_0061.tif,10,C:\Users\raglo\OneDrive - University of Arizona\Printz Lab\Data\Capillary_Bridges\My_better_CLB_videos\5-9\s1_tifs,C:\Users\raglo\OneDrive - University of Arizona\Printz Lab\Data\Capillary_Bridges\masks_json
58.0,29.313708305358887,1.1111111111111112,0.6444444444444445,0.9508196721311476,0.57666015625,0.6748148148148148,0,frame_0061.tif,11,C:\Users\raglo\OneDrive - University of Arizona\Printz Lab\Data\Capillary_Bridges\My_better_CLB_videos\5-9\s1_tifs,C:\Users\raglo\OneDrive - University of Arizona\Printz Lab\Data\Capillary_Bridges\masks_json
0.0,2.0,2.0,0.0,0.0,0.8047033317401379,0.2695980262116473,0,frame_0061.tif,12,C:\Users\raglo\OneDrive - University of Arizona\Printz Lab\Data\Capillary_Bridges\My_better_CLB_videos\5-9\s1_tifs,C:\Users\raglo\OneDrive - University of Arizona\Printz Lab\Data\Capillary_Bridges\masks_json
51.0,27.313708305358887,1.25,0.6375,0.9622641509433962,0.859130859375,0.8901041666666667,0,frame_0061.tif,13,C:\Users\raglo\OneDrive - University of Arizona\Printz Lab\Data\Capillary_Bridges\My_better_CLB_videos\5-9\s1_tifs,C:\Users\raglo\OneDrive - University of Arizona\Printz Lab\Data\Capillary_Bridges\masks_json
43.0,24.485281229019165,1.0,0.671875,0.9885057471264368,0.5766335227272728,0.6749575757575758,0,frame_0061.tif,14,C:\Users\raglo\OneDrive - University of Arizona\Printz Lab\Data\Capillary_Bridges\My_better_CLB_videos\5-9\s1_tifs,C:\Users\raglo\OneDrive - University of Arizona\Printz Lab\Data\Capillary_Bridges\masks_json
78629.5,1100.6833281517029,0.9585987261146496,0.8319349514357661,0.9950456207843484,0.1286638278278341,0.2762693692896769,1,frame_0062.tif,0,C:\Users\raglo\OneDrive - University of Arizona\Printz Lab\Data\Capillary_Bridges\My_better_CLB_videos\5-9\s1_tifs,C:\Users\raglo\OneDrive - University of Arizona\Printz Lab\Data\Capillary_Bridges\masks_json
3.0,6.828427076339722,1.0,0.3333333333333333,1.0,0.4958388758816637,0.7132005161867404,0,frame_0062.tif,1,C:\Users\raglo\OneDrive - University of Arizona\Printz Lab\Data\Capillary_Bridges\My_better_CLB_videos\5-9\s1_tifs,C:\Users\raglo\OneDrive - University of Arizona\Printz Lab\Data\Capillary_Bridges\masks_json
122376.0,1394.1219271421432,1.3738317757009346,0.8644753851696442,0.9943649726374122,0.8045501458421399,0.2647578107640864,1,frame_0062.tif,2,C:\Users\raglo\OneDrive - University of Arizona\Printz Lab\Data\Capillary_Bridges\My_better_CLB_videos\5-9\s1_tifs,C:\Users\raglo\OneDrive - University of Arizona\Printz Lab\Data\Capillary_Bridges\masks_json
432579.0,2986.915862798691,2.048,0.844880859375,0.9313529818306302,0.4868417663023601,0.6103152419499033,0,frame_0062.tif,3,C:\Users\raglo\OneDrive - University of Arizona\Printz Lab\Data\Capillary_Bridges\My_better_CLB_videos\5-9\s1_tifs,C:\Users\raglo\OneDrive - University of Arizona\Printz Lab\Data\Capillary_Bridges\masks_json
78233.5,1101.9970353841782,0.9647435897435898,0.8330511542720845,0.9938766824831196,0.5388309878624127,0.268764242946378,0,frame_0062.tif,4,C:\Users\raglo\OneDrive - University of Arizona\Printz Lab\Data\Capillary_Bridges\My_better_CLB_videos\5-9\s1_tifs,C:\Users\raglo\OneDrive - University of Arizona\Printz Lab\Data\Capillary_Bridges\masks_json
0.0,2.0,0.5,0.0,0.0,0.1286626742310884,0.2767746537906984,0,frame_0062.tif,5,C:\Users\raglo\OneDrive - University of Arizona\Printz Lab\Data\Capillary_Bridges\My_better_CLB_videos\5-9\s1_tifs,C:\Users\raglo\OneDrive - University of Arizona\Printz Lab\Data\Capillary_Bridges\masks_json
0.0,8.0,0.2,0.0,0.0,0.448563446975479,0.0708498251698437,0,frame_0062.tif,6,C:\Users\raglo\OneDrive - University of Arizona\Printz Lab\Data\Capillary_Bridges\My_better_CLB_videos\5-9\s1_tifs,C:\Users\raglo\OneDrive - University of Arizona\Printz Lab\Data\Capillary_Bridges\masks_json
33872.5,819.3208485841751,2.2890625,0.9031703284982936,0.963340585583664,0.4309956451030326,0.2675653755971318,0,frame_0062.tif,7,C:\Users\raglo\OneDrive - University of Arizona\Printz Lab\Data\Capillary_Bridges\My_better_CLB_videos\5-9\s1_tifs,C:\Users\raglo\OneDrive - University of Arizona\Printz Lab\Data\Capillary_Bridges\masks_json
687.5,166.20815062522888,0.8032786885245902,0.2300100368016059,0.8184523809523809,0.8988869259781167,0.349340406719717,0,frame_0062.tif,8,C:\Users\raglo\OneDrive - University of Arizona\Printz Lab\Data\Capillary_Bridges\My_better_CLB_videos\5-9\s1_tifs,C:\Users\raglo\OneDrive - University of Arizona\Printz Lab\Data\Capillary_Bridges\masks_json
182.0,54.62741661071777,1.6153846153846154,0.6666666666666666,0.9503916449086162,0.739290836352657,0.5088566827697262,0,frame_0062.tif,9,C:\Users\raglo\OneDrive - University of Arizona\Printz Lab\Data\Capillary_Bridges\My_better_CLB_videos\5-9\s1_tifs,C:\Users\raglo\OneDrive - University of Arizona\Printz Lab\Data\Capillary_Bridges\masks_json
99.0,36.97056233882904,1.0,0.6875,0.9801980198019802,0.2368248248922413,0.6645402298850575,0,frame_0062.tif,10,C:\Users\raglo\OneDrive - University of Arizona\Printz Lab\Data\Capillary_Bridges\My_better_CLB_videos\5-9\s1_tifs,C:\Users\raglo\OneDrive - University of Arizona\Printz Lab\Data\Capillary_Bridges\masks_json
35.5,23.071067690849304,1.1428571428571428,0.6339285714285714,0.9594594594594594,0.2356840093085106,0.51622695035461,0,frame_0062.tif,11,C:\Users\raglo\OneDrive - University of Arizona\Printz Lab\Data\Capillary_Bridges\My_better_CLB_videos\5-9\s1_tifs,C:\Users\raglo\OneDrive - University of Arizona\Printz Lab\Data\Capillary_Bridges\masks_json
47.0,26.485281229019165,0.8888888888888888,0.6527777777777778,0.9591836734693876,0.29541015625,0.7029777777777778,0,frame_0062.tif,12,C:\Users\raglo\OneDrive - University of Arizona\Printz Lab\Data\Capillary_Bridges\My_better_CLB_videos\5-9\s1_tifs,C:\Users\raglo\OneDrive - University of Arizona\Printz Lab\Data\Capillary_Bridges\masks_json
53.0,27.313708305358887,1.25,0.6625,0.9814814814814816,0.8589902935606061,0.8901010101010102,0,frame_0062.tif,13,C:\Users\raglo\OneDrive - University of Arizona\Printz Lab\Data\Capillary_Bridges\My_better_CLB_videos\5-9\s1_tifs,C:\Users\raglo\OneDrive - University of Arizona\Printz Lab\Data\Capillary_Bridges\masks_json
57.0,29.313708305358887,1.1111111111111112,0.6333333333333333,0.9421487603305784,0.5766257702464789,0.6745915492957746,0,frame_0062.tif,14,C:\Users\raglo\OneDrive - University of Arizona\Printz Lab\Data\Capillary_Bridges\My_better_CLB_videos\5-9\s1_tifs,C:\Users\raglo\OneDrive - University of Arizona\Printz Lab\Data\Capillary_Bridges\masks_json
82298.0,1126.925968170166,0.9657320872274144,0.8270324590493418,0.994189347539835,0.1321701059754389,0.2720059088237898,1,frame_0063.tif,0,C:\Users\raglo\OneDrive - University of Arizona\Printz Lab\Data\Capillary_Bridges\My_better_CLB_videos\5-9\s1_tifs,C:\Users\raglo\OneDrive - University of Arizona\Printz Lab\Data\Capillary_Bridges\masks_json
0.0,2.0,2.0,0.0,0.0,0.4977516809157414,0.7197560147017676,0,frame_0063.tif,1,C:\Users\raglo\OneDrive - University of Arizona\Printz Lab\Data\Capillary_Bridges\My_better_CLB_videos\5-9\s1_tifs,C:\Users\raglo\OneDrive - University of Arizona\Printz Lab\Data\Capillary_Bridges\masks_json
121864.5,1382.222431182861,1.3738317757009346,0.8608621018500858,0.9937941129699775,0.8032592241301899,0.2613578235290916,1,frame_0063.tif,2,C:\Users\raglo\OneDrive - University of Arizona\Printz Lab\Data\Capillary_Bridges\My_better_CLB_videos\5-9\s1_tifs,C:\Users\raglo\OneDrive - University of Arizona\Printz Lab\Data\Capillary_Bridges\masks_json
0.0,4.0,0.3333333333333333,0.0,0.0,0.488303150132882,0.6133526782592442,0,frame_0063.tif,3,C:\Users\raglo\OneDrive - University of Arizona\Printz Lab\Data\Capillary_Bridges\My_better_CLB_videos\5-9\s1_tifs,C:\Users\raglo\OneDrive - University of Arizona\Printz Lab\Data\Capillary_Bridges\masks_json
33212.0,805.4213536977768,2.2093023255813957,0.903359173126615,0.9615518239722062,0.4354075197201965,0.2633006498982984,0,frame_0063.tif,4,C:\Users\raglo\OneDrive - University of Arizona\Printz Lab\Data\Capillary_Bridges\My_better_CLB_videos\5-9\s1_tifs,C:\Users\raglo\OneDrive - University of Arizona\Printz Lab\Data\Capillary_Bridges\masks_json
75301.0,2262.950352072716,7.211267605633803,0.5178600902288732,0.7101623543502761,0.4483814096400233,0.0682296623152161,0,frame_0063.tif,5,C:\Users\raglo\OneDrive - University of Arizona\Printz Lab\Data\Capillary_Bridges\My_better_CLB_videos\5-9\s1_tifs,C:\Users\raglo\OneDrive - University of Arizona\Printz Lab\Data\Capillary_Bridges\masks_json
0.0,2.0,0.5,0.0,0.0,0.4525442203078685,0.0689052965657654,0,frame_0063.tif,6,C:\Users\raglo\OneDrive - University of Arizona\Printz Lab\Data\Capillary_Bridges\My_better_CLB_videos\5-9\s1_tifs,C:\Users\raglo\OneDrive - University of Arizona\Printz Lab\Data\Capillary_Bridges\masks_json
687.5,166.20815086364746,0.8032786885245902,0.2300100368016059,0.8218768679019725,0.8986045776690982,0.3492661361626878,0,frame_0063.tif,7,C:\Users\raglo\OneDrive - University of Arizona\Printz Lab\Data\Capillary_Bridges\My_better_CLB_videos\5-9\s1_tifs,C:\Users\raglo\OneDrive - University of Arizona\Printz Lab\Data\Capillary_Bridges\masks_json
186.0,54.62741661071777,1.6153846153846154,0.6813186813186813,0.9587628865979382,0.7392254146919431,0.5089668246445498,0,frame_0063.tif,8,C:\Users\raglo\OneDrive - University of Arizona\Printz Lab\Data\Capillary_Bridges\My_better_CLB_videos\5-9\s1_tifs,C:\Users\raglo\OneDrive - University of Arizona\Printz Lab\Data\Capillary_Bridges\masks_json
101.5,39.21320307254791,1.0,0.6005917159763313,0.9398148148148148,0.2364594275210084,0.6639887955182072,0,frame_0063.tif,9,C:\Users\raglo\OneDrive - University of Arizona\Printz Lab\Data\Capillary_Bridges\My_better_CLB_videos\5-9\s1_tifs,C:\Users\raglo\OneDrive - University of Arizona\Printz Lab\Data\Capillary_Bridges\masks_json
81.5,33.55634868144989,1.0,0.6735537190082644,0.9819277108433736,0.2363482603092783,0.6638762886597939,0,frame_0063.tif,10,C:\Users\raglo\OneDrive - University of Arizona\Printz Lab\Data\Capillary_Bridges\My_better_CLB_videos\5-9\s1_tifs,C:\Users\raglo\OneDrive - University of Arizona\Printz Lab\Data\Capillary_Bridges\masks_json
59.0,29.313708305358887,1.1111111111111112,0.6555555555555556,0.959349593495935,0.2953900898972603,0.7023744292237443,0,frame_0063.tif,11,C:\Users\raglo\OneDrive - University of Arizona\Printz Lab\Data\Capillary_Bridges\My_better_CLB_videos\5-9\s1_tifs,C:\Users\raglo\OneDrive - University of Arizona\Printz Lab\Data\Capillary_Bridges\masks_json
44.5,25.071067690849304,1.0,0.6953125,0.9888888888888888,0.2954701206140351,0.7022222222222222,0,frame_0063.tif,12,C:\Users\raglo\OneDrive - University of Arizona\Printz Lab\Data\Capillary_Bridges\My_better_CLB_videos\5-9\s1_tifs,C:\Users\raglo\OneDrive - University of Arizona\Printz Lab\Data\Capillary_Bridges\masks_json
46.0,26.485281229019165,1.4285714285714286,0.6571428571428571,0.968421052631579,0.2354839777542373,0.5160451977401129,0,frame_0063.tif,13,C:\Users\raglo\OneDrive - University of Arizona\Printz Lab\Data\Capillary_Bridges\My_better_CLB_videos\5-9\s1_tifs,C:\Users\raglo\OneDrive - University of Arizona\Printz Lab\Data\Capillary_Bridges\masks_json
54.0,28.14213526248932,1.1111111111111112,0.6,0.9557522123893806,0.8590397621268657,0.8899502487562189,0,frame_0063.tif,14,C:\Users\raglo\OneDrive - University of Arizona\Printz Lab\Data\Capillary_Bridges\My_better_CLB_videos\5-9\s1_tifs,C:\Users\raglo\OneDrive - University of Arizona\Printz Lab\Data\Capillary_Bridges\masks_json
44.5,25.071067690849304,1.0,0.6953125,0.9888888888888888,0.8590323464912281,0.8900584795321638,0,frame_0063.tif,15,C:\Users\raglo\OneDrive - University of Arizona\Printz Lab\Data\Capillary_Bridges\My_better_CLB_videos\5-9\s1_tifs,C:\Users\raglo\OneDrive - University of Arizona\Printz Lab\Data\Capillary_Bridges\masks_json
85654.5,1149.653890490532,0.9815384615384616,0.8261827827345068,0.9948431157337236,0.135860728000261,0.268265552719115,1,frame_0064.tif,0,C:\Users\raglo\OneDrive - University of Arizona\Printz Lab\Data\Capillary_Bridges\My_better_CLB_videos\5-9\s1_tifs,C:\Users\raglo\OneDrive - University of Arizona\Printz Lab\Data\Capillary_Bridges\masks_json
7.5,12.242640614509584,1.25,0.375,0.8823529411764706,0.4981293147931619,0.7245501976564968,0,frame_0064.tif,1,C:\Users\raglo\OneDrive - University of Arizona\Printz Lab\Data\Capillary_Bridges\My_better_CLB_videos\5-9\s1_tifs,C:\Users\raglo\OneDrive - University of Arizona\Printz Lab\Data\Capillary_Bridges\masks_json
122321.5,1386.3645668029783,1.3611111111111112,0.8560895551636293,0.9935669118333896,0.8038008776712009,0.2589503910644816,1,frame_0064.tif,2,C:\Users\raglo\OneDrive - University of Arizona\Printz Lab\Data\Capillary_Bridges\My_better_CLB_videos\5-9\s1_tifs,C:\Users\raglo\OneDrive - University of Arizona\Printz Lab\Data\Capillary_Bridges\masks_json
72543.5,2269.0508580207825,7.314285714285714,0.5060232979910714,0.6888501675988263,0.4552581961211288,0.0669585438739473,0,frame_0064.tif,3,C:\Users\raglo\OneDrive - University of Arizona\Printz Lab\Data\Capillary_Bridges\My_better_CLB_videos\5-9\s1_tifs,C:\Users\raglo\OneDrive - University of Arizona\Printz Lab\Data\Capillary_Bridges\masks_json
85236.5,1159.796023964882,0.9876160990712074,0.8272416704678902,0.992928992876572,0.529329177820179,0.2627752689820849,0,frame_0064.tif,4,C:\Users\raglo\OneDrive - University of Arizona\Printz Lab\Data\Capillary_Bridges\My_better_CLB_videos\5-9\s1_tifs,C:\Users\raglo\OneDrive - University of Arizona\Printz Lab\Data\Capillary_Bridges\masks_json
4.5,8.242640614509583,0.75,0.375,1.0,0.4891171519855441,0.6182502374845635,0,frame_0064.tif,5,C:\Users\raglo\OneDrive - University of Arizona\Printz Lab\Data\Capillary_Bridges\My_better_CLB_videos\5-9\s1_tifs,C:\Users\raglo\OneDrive - University of Arizona\Printz Lab\Data\Capillary_Bridges\masks_json
32309.0,791.4213538169861,2.1307692307692307,0.8972229936128853,0.9581838132803464,0.4402024652937127,0.259401111621029,0,frame_0064.tif,6,C:\Users\raglo\OneDrive - University of Arizona\Printz Lab\Data\Capillary_Bridges\My_better_CLB_videos\5-9\s1_tifs,C:\Users\raglo\OneDrive - University of Arizona\Printz Lab\Data\Capillary_Bridges\masks_json
691.5,167.3797241449356,0.8032786885245902,0.2313482770157243,0.8193127962085308,0.8986755290678524,0.3492454984628897,0,frame_0064.tif,7,C:\Users\raglo\OneDrive - University of Arizona\Printz Lab\Data\Capillary_Bridges\My_better_CLB_videos\5-9\s1_tifs,C:\Users\raglo\OneDrive - University of Arizona\Printz Lab\Data\Capillary_Bridges\masks_json
106.0,38.97056233882904,1.0833333333333333,0.6794871794871795,0.9724770642201837,0.23681640625,0.6644086021505377,0,frame_0064.tif,8,C:\Users\raglo\OneDrive - University of Arizona\Printz Lab\Data\Capillary_Bridges\My_better_CLB_videos\5-9\s1_tifs,C:\Users\raglo\OneDrive - University of Arizona\Printz Lab\Data\Capillary_Bridges\masks_json
182.5,54.041629910469055,1.6153846153846154,0.6684981684981685,0.958005249343832,0.7394936971618358,0.5086763285024155,0,frame_0064.tif,9,C:\Users\raglo\OneDrive - University of Arizona\Printz Lab\Data\Capillary_Bridges\My_better_CLB_videos\5-9\s1_tifs,C:\Users\raglo\OneDrive - University of Arizona\Printz Lab\Data\Capillary_Bridges\masks_json
50.0,28.14213526248932,1.1111111111111112,0.5555555555555556,0.9174311926605504,0.2953869047619047,0.7028359788359788,0,frame_0064.tif,10,C:\Users\raglo\OneDrive - University of Arizona\Printz Lab\Data\Capillary_Bridges\My_better_CLB_videos\5-9\s1_tifs,C:\Users\raglo\OneDrive - University of Arizona\Printz Lab\Data\Capillary_Bridges\masks_json
204.5,68.04163014888763,2.25,0.6311728395061729,0.8702127659574468,0.0844892081567796,0.5509209039548023,0,frame_0064.tif,11,C:\Users\raglo\OneDrive - University of Arizona\Printz Lab\Data\Capillary_Bridges\My_better_CLB_videos\5-9\s1_tifs,C:\Users\raglo\OneDrive - University of Arizona\Printz Lab\Data\Capillary_Bridges\masks_json
39.0,23.656854152679443,1.1428571428571428,0.6964285714285714,0.9873417721518988,0.2954580269607843,0.7027450980392156,0,frame_0064.tif,12,C:\Users\raglo\OneDrive - University of Arizona\Printz Lab\Data\Capillary_Bridges\My_better_CLB_videos\5-9\s1_tifs,C:\Users\raglo\OneDrive - University of Arizona\Printz Lab\Data\Capillary_Bridges\masks_json
48.5,27.071067690849304,1.4285714285714286,0.6928571428571428,0.9797979797979798,0.2357138356854838,0.5160215053763441,0,frame_0064.tif,13,C:\Users\raglo\OneDrive - University of Arizona\Printz Lab\Data\Capillary_Bridges\My_better_CLB_videos\5-9\s1_tifs,C:\Users\raglo\OneDrive - University of Arizona\Printz Lab\Data\Capillary_Bridges\masks_json
46.0,25.656854152679443,1.0,0.71875,0.989247311827957,0.8588453389830508,0.8899209039548023,0,frame_0064.tif,14,C:\Users\raglo\OneDrive - University of Arizona\Printz Lab\Data\Capillary_Bridges\My_better_CLB_videos\5-9\s1_tifs,C:\Users\raglo\OneDrive - University of Arizona\Printz Lab\Data\Capillary_Bridges\masks_json
56.5,28.727921843528748,1.1111111111111112,0.6277777777777778,0.9576271186440678,0.5767717633928572,0.6745904761904762,0,frame_0064.tif,15,C:\Users\raglo\OneDrive - University of Arizona\Printz Lab\Data\Capillary_Bridges\My_better_CLB_videos\5-9\s1_tifs,C:\Users\raglo\OneDrive - University of Arizona\Printz Lab\Data\Capillary_Bridges\masks_json
41.0,24.485281229019165,1.0,0.640625,0.9647058823529412,0.5766877948113207,0.6744150943396227,0,frame_0064.tif,16,C:\Users\raglo\OneDrive - University of Arizona\Printz Lab\Data\Capillary_Bridges\My_better_CLB_videos\5-9\s1_tifs,C:\Users\raglo\OneDrive - University of Arizona\Printz Lab\Data\Capillary_Bridges\masks_json
90187.5,1179.653890967369,1.0152439024390243,0.8257113821138211,0.9957382678156416,0.1412907196682667,0.265385665579167,1,frame_0065.tif,0,C:\Users\raglo\OneDrive - University of Arizona\Printz Lab\Data\Capillary_Bridges\My_better_CLB_videos\5-9\s1_tifs,C:\Users\raglo\OneDrive - University of Arizona\Printz Lab\Data\Capillary_Bridges\masks_json
0.0,0.0,1.0,0.0,0.0,0.498443924956953,0.7232240297530136,0,frame_0065.tif,1,C:\Users\raglo\OneDrive - University of Arizona\Printz Lab\Data\Capillary_Bridges\My_better_CLB_videos\5-9\s1_tifs,C:\Users\raglo\OneDrive - University of Arizona\Printz Lab\Data\Capillary_Bridges\masks_json
124100.0,1395.4356341362,1.3363636363636364,0.8527451384594241,0.9931694590387624,0.8057547924583324,0.2550642177808776,1,frame_0065.tif,2,C:\Users\raglo\OneDrive - University of Arizona\Printz Lab\Data\Capillary_Bridges\My_better_CLB_videos\5-9\s1_tifs,C:\Users\raglo\OneDrive - University of Arizona\Printz Lab\Data\Capillary_Bridges\masks_json
2.5,7.414213538169861,2.0,0.3125,1.0,0.4988319474599353,0.7258584435025235,0,frame_0065.tif,3,C:\Users\raglo\OneDrive - University of Arizona\Printz Lab\Data\Capillary_Bridges\My_better_CLB_videos\5-9\s1_tifs,C:\Users\raglo\OneDrive - University of Arizona\Printz Lab\Data\Capillary_Bridges\masks_json
89708.0,1186.1808010339737,1.0246153846153847,0.828902748902749,0.9943856032012592,0.5267482142649487,0.2591094200370568,0,frame_0065.tif,4,C:\Users\raglo\OneDrive - University of Arizona\Printz Lab\Data\Capillary_Bridges\My_better_CLB_videos\5-9\s1_tifs,C:\Users\raglo\OneDrive - University of Arizona\Printz Lab\Data\Capillary_Bridges\masks_json
31199.0,774.2497808933258,2.015151515151515,0.8885566188197768,0.9534272530024752,0.4469980185365583,0.2556192950220701,0,frame_0065.tif,5,C:\Users\raglo\OneDrive - University of Arizona\Printz Lab\Data\Capillary_Bridges\My_better_CLB_videos\5-9\s1_tifs,C:\Users\raglo\OneDrive - University of Arizona\Printz Lab\Data\Capillary_Bridges\masks_json
52599.5,1015.7716392278672,1.623762376237624,0.7938828181598647,0.9078113943494244,0.4511899274574602,0.3074727016909123,0,frame_0065.tif,6,C:\Users\raglo\OneDrive - University of Arizona\Printz Lab\Data\Capillary_Bridges\My_better_CLB_videos\5-9\s1_tifs,C:\Users\raglo\OneDrive - University of Arizona\Printz Lab\Data\Capillary_Bridges\masks_json
679.0,166.79393708705902,0.8032786885245902,0.2271662763466042,0.8215366001209922,0.8984139368297587,0.348857908847185,0,frame_0065.tif,7,C:\Users\raglo\OneDrive - University of Arizona\Printz Lab\Data\Capillary_Bridges\My_better_CLB_videos\5-9\s1_tifs,C:\Users\raglo\OneDrive - University of Arizona\Printz Lab\Data\Capillary_Bridges\masks_json
0.0,0.0,1.0,0.0,0.0,0.1413488604703456,0.2660995462539442,0,frame_0065.tif,8,C:\Users\raglo\OneDrive - University of Arizona\Printz Lab\Data\Capillary_Bridges\My_better_CLB_videos\5-9\s1_tifs,C:\Users\raglo\OneDrive - University of Arizona\Printz Lab\Data\Capillary_Bridges\masks_json
3415.5,230.75230705738068,0.8767123287671232,0.7310573630136986,0.9617063212727016,0.2896748640918135,0.280395300360053,0,frame_0065.tif,9,C:\Users\raglo\OneDrive - University of Arizona\Printz Lab\Data\Capillary_Bridges\My_better_CLB_videos\5-9\s1_tifs,C:\Users\raglo\OneDrive - University of Arizona\Printz Lab\Data\Capillary_Bridges\masks_json
99.0,37.79898929595947,1.0833333333333333,0.6346153846153846,0.9658536585365852,0.2368248248922413,0.6643563218390804,0,frame_0065.tif,10,C:\Users\raglo\OneDrive - University of Arizona\Printz Lab\Data\Capillary_Bridges\My_better_CLB_videos\5-9\s1_tifs,C:\Users\raglo\OneDrive - University of Arizona\Printz Lab\Data\Capillary_Bridges\masks_json
47.0,27.313708305358887,1.25,0.5875,0.9215686274509804,0.29541015625,0.7031111111111111,0,frame_0065.tif,11,C:\Users\raglo\OneDrive - University of Arizona\Printz Lab\Data\Capillary_Bridges\My_better_CLB_videos\5-9\s1_tifs,C:\Users\raglo\OneDrive - University of Arizona\Printz Lab\Data\Capillary_Bridges\masks_json
16135.0,540.7939367294312,2.2666666666666666,0.8788126361655774,0.9863072314933676,0.4354567802718286,0.2563793601399312,0,frame_0065.tif,12,C:\Users\raglo\OneDrive - University of Arizona\Printz Lab\Data\Capillary_Bridges\My_better_CLB_videos\5-9\s1_tifs,C:\Users\raglo\OneDrive - University of Arizona\Printz Lab\Data\Capillary_Bridges\masks_json
38.0,23.656854152679443,1.1428571428571428,0.6785714285714286,0.9743589743589745,0.29541015625,0.7028266666666667,0,frame_0065.tif,13,C:\Users\raglo\OneDrive - University of Arizona\Printz Lab\Data\Capillary_Bridges\My_better_CLB_videos\5-9\s1_tifs,C:\Users\raglo\OneDrive - University of Arizona\Printz Lab\Data\Capillary_Bridges\masks_json
49.5,26.727921843528748,1.25,0.61875,0.9705882352941176,0.8589812247983871,0.8902150537634408,0,frame_0065.tif,14,C:\Users\raglo\OneDrive - University of Arizona\Printz Lab\Data\Capillary_Bridges\My_better_CLB_videos\5-9\s1_tifs,C:\Users\raglo\OneDrive - University of Arizona\Printz Lab\Data\Capillary_Bridges\masks_json
57.0,29.313708305358887,1.1111111111111112,0.6333333333333333,0.95,0.2358879841549295,0.5162065727699531,0,frame_0065.tif,15,C:\Users\raglo\OneDrive - University of Arizona\Printz Lab\Data\Capillary_Bridges\My_better_CLB_videos\5-9\s1_tifs,C:\Users\raglo\OneDrive - University of Arizona\Printz Lab\Data\Capillary_Bridges\masks_json
60.0,29.313708305358887,1.1111111111111112,0.6666666666666666,0.967741935483871,0.57666015625,0.6745945945945946,0,frame_0065.tif,16,C:\Users\raglo\OneDrive - University of Arizona\Printz Lab\Data\Capillary_Bridges\My_better_CLB_videos\5-9\s1_tifs,C:\Users\raglo\OneDrive - University of Arizona\Printz Lab\Data\Capillary_Bridges\masks_json
94845.0,1212.3818103075027,1.0421686746987953,0.8256581238247789,0.9961192885537392,0.1469322834774633,0.262103857442348,1,frame_0066.tif,0,C:\Users\raglo\OneDrive - University of Arizona\Printz Lab\Data\Capillary_Bridges\My_better_CLB_videos\5-9\s1_tifs,C:\Users\raglo\OneDrive - University of Arizona\Printz Lab\Data\Capillary_Bridges\masks_json
13.0,13.656854152679443,1.5,0.5416666666666666,1.0,0.4973330037134456,0.7104261709172012,0,frame_0066.tif,1,C:\Users\raglo\OneDrive - University of Arizona\Printz Lab\Data\Capillary_Bridges\My_better_CLB_videos\5-9\s1_tifs,C:\Users\raglo\OneDrive - University of Arizona\Printz Lab\Data\Capillary_Bridges\masks_json
125269.5,1402.9919826984406,1.297935103244838,0.8398330651649236,0.9946128560993426,0.8072136500460654,0.2498858743421122,1,frame_0066.tif,2,C:\Users\raglo\OneDrive - University of Arizona\Printz Lab\Data\Capillary_Bridges\My_better_CLB_videos\5-9\s1_tifs,C:\Users\raglo\OneDrive - University of Arizona\Printz Lab\Data\Capillary_Bridges\masks_json
2.0,6.0,0.6666666666666666,0.3333333333333333,1.0,0.4971533399361914,0.7072493690856548,0,frame_0066.tif,3,C:\Users\raglo\OneDrive - University of Arizona\Printz Lab\Data\Capillary_Bridges\My_better_CLB_videos\5-9\s1_tifs,C:\Users\raglo\OneDrive - University of Arizona\Printz Lab\Data\Capillary_Bridges\masks_json
29780.5,750.0071401596069,1.9242424242424243,0.8882277499403484,0.9523360301877138,0.4539776450922484,0.2511098132908592,0,frame_0066.tif,4,C:\Users\raglo\OneDrive - University of Arizona\Printz Lab\Data\Capillary_Bridges\My_better_CLB_videos\5-9\s1_tifs,C:\Users\raglo\OneDrive - University of Arizona\Printz Lab\Data\Capillary_Bridges\masks_json
3268.5,216.89444267749784,1.0151515151515151,0.739145183175034,0.9841915085817524,0.2923006673854848,0.2834376363275828,0,frame_0066.tif,5,C:\Users\raglo\OneDrive - University of Arizona\Printz Lab\Data\Capillary_Bridges\My_better_CLB_videos\5-9\s1_tifs,C:\Users\raglo\OneDrive - University of Arizona\Printz Lab\Data\Capillary_Bridges\masks_json
0.0,0.0,1.0,0.0,0.0,0.1469926782840042,0.2625834201497409,0,frame_0066.tif,6,C:\Users\raglo\OneDrive - University of Arizona\Printz Lab\Data\Capillary_Bridges\My_better_CLB_videos\5-9\s1_tifs,C:\Users\raglo\OneDrive - University of Arizona\Printz Lab\Data\Capillary_Bridges\masks_json
691.5,165.0365777015686,0.8032786885245902,0.2313482770157243,0.8361547762998791,0.8988064522787318,0.3494689564068692,0,frame_0066.tif,7,C:\Users\raglo\OneDrive - University of Arizona\Printz Lab\Data\Capillary_Bridges\My_better_CLB_videos\5-9\s1_tifs,C:\Users\raglo\OneDrive - University of Arizona\Printz Lab\Data\Capillary_Bridges\masks_json
105.5,39.21320295333862,1.0,0.6242603550295858,0.9547511312217196,0.2365345528455284,0.6638265582655827,0,frame_0066.tif,8,C:\Users\raglo\OneDrive - University of Arizona\Printz Lab\Data\Capillary_Bridges\My_better_CLB_videos\5-9\s1_tifs,C:\Users\raglo\OneDrive - University of Arizona\Printz Lab\Data\Capillary_Bridges\masks_json
56.0,28.14213526248932,1.1111111111111112,0.6222222222222222,0.9739130434782608,0.295799365942029,0.7025700483091787,0,frame_0066.tif,9,C:\Users\raglo\OneDrive - University of Arizona\Printz Lab\Data\Capillary_Bridges\My_better_CLB_videos\5-9\s1_tifs,C:\Users\raglo\OneDrive - University of Arizona\Printz Lab\Data\Capillary_Bridges\masks_json
42.0,24.485281229019165,1.0,0.65625,0.9767441860465116,0.29541015625,0.7024691358024692,0,frame_0066.tif,10,C:\Users\raglo\OneDrive - University of Arizona\Printz Lab\Data\Capillary_Bridges\My_better_CLB_videos\5-9\s1_tifs,C:\Users\raglo\OneDrive - University of Arizona\Printz Lab\Data\Capillary_Bridges\masks_json
45.0,25.313708305358887,1.125,0.625,0.9782608695652174,0.2356085526315789,0.5158128654970761,0,frame_0066.tif,11,C:\Users\raglo\OneDrive - University of Arizona\Printz Lab\Data\Capillary_Bridges\My_better_CLB_videos\5-9\s1_tifs,C:\Users\raglo\OneDrive - University of Arizona\Printz Lab\Data\Capillary_Bridges\masks_json
62.0,29.313708305358887,1.1111111111111112,0.6888888888888889,0.984126984126984,0.5767501027960527,0.6745614035087719,0,frame_0066.tif,12,C:\Users\raglo\OneDrive - University of Arizona\Printz Lab\Data\Capillary_Bridges\My_better_CLB_videos\5-9\s1_tifs,C:\Users\raglo\OneDrive - University of Arizona\Printz Lab\Data\Capillary_Bridges\masks_json
1.0,6.828427076339722,2.0,0.125,0.6666666666666666,0.4992880749981278,0.7243702277505736,0,frame_0067.tif,0,C:\Users\raglo\OneDrive - University of Arizona\Printz Lab\Data\Capillary_Bridges\My_better_CLB_videos\5-9\s1_tifs,C:\Users\raglo\OneDrive - University of Arizona\Printz Lab\Data\Capillary_Bridges\masks_json
101527.5,1259.109733223915,1.0735294117647058,0.8181103948428686,0.9957679067075982,0.1545418190337792,0.257401760296691,1,frame_0067.tif,1,C:\Users\raglo\OneDrive - University of Arizona\Printz Lab\Data\Capillary_Bridges\My_better_CLB_videos\5-9\s1_tifs,C:\Users\raglo\OneDrive - University of Arizona\Printz Lab\Data\Capillary_Bridges\masks_json
124545.0,1395.092486858368,1.2911764705882354,0.8344164545089107,0.9937167135419784,0.8089055875217684,0.2484147061721294,1,frame_0067.tif,2,C:\Users\raglo\OneDrive - University of Arizona\Printz Lab\Data\Capillary_Bridges\My_better_CLB_videos\5-9\s1_tifs,C:\Users\raglo\OneDrive - University of Arizona\Printz Lab\Data\Capillary_Bridges\masks_json
0.0,0.0,1.0,0.0,0.0,0.4991284713097264,0.72449264725974,0,frame_0067.tif,3,C:\Users\raglo\OneDrive - University of Arizona\Printz Lab\Data\Capillary_Bridges\My_better_CLB_videos\5-9\s1_tifs,C:\Users\raglo\OneDrive - University of Arizona\Printz Lab\Data\Capillary_Bridges\masks_json
3491.5,228.89444279670715,0.9857142857142858,0.7228778467908903,0.9725626740947076,0.2920960713415483,0.2822344750765803,0,frame_0067.tif,4,C:\Users\raglo\OneDrive - University of Arizona\Printz Lab\Data\Capillary_Bridges\My_better_CLB_videos\5-9\s1_tifs,C:\Users\raglo\OneDrive - University of Arizona\Printz Lab\Data\Capillary_Bridges\masks_json
27112.0,714.9360725879669,1.8153846153846156,0.8837027379400261,0.9463836917062272,0.4653730311509599,0.2459858900100785,0,frame_0067.tif,5,C:\Users\raglo\OneDrive - University of Arizona\Printz Lab\Data\Capillary_Bridges\My_better_CLB_videos\5-9\s1_tifs,C:\Users\raglo\OneDrive - University of Arizona\Printz Lab\Data\Capillary_Bridges\masks_json
0.0,2.0,0.5,0.0,0.0,0.1552419201861348,0.2580261129402471,0,frame_0067.tif,6,C:\Users\raglo\OneDrive - University of Arizona\Printz Lab\Data\Capillary_Bridges\My_better_CLB_videos\5-9\s1_tifs,C:\Users\raglo\OneDrive - University of Arizona\Printz Lab\Data\Capillary_Bridges\masks_json
701.5,168.208150267601,0.7903225806451613,0.2309084924292297,0.8195093457943925,0.8986762434980494,0.3492327698309492,0,frame_0067.tif,7,C:\Users\raglo\OneDrive - University of Arizona\Printz Lab\Data\Capillary_Bridges\My_better_CLB_videos\5-9\s1_tifs,C:\Users\raglo\OneDrive - University of Arizona\Printz Lab\Data\Capillary_Bridges\masks_json
105.5,39.55634891986847,1.0833333333333333,0.6762820512820513,0.9547511312217196,0.2366825226814516,0.6644731182795699,0,frame_0067.tif,8,C:\Users\raglo\OneDrive - University of Arizona\Printz Lab\Data\Capillary_Bridges\My_better_CLB_videos\5-9\s1_tifs,C:\Users\raglo\OneDrive - University of Arizona\Printz Lab\Data\Capillary_Bridges\masks_json
42.0,24.485281229019165,1.2857142857142858,0.6666666666666666,0.9882352941176472,0.2355504918981481,0.5159259259259259,0,frame_0067.tif,9,C:\Users\raglo\OneDrive - University of Arizona\Printz Lab\Data\Capillary_Bridges\My_better_CLB_videos\5-9\s1_tifs,C:\Users\raglo\OneDrive - University of Arizona\Printz Lab\Data\Capillary_Bridges\masks_json
54.5,28.727921843528748,1.1111111111111112,0.6055555555555555,0.9396551724137931,0.2356531479779411,0.5156470588235295,0,frame_0067.tif,10,C:\Users\raglo\OneDrive - University of Arizona\Printz Lab\Data\Capillary_Bridges\My_better_CLB_videos\5-9\s1_tifs,C:\Users\raglo\OneDrive - University of Arizona\Printz Lab\Data\Capillary_Bridges\masks_json
54.0,28.14213538169861,1.1111111111111112,0.6,0.9557522123893806,0.859316697761194,0.8904477611940298,0,frame_0067.tif,11,C:\Users\raglo\OneDrive - University of Arizona\Printz Lab\Data\Capillary_Bridges\My_better_CLB_videos\5-9\s1_tifs,C:\Users\raglo\OneDrive - University of Arizona\Printz Lab\Data\Capillary_Bridges\masks_json
50.0,26.485281229019165,0.8888888888888888,0.6944444444444444,0.99009900990099,0.2955574156746032,0.7025820105820106,0,frame_0067.tif,12,C:\Users\raglo\OneDrive - University of Arizona\Printz Lab\Data\Capillary_Bridges\My_better_CLB_videos\5-9\s1_tifs,C:\Users\raglo\OneDrive - University of Arizona\Printz Lab\Data\Capillary_Bridges\masks_json
43.5,25.071067690849304,1.0,0.6796875,0.9775280898876404,0.8590262276785714,0.8903095238095239,0,frame_0067.tif,13,C:\Users\raglo\OneDrive - University of Arizona\Printz Lab\Data\Capillary_Bridges\My_better_CLB_videos\5-9\s1_tifs,C:\Users\raglo\OneDrive - University of Arizona\Printz Lab\Data\Capillary_Bridges\masks_json
125557.0,1424.4650715589523,1.2607449856733524,0.8176413128418859,0.9937591762270916,0.8129898635766692,0.2445592856407127,1,frame_0068.tif,0,C:\Users\raglo\OneDrive - University of Arizona\Printz Lab\Data\Capillary_Bridges\My_better_CLB_videos\5-9\s1_tifs,C:\Users\raglo\OneDrive - University of Arizona\Printz Lab\Data\Capillary_Bridges\masks_json
414804.0,2912.925967693329,2.3378995433789957,0.9248448202054794,0.977958425379521,0.5005837605985397,0.7224134533680272,0,frame_0068.tif,1,C:\Users\raglo\OneDrive - University of Arizona\Printz Lab\Data\Capillary_Bridges\My_better_CLB_videos\5-9\s1_tifs,C:\Users\raglo\OneDrive - University of Arizona\Printz Lab\Data\Capillary_Bridges\masks_json
107349.0,1301.3523734807968,1.119533527696793,0.8150282434402333,0.9959595303591888,0.161818810881135,0.2540765320932071,1,frame_0068.tif,2,C:\Users\raglo\OneDrive - University of Arizona\Printz Lab\Data\Capillary_Bridges\My_better_CLB_videos\5-9\s1_tifs,C:\Users\raglo\OneDrive - University of Arizona\Printz Lab\Data\Capillary_Bridges\masks_json
3374.0,219.48022890090945,1.0615384615384615,0.7522853957636566,0.9865497076023392,0.2927685955066301,0.283595656769482,0,frame_0068.tif,3,C:\Users\raglo\OneDrive - University of Arizona\Printz Lab\Data\Capillary_Bridges\My_better_CLB_videos\5-9\s1_tifs,C:\Users\raglo\OneDrive - University of Arizona\Printz Lab\Data\Capillary_Bridges\masks_json
0.0,2.0,0.5,0.0,0.0,0.4702598219893391,0.2484046422743279,0,frame_0068.tif,4,C:\Users\raglo\OneDrive - University of Arizona\Printz Lab\Data\Capillary_Bridges\My_better_CLB_videos\5-9\s1_tifs,C:\Users\raglo\OneDrive - University of Arizona\Printz Lab\Data\Capillary_Bridges\masks_json
686.5,167.03657817840576,0.7903225806451613,0.2259710335747202,0.8246246246246246,0.8988343500996016,0.349584772023019,0,frame_0068.tif,5,C:\Users\raglo\OneDrive - University of Arizona\Printz Lab\Data\Capillary_Bridges\My_better_CLB_videos\5-9\s1_tifs,C:\Users\raglo\OneDrive - University of Arizona\Printz Lab\Data\Capillary_Bridges\masks_json
11973.5,450.7523068189621,1.9166666666666667,0.885351966873706,0.984865309479745,0.4642876719442393,0.2435937414519393,0,frame_0068.tif,6,C:\Users\raglo\OneDrive - University of Arizona\Printz Lab\Data\Capillary_Bridges\My_better_CLB_videos\5-9\s1_tifs,C:\Users\raglo\OneDrive - University of Arizona\Printz Lab\Data\Capillary_Bridges\masks_json
157.0,50.97056245803833,1.818181818181818,0.7136363636363636,0.9602446483180428,0.7392632078729282,0.5092891344383057,0,frame_0068.tif,7,C:\Users\raglo\OneDrive - University of Arizona\Printz Lab\Data\Capillary_Bridges\My_better_CLB_videos\5-9\s1_tifs,C:\Users\raglo\OneDrive - University of Arizona\Printz Lab\Data\Capillary_Bridges\masks_json
98.0,36.97056221961975,1.0,0.6805555555555556,0.98,0.2367527173913043,0.6641739130434783,0,frame_0068.tif,8,C:\Users\raglo\OneDrive - University of Arizona\Printz Lab\Data\Capillary_Bridges\My_better_CLB_videos\5-9\s1_tifs,C:\Users\raglo\OneDrive - University of Arizona\Printz Lab\Data\Capillary_Bridges\masks_json
50.0,26.485281229019165,0.8888888888888888,0.6944444444444444,0.99009900990099,0.2955574156746032,0.7025820105820106,0,frame_0068.tif,9,C:\Users\raglo\OneDrive - University of Arizona\Printz Lab\Data\Capillary_Bridges\My_better_CLB_videos\5-9\s1_tifs,C:\Users\raglo\OneDrive - University of Arizona\Printz Lab\Data\Capillary_Bridges\masks_json
52.5,27.071067690849304,1.125,0.7291666666666666,1.0,0.8585020123106061,0.8901212121212122,0,frame_0068.tif,10,C:\Users\raglo\OneDrive - University of Arizona\Printz Lab\Data\Capillary_Bridges\My_better_CLB_videos\5-9\s1_tifs,C:\Users\raglo\OneDrive - University of Arizona\Printz Lab\Data\Capillary_Bridges\masks_json
41.5,25.071067690849304,1.2857142857142858,0.6587301587301587,0.9651162790697676,0.2354239004629629,0.5160493827160494,0,frame_0068.tif,11,C:\Users\raglo\OneDrive - University of Arizona\Printz Lab\Data\Capillary_Bridges\My_better_CLB_videos\5-9\s1_tifs,C:\Users\raglo\OneDrive - University of Arizona\Printz Lab\Data\Capillary_Bridges\masks_json
56.0,29.313708305358887,1.1111111111111112,0.6222222222222222,0.9333333333333332,0.2357561383928571,0.5160380952380952,0,frame_0068.tif,12,C:\Users\raglo\OneDrive - University of Arizona\Printz Lab\Data\Capillary_Bridges\My_better_CLB_videos\5-9\s1_tifs,C:\Users\raglo\OneDrive - University of Arizona\Printz Lab\Data\Capillary_Bridges\masks_json
232073.5,2666.7178169488907,3.806691449814126,0.8425066072258365,0.8512507038017214,0.5018058711228308,0.8423628506078179,0,frame_0000.tif,0,C:\Users\raglo\OneDrive - University of Arizona\Printz Lab\Data\Capillary_Bridges\My_better_CLB_videos\5-9\s2b_tifs,C:\Users\raglo\OneDrive - University of Arizona\Printz Lab\Data\Capillary_Bridges\masks_json_2b
12030.0,437.3380937576294,1.4536082474226804,0.879578855012064,0.9913881906959496,0.9364624622017,0.5718770840143838,1,frame_0000.tif,1,C:\Users\raglo\OneDrive - University of Arizona\Printz Lab\Data\Capillary_Bridges\My_better_CLB_videos\5-9\s2b_tifs,C:\Users\raglo\OneDrive - University of Arizona\Printz Lab\Data\Capillary_Bridges\masks_json_2b
3324.5,216.89444279670715,1.078125,0.7528306159420289,0.9859134045077106,0.2926830383265067,0.2836664716208309,0,frame_0000.tif,2,C:\Users\raglo\OneDrive - University of Arizona\Printz Lab\Data\Capillary_Bridges\My_better_CLB_videos\5-9\s2b_tifs,C:\Users\raglo\OneDrive - University of Arizona\Printz Lab\Data\Capillary_Bridges\masks_json_2b
9658.0,392.9949481487274,1.0277777777777777,0.805638972305639,0.9825025432349948,0.0478831189348135,0.5758328083189378,1,frame_0000.tif,3,C:\Users\raglo\OneDrive - University of Arizona\Printz Lab\Data\Capillary_Bridges\My_better_CLB_videos\5-9\s2b_tifs,C:\Users\raglo\OneDrive - University of Arizona\Printz Lab\Data\Capillary_Bridges\masks_json_2b
9365.5,432.6934318542481,1.094017094017094,0.6253672542735043,0.9742536148964944,0.0460471069897532,0.0594574097309354,0,frame_0000.tif,4,C:\Users\raglo\OneDrive - University of Arizona\Printz Lab\Data\Capillary_Bridges\My_better_CLB_videos\5-9\s2b_tifs,C:\Users\raglo\OneDrive - University of Arizona\Printz Lab\Data\Capillary_Bridges\masks_json_2b
20637.5,647.7472549676895,0.8433734939759037,0.8880163511187608,0.9306231962481962,0.935323906145425,0.6171428753545591,0,frame_0000.tif,5,C:\Users\raglo\OneDrive - University of Arizona\Printz Lab\Data\Capillary_Bridges\My_better_CLB_videos\5-9\s2b_tifs,C:\Users\raglo\OneDrive - University of Arizona\Printz Lab\Data\Capillary_Bridges\masks_json_2b
415757.0,2910.984842777252,2.409411764705882,0.9553239889705882,0.9831931779484656,0.4973895337020933,0.2757390520214178,0,frame_0000.tif,6,C:\Users\raglo\OneDrive - University of Arizona\Printz Lab\Data\Capillary_Bridges\My_better_CLB_videos\5-9\s2b_tifs,C:\Users\raglo\OneDrive - University of Arizona\Printz Lab\Data\Capillary_Bridges\masks_json_2b
78242.0,1786.984841823578,7.4,0.8738217556399375,0.960077550294188,0.4883751737472027,0.6356374900433667,0,frame_0000.tif,7,C:\Users\raglo\OneDrive - University of Arizona\Printz Lab\Data\Capillary_Bridges\My_better_CLB_videos\5-9\s2b_tifs,C:\Users\raglo\OneDrive - University of Arizona\Printz Lab\Data\Capillary_Bridges\masks_json_2b
12033.0,436.5096664428711,1.4536082474226804,0.8797982013599474,0.9905741922206216,0.9363022567458534,0.5717061851458453,1,frame_0001.tif,0,C:\Users\raglo\OneDrive - University of Arizona\Printz Lab\Data\Capillary_Bridges\My_better_CLB_videos\5-9\s2b_tifs,C:\Users\raglo\OneDrive - University of Arizona\Printz Lab\Data\Capillary_Bridges\masks_json_2b
9633.5,390.409161567688,1.0666666666666669,0.8191751700680272,0.9844668131418935,0.048259300974274,0.5765539820003396,1,frame_0001.tif,1,C:\Users\raglo\OneDrive - University of Arizona\Printz Lab\Data\Capillary_Bridges\My_better_CLB_videos\5-9\s2b_tifs,C:\Users\raglo\OneDrive - University of Arizona\Printz Lab\Data\Capillary_Bridges\masks_json_2b
3356.0,218.6518018245697,1.078125,0.759963768115942,0.9848862802641232,0.2927321790785279,0.2838292282430213,0,frame_0001.tif,2,C:\Users\raglo\OneDrive - University of Arizona\Printz Lab\Data\Capillary_Bridges\My_better_CLB_videos\5-9\s2b_tifs,C:\Users\raglo\OneDrive - University of Arizona\Printz Lab\Data\Capillary_Bridges\masks_json_2b
21761.5,659.6051200628281,0.7877094972067039,0.8622172035342129,0.9315511226215192,0.9352947460884392,0.6226837668811747,0,frame_0001.tif,3,C:\Users\raglo\OneDrive - University of Arizona\Printz Lab\Data\Capillary_Bridges\My_better_CLB_videos\5-9\s2b_tifs,C:\Users\raglo\OneDrive - University of Arizona\Printz Lab\Data\Capillary_Bridges\masks_json_2b
9462.0,433.2792179584503,1.094017094017094,0.6318108974358975,0.9739076733055428,0.0463944515966256,0.0596639409308905,0,frame_0001.tif,4,C:\Users\raglo\OneDrive - University of Arizona\Printz Lab\Data\Capillary_Bridges\My_better_CLB_videos\5-9\s2b_tifs,C:\Users\raglo\OneDrive - University of Arizona\Printz Lab\Data\Capillary_Bridges\masks_json_2b
76591.0,1771.185853600502,7.8173076923076925,0.9058449238338536,0.9726088281607153,0.487595763330191,0.6364152881266922,0,frame_0001.tif,5,C:\Users\raglo\OneDrive - University of Arizona\Printz Lab\Data\Capillary_Bridges\My_better_CLB_videos\5-9\s2b_tifs,C:\Users\raglo\OneDrive - University of Arizona\Printz Lab\Data\Capillary_Bridges\masks_json_2b
9828.5,423.23758804798126,1.8333333333333333,0.881163708086785,0.97215628090999,0.9326951099017554,0.6877930713478291,0,frame_0001.tif,6,C:\Users\raglo\OneDrive - University of Arizona\Printz Lab\Data\Capillary_Bridges\My_better_CLB_videos\5-9\s2b_tifs,C:\Users\raglo\OneDrive - University of Arizona\Printz Lab\Data\Capillary_Bridges\masks_json_2b
231855.5,2659.546243786812,3.77859778597786,0.8355032720249077,0.8472950058835997,0.5021905576479734,0.8424167617413681,0,frame_0002.tif,0,C:\Users\raglo\OneDrive - University of Arizona\Printz Lab\Data\Capillary_Bridges\My_better_CLB_videos\5-9\s2b_tifs,C:\Users\raglo\OneDrive - University of Arizona\Printz Lab\Data\Capillary_Bridges\masks_json_2b
11991.5,436.7523077726364,1.46875,0.8858968676122931,0.9923041913194588,0.936300854590268,0.5719855702221858,1,frame_0002.tif,1,C:\Users\raglo\OneDrive - University of Arizona\Printz Lab\Data\Capillary_Bridges\My_better_CLB_videos\5-9\s2b_tifs,C:\Users\raglo\OneDrive - University of Arizona\Printz Lab\Data\Capillary_Bridges\masks_json_2b
3297.0,216.3086565732956,1.078125,0.7466032608695652,0.986239904277595,0.2928048372971976,0.2838300884955752,0,frame_0002.tif,2,C:\Users\raglo\OneDrive - University of Arizona\Printz Lab\Data\Capillary_Bridges\My_better_CLB_videos\5-9\s2b_tifs,C:\Users\raglo\OneDrive - University of Arizona\Printz Lab\Data\Capillary_Bridges\masks_json_2b
9727.0,395.8233743906021,1.0275229357798166,0.7967726081258192,0.9827734276332408,0.0480578910112501,0.5754178858507383,1,frame_0002.tif,3,C:\Users\raglo\OneDrive - University of Arizona\Printz Lab\Data\Capillary_Bridges\My_better_CLB_videos\5-9\s2b_tifs,C:\Users\raglo\OneDrive - University of Arizona\Printz Lab\Data\Capillary_Bridges\masks_json_2b
9328.5,430.6934319734573,1.103448275862069,0.6282664331896551,0.9747648902821316,0.0461651827892084,0.0590077682133109,0,frame_0002.tif,4,C:\Users\raglo\OneDrive - University of Arizona\Printz Lab\Data\Capillary_Bridges\My_better_CLB_videos\5-9\s2b_tifs,C:\Users\raglo\OneDrive - University of Arizona\Printz Lab\Data\Capillary_Bridges\masks_json_2b
417254.0,2896.1564160585403,2.4265402843601898,0.9655796430687204,0.9871114875254908,0.4974702574919847,0.2782148718906485,0,frame_0002.tif,5,C:\Users\raglo\OneDrive - University of Arizona\Printz Lab\Data\Capillary_Bridges\My_better_CLB_videos\5-9\s2b_tifs,C:\Users\raglo\OneDrive - University of Arizona\Printz Lab\Data\Capillary_Bridges\masks_json_2b
6731.5,335.7817438840866,1.591549295774648,0.8390253022560139,0.9783445970496332,0.0499119973871389,0.6869645328301156,0,frame_0002.tif,6,C:\Users\raglo\OneDrive - University of Arizona\Printz Lab\Data\Capillary_Bridges\My_better_CLB_videos\5-9\s2b_tifs,C:\Users\raglo\OneDrive - University of Arizona\Printz Lab\Data\Capillary_Bridges\masks_json_2b
232075.5,2664.516806960106,3.806691449814126,0.8425138679135687,0.852458745419984,0.5017736555936433,0.8423744959137407,0,frame_0003.tif,0,C:\Users\raglo\OneDrive - University of Arizona\Printz Lab\Data\Capillary_Bridges\My_better_CLB_videos\5-9\s2b_tifs,C:\Users\raglo\OneDrive - University of Arizona\Printz Lab\Data\Capillary_Bridges\masks_json_2b
12071.5,437.92387986183167,1.4387755102040816,0.8736068895643364,0.9886568386568386,0.936200673969702,0.5718846717706467,1,frame_0003.tif,1,C:\Users\raglo\OneDrive - University of Arizona\Printz Lab\Data\Capillary_Bridges\My_better_CLB_videos\5-9\s2b_tifs,C:\Users\raglo\OneDrive - University of Arizona\Printz Lab\Data\Capillary_Bridges\masks_json_2b
3289.0,215.48022890090945,1.0625,0.7557444852941176,0.98635477582846,0.2926161826397102,0.2837918391484328,0,frame_0003.tif,2,C:\Users\raglo\OneDrive - University of Arizona\Printz Lab\Data\Capillary_Bridges\My_better_CLB_videos\5-9\s2b_tifs,C:\Users\raglo\OneDrive - University of Arizona\Printz Lab\Data\Capillary_Bridges\masks_json_2b
9695.5,392.4091610908508,1.0467289719626167,0.809037049399199,0.98301733752408,0.0481407349349564,0.5756880610110009,1,frame_0003.tif,3,C:\Users\raglo\OneDrive - University of Arizona\Printz Lab\Data\Capillary_Bridges\My_better_CLB_videos\5-9\s2b_tifs,C:\Users\raglo\OneDrive - University of Arizona\Printz Lab\Data\Capillary_Bridges\masks_json_2b
9291.0,424.45079135894775,1.0689655172413792,0.6459260289210234,0.976201733648542,0.0458340951467952,0.0593634127486119,0,frame_0003.tif,4,C:\Users\raglo\OneDrive - University of Arizona\Printz Lab\Data\Capillary_Bridges\My_better_CLB_videos\5-9\s2b_tifs,C:\Users\raglo\OneDrive - University of Arizona\Printz Lab\Data\Capillary_Bridges\masks_json_2b
758335.5,3590.918827652931,1.3763440860215057,0.9953790480090726,0.9983583086761476,0.499349326409612,0.4996188583177786,0,frame_0003.tif,5,C:\Users\raglo\OneDrive - University of Arizona\Printz Lab\Data\Capillary_Bridges\My_better_CLB_videos\5-9\s2b_tifs,C:\Users\raglo\OneDrive - University of Arizona\Printz Lab\Data\Capillary_Bridges\masks_json_2b
6869.5,341.78174567222595,1.6056338028169015,0.8487150976031629,0.9779343725532066,0.0505537095483641,0.6873642484589854,0,frame_0003.tif,6,C:\Users\raglo\OneDrive - University of Arizona\Printz Lab\Data\Capillary_Bridges\My_better_CLB_videos\5-9\s2b_tifs,C:\Users\raglo\OneDrive - University of Arizona\Printz Lab\Data\Capillary_Bridges\masks_json_2b
232972.5,2696.884336709976,3.7925925925925927,0.8426378038194444,0.8544620654749243,0.5021227217891264,0.84182733610249,0,frame_0004.tif,0,C:\Users\raglo\OneDrive - University of Arizona\Printz Lab\Data\Capillary_Bridges\My_better_CLB_videos\5-9\s2b_tifs,C:\Users\raglo\OneDrive - University of Arizona\Printz Lab\Data\Capillary_Bridges\masks_json_2b
417195.5,2882.600067138672,2.4150943396226414,0.9608902841244104,0.986302260458002,0.4971541056732144,0.2778460300313535,0,frame_0004.tif,1,C:\Users\raglo\OneDrive - University of Arizona\Printz Lab\Data\Capillary_Bridges\My_better_CLB_videos\5-9\s2b_tifs,C:\Users\raglo\OneDrive - University of Arizona\Printz Lab\Data\Capillary_Bridges\masks_json_2b
12216.0,439.33809435367584,1.4639175257731958,0.8868883403513866,0.994140625,0.9359526558600982,0.5713173951541496,1,frame_0004.tif,2,C:\Users\raglo\OneDrive - University of Arizona\Printz Lab\Data\Capillary_Bridges\My_better_CLB_videos\5-9\s2b_tifs,C:\Users\raglo\OneDrive - University of Arizona\Printz Lab\Data\Capillary_Bridges\masks_json_2b
3377.5,220.06601524353027,1.0615384615384615,0.7530657748049052,0.9858435493286632,0.2927378954614166,0.283138113062674,0,frame_0004.tif,3,C:\Users\raglo\OneDrive - University of Arizona\Printz Lab\Data\Capillary_Bridges\My_better_CLB_videos\5-9\s2b_tifs,C:\Users\raglo\OneDrive - University of Arizona\Printz Lab\Data\Capillary_Bridges\masks_json_2b
9718.0,395.82337486743927,1.0275229357798166,0.7960353866317169,0.9823603740207228,0.0479191190857907,0.5751741735676295,1,frame_0004.tif,4,C:\Users\raglo\OneDrive - University of Arizona\Printz Lab\Data\Capillary_Bridges\My_better_CLB_videos\5-9\s2b_tifs,C:\Users\raglo\OneDrive - University of Arizona\Printz Lab\Data\Capillary_Bridges\masks_json_2b
9397.0,429.2792179584503,1.1130434782608696,0.6383831521739131,0.9794663331248696,0.0464445348329685,0.0591202835105274,0,frame_0004.tif,5,C:\Users\raglo\OneDrive - University of Arizona\Printz Lab\Data\Capillary_Bridges\My_better_CLB_videos\5-9\s2b_tifs,C:\Users\raglo\OneDrive - University of Arizona\Printz Lab\Data\Capillary_Bridges\masks_json_2b
6896.0,339.19595754146576,1.5694444444444444,0.8475909537856441,0.9771165426850869,0.0501723345588235,0.687884904323175,0,frame_0004.tif,6,C:\Users\raglo\OneDrive - University of Arizona\Printz Lab\Data\Capillary_Bridges\My_better_CLB_videos\5-9\s2b_tifs,C:\Users\raglo\OneDrive - University of Arizona\Printz Lab\Data\Capillary_Bridges\masks_json_2b
414368.5,2920.021420240402,2.409411764705882,0.9521335018382352,0.9815390774157788,0.495835117052098,0.2760981289088125,0,frame_0005.tif,0,C:\Users\raglo\OneDrive - University of Arizona\Printz Lab\Data\Capillary_Bridges\My_better_CLB_videos\5-9\s2b_tifs,C:\Users\raglo\OneDrive - University of Arizona\Printz Lab\Data\Capillary_Bridges\masks_json_2b
235615.0,2709.6122592687607,3.77859778597786,0.8490508244926199,0.8623321011601947,0.5045101928710938,0.8399734740990991,0,frame_0005.tif,1,C:\Users\raglo\OneDrive - University of Arizona\Printz Lab\Data\Capillary_Bridges\My_better_CLB_videos\5-9\s2b_tifs,C:\Users\raglo\OneDrive - University of Arizona\Printz Lab\Data\Capillary_Bridges\masks_json_2b
16522.5,528.4091610908508,1.7475728155339805,0.8911812297734628,0.9878333134042808,0.9176009597828356,0.5683395933941454,1,frame_0005.tif,2,C:\Users\raglo\OneDrive - University of Arizona\Printz Lab\Data\Capillary_Bridges\My_better_CLB_videos\5-9\s2b_tifs,C:\Users\raglo\OneDrive - University of Arizona\Printz Lab\Data\Capillary_Bridges\masks_json_2b
3281.0,215.1370840072632,1.078125,0.7429800724637681,0.9873608185374662,0.2929154776904832,0.2839430773791876,0,frame_0005.tif,3,C:\Users\raglo\OneDrive - University of Arizona\Printz Lab\Data\Capillary_Bridges\My_better_CLB_videos\5-9\s2b_tifs,C:\Users\raglo\OneDrive - University of Arizona\Printz Lab\Data\Capillary_Bridges\masks_json_2b
10507.5,410.8944430351257,0.9827586206896552,0.7945780399274047,0.9828360303058647,0.0486461035357076,0.5704693712220353,1,frame_0005.tif,4,C:\Users\raglo\OneDrive - University of Arizona\Printz Lab\Data\Capillary_Bridges\My_better_CLB_videos\5-9\s2b_tifs,C:\Users\raglo\OneDrive - University of Arizona\Printz Lab\Data\Capillary_Bridges\masks_json_2b
16748.5,530.7523076534271,1.766990291262136,0.8934439347060706,0.9880538021355671,0.585105313726559,0.5697882444153705,0,frame_0005.tif,5,C:\Users\raglo\OneDrive - University of Arizona\Printz Lab\Data\Capillary_Bridges\My_better_CLB_videos\5-9\s2b_tifs,C:\Users\raglo\OneDrive - University of Arizona\Printz Lab\Data\Capillary_Bridges\masks_json_2b
8445.0,409.2792173624039,1.1181818181818182,0.6241685144124168,0.9796983758700696,0.0443754434806533,0.0555800123571207,0,frame_0005.tif,6,C:\Users\raglo\OneDrive - University of Arizona\Printz Lab\Data\Capillary_Bridges\My_better_CLB_videos\5-9\s2b_tifs,C:\Users\raglo\OneDrive - University of Arizona\Printz Lab\Data\Capillary_Bridges\masks_json_2b
404949.0,2864.0142797231674,2.443914081145585,0.943813861127685,0.9755433015097532,0.4948213649769094,0.2700772662419209,0,frame_0006.tif,0,C:\Users\raglo\OneDrive - University of Arizona\Printz Lab\Data\Capillary_Bridges\My_better_CLB_videos\5-9\s2b_tifs,C:\Users\raglo\OneDrive - University of Arizona\Printz Lab\Data\Capillary_Bridges\masks_json_2b
11317.0,422.3086562156677,0.9915254237288136,0.8197160654787773,0.9861449982572325,0.0503203240358724,0.566860187034946,1,frame_0006.tif,1,C:\Users\raglo\OneDrive - University of Arizona\Printz Lab\Data\Capillary_Bridges\My_better_CLB_videos\5-9\s2b_tifs,C:\Users\raglo\OneDrive - University of Arizona\Printz Lab\Data\Capillary_Bridges\masks_json_2b
20911.0,601.4802287817001,1.9009009009009008,0.8928312198454379,0.9893078487959502,0.903434798408973,0.562782909531223,1,frame_0006.tif,2,C:\Users\raglo\OneDrive - University of Arizona\Printz Lab\Data\Capillary_Bridges\My_better_CLB_videos\5-9\s2b_tifs,C:\Users\raglo\OneDrive - University of Arizona\Printz Lab\Data\Capillary_Bridges\masks_json_2b
3430.5,229.72286891937256,1.0,0.7205419029615627,0.9674280879864636,0.2925009405984419,0.2821593956562795,0,frame_0006.tif,3,C:\Users\raglo\OneDrive - University of Arizona\Printz Lab\Data\Capillary_Bridges\My_better_CLB_videos\5-9\s2b_tifs,C:\Users\raglo\OneDrive - University of Arizona\Printz Lab\Data\Capillary_Bridges\masks_json_2b
21297.0,612.5929266214371,1.8672566371681416,0.8932181353017657,0.9877556699596494,0.9035060208015002,0.5615921347100677,1,frame_0006.tif,4,C:\Users\raglo\OneDrive - University of Arizona\Printz Lab\Data\Capillary_Bridges\My_better_CLB_videos\5-9\s2b_tifs,C:\Users\raglo\OneDrive - University of Arizona\Printz Lab\Data\Capillary_Bridges\masks_json_2b
7675.0,403.2792179584503,1.1495327102803738,0.5831623736798116,0.9723189966428074,0.0431542707803155,0.0517619714128175,0,frame_0006.tif,5,C:\Users\raglo\OneDrive - University of Arizona\Printz Lab\Data\Capillary_Bridges\My_better_CLB_videos\5-9\s2b_tifs,C:\Users\raglo\OneDrive - University of Arizona\Printz Lab\Data\Capillary_Bridges\masks_json_2b
20942.5,606.2081503868103,1.9181818181818184,0.9023050409306334,0.9890901362552248,0.6052455630823933,0.5647117868236063,0,frame_0006.tif,6,C:\Users\raglo\OneDrive - University of Arizona\Printz Lab\Data\Capillary_Bridges\My_better_CLB_videos\5-9\s2b_tifs,C:\Users\raglo\OneDrive - University of Arizona\Printz Lab\Data\Capillary_Bridges\masks_json_2b
306437.0,2695.269113302231,3.170278637770898,0.9264857053018576,0.9635020201543808,0.4939364419292937,0.79381863401403,0,frame_0007.tif,0,C:\Users\raglo\OneDrive - University of Arizona\Printz Lab\Data\Capillary_Bridges\My_better_CLB_videos\5-9\s2b_tifs,C:\Users\raglo\OneDrive - University of Arizona\Printz Lab\Data\Capillary_Bridges\masks_json_2b
398950.5,2871.310743331909,2.4615384615384617,0.9365386962890624,0.9722354563920228,0.4930758513225144,0.2664532164547324,0,frame_0007.tif,1,C:\Users\raglo\OneDrive - University of Arizona\Printz Lab\Data\Capillary_Bridges\My_better_CLB_videos\5-9\s2b_tifs,C:\Users\raglo\OneDrive - University of Arizona\Printz Lab\Data\Capillary_Bridges\masks_json_2b
25491.0,665.279217839241,1.9915966386554624,0.903840017019466,0.9921379364029111,0.8913802597990778,0.5564286341677646,1,frame_0007.tif,2,C:\Users\raglo\OneDrive - University of Arizona\Printz Lab\Data\Capillary_Bridges\My_better_CLB_videos\5-9\s2b_tifs,C:\Users\raglo\OneDrive - University of Arizona\Printz Lab\Data\Capillary_Bridges\masks_json_2b
12449.0,445.13708317279816,0.9224806201550388,0.8109569409159012,0.9862937727776896,0.0509090303018331,0.5612721238938053,1,frame_0007.tif,3,C:\Users\raglo\OneDrive - University of Arizona\Printz Lab\Data\Capillary_Bridges\My_better_CLB_videos\5-9\s2b_tifs,C:\Users\raglo\OneDrive - University of Arizona\Printz Lab\Data\Capillary_Bridges\masks_json_2b
3350.5,217.7228696346283,1.0615384615384615,0.7470457079152731,0.987328716664211,0.2927254600391986,0.2835919473480449,0,frame_0007.tif,4,C:\Users\raglo\OneDrive - University of Arizona\Printz Lab\Data\Capillary_Bridges\My_better_CLB_videos\5-9\s2b_tifs,C:\Users\raglo\OneDrive - University of Arizona\Printz Lab\Data\Capillary_Bridges\masks_json_2b
30219.5,811.3208483457565,0.5243445692883895,0.8084403424291065,0.9036121161379064,0.0561564920026793,0.8226837450442208,0,frame_0007.tif,5,C:\Users\raglo\OneDrive - University of Arizona\Printz Lab\Data\Capillary_Bridges\My_better_CLB_videos\5-9\s2b_tifs,C:\Users\raglo\OneDrive - University of Arizona\Printz Lab\Data\Capillary_Bridges\masks_json_2b
6613.5,368.8944416046143,1.2,0.6106648199445983,0.9661796932067204,0.0406244529061624,0.0475531967172834,0,frame_0007.tif,6,C:\Users\raglo\OneDrive - University of Arizona\Printz Lab\Data\Capillary_Bridges\My_better_CLB_videos\5-9\s2b_tifs,C:\Users\raglo\OneDrive - University of Arizona\Printz Lab\Data\Capillary_Bridges\masks_json_2b
307191.0,2668.4163012504578,3.1507692307692308,0.9230498798076924,0.9639995857692925,0.4923881744118953,0.7930695460591503,0,frame_0008.tif,0,C:\Users\raglo\OneDrive - University of Arizona\Printz Lab\Data\Capillary_Bridges\My_better_CLB_videos\5-9\s2b_tifs,C:\Users\raglo\OneDrive - University of Arizona\Printz Lab\Data\Capillary_Bridges\masks_json_2b
393013.0,2853.47012424469,2.491484184914842,0.933824228254258,0.9689789075309114,0.4916237687416153,0.2624512978433644,0,frame_0008.tif,1,C:\Users\raglo\OneDrive - University of Arizona\Printz Lab\Data\Capillary_Bridges\My_better_CLB_videos\5-9\s2b_tifs,C:\Users\raglo\OneDrive - University of Arizona\Printz Lab\Data\Capillary_Bridges\masks_json_2b
29732.0,726.1076456308365,2.0234375,0.896838803088803,0.9902249754375448,0.8814452410687569,0.5518996353803016,1,frame_0008.tif,2,C:\Users\raglo\OneDrive - University of Arizona\Printz Lab\Data\Capillary_Bridges\My_better_CLB_videos\5-9\s2b_tifs,C:\Users\raglo\OneDrive - University of Arizona\Printz Lab\Data\Capillary_Bridges\masks_json_2b
13673.5,467.03657710552216,0.8913043478260869,0.8055555555555556,0.9864372542654114,0.0525335785637149,0.5553083753299736,1,frame_0008.tif,3,C:\Users\raglo\OneDrive - University of Arizona\Printz Lab\Data\Capillary_Bridges\My_better_CLB_videos\5-9\s2b_tifs,C:\Users\raglo\OneDrive - University of Arizona\Printz Lab\Data\Capillary_Bridges\masks_json_2b
3344.0,218.65180146694183,1.078125,0.7572463768115942,0.9857037582903464,0.2927469717759523,0.2833676456334206,0,frame_0008.tif,4,C:\Users\raglo\OneDrive - University of Arizona\Printz Lab\Data\Capillary_Bridges\My_better_CLB_videos\5-9\s2b_tifs,C:\Users\raglo\OneDrive - University of Arizona\Printz Lab\Data\Capillary_Bridges\masks_json_2b
30646.0,820.5340514183044,0.5261194029850746,0.8109982004869271,0.900478946904475,0.0569171655957943,0.8218420883016435,0,frame_0008.tif,5,C:\Users\raglo\OneDrive - University of Arizona\Printz Lab\Data\Capillary_Bridges\My_better_CLB_videos\5-9\s2b_tifs,C:\Users\raglo\OneDrive - University of Arizona\Printz Lab\Data\Capillary_Bridges\masks_json_2b
5933.5,358.066015124321,1.2307692307692308,0.5821722919937206,0.9591045017376546,0.0385485955948671,0.0450095113151853,0,frame_0008.tif,6,C:\Users\raglo\OneDrive - University of Arizona\Printz Lab\Data\Capillary_Bridges\My_better_CLB_videos\5-9\s2b_tifs,C:\Users\raglo\OneDrive - University of Arizona\Printz Lab\Data\Capillary_Bridges\masks_json_2b
307424.0,2670.4163011312485,3.1314984709480123,0.9181001529051988,0.9619219414662687,0.491385527800834,0.7927864733986557,0,frame_0009.tif,0,C:\Users\raglo\OneDrive - University of Arizona\Printz Lab\Data\Capillary_Bridges\My_better_CLB_videos\5-9\s2b_tifs,C:\Users\raglo\OneDrive - University of Arizona\Printz Lab\Data\Capillary_Bridges\masks_json_2b
388810.0,2922.4061954021454,2.4854368932038837,0.9215953049150486,0.9674766503973196,0.4897000189732802,0.2601852543535389,0,frame_0009.tif,1,C:\Users\raglo\OneDrive - University of Arizona\Printz Lab\Data\Capillary_Bridges\My_better_CLB_videos\5-9\s2b_tifs,C:\Users\raglo\OneDrive - University of Arizona\Printz Lab\Data\Capillary_Bridges\masks_json_2b
14498.0,476.4507907629013,0.9130434782608696,0.8337934207499424,0.9890844589984992,0.0544487832478429,0.5520232805670675,0,frame_0009.tif,2,C:\Users\raglo\OneDrive - University of Arizona\Printz Lab\Data\Capillary_Bridges\My_better_CLB_videos\5-9\s2b_tifs,C:\Users\raglo\OneDrive - University of Arizona\Printz Lab\Data\Capillary_Bridges\masks_json_2b
34120.5,783.1787133216858,2.044117647058824,0.9024677316969952,0.9882409163975496,0.8722112208455339,0.546665816252573,1,frame_0009.tif,3,C:\Users\raglo\OneDrive - University of Arizona\Printz Lab\Data\Capillary_Bridges\My_better_CLB_videos\5-9\s2b_tifs,C:\Users\raglo\OneDrive - University of Arizona\Printz Lab\Data\Capillary_Bridges\masks_json_2b
3494.0,229.4802287817001,0.9857142857142858,0.7233954451345755,0.9772059851768984,0.2921701642494435,0.2820604711556297,0,frame_0009.tif,4,C:\Users\raglo\OneDrive - University of Arizona\Printz Lab\Data\Capillary_Bridges\My_better_CLB_videos\5-9\s2b_tifs,C:\Users\raglo\OneDrive - University of Arizona\Printz Lab\Data\Capillary_Bridges\masks_json_2b
5169.5,347.09545254707336,1.4556962025316456,0.5690148596587782,0.9467948717948718,0.0383821486353404,0.0395593071968986,0,frame_0009.tif,5,C:\Users\raglo\OneDrive - University of Arizona\Printz Lab\Data\Capillary_Bridges\My_better_CLB_videos\5-9\s2b_tifs,C:\Users\raglo\OneDrive - University of Arizona\Printz Lab\Data\Capillary_Bridges\masks_json_2b
308421.0,2661.9898945093155,3.103030303030303,0.9127041903409092,0.9586881413937642,0.4908278847659529,0.7920819267046361,0,frame_0010.tif,0,C:\Users\raglo\OneDrive - University of Arizona\Printz Lab\Data\Capillary_Bridges\My_better_CLB_videos\5-9\s2b_tifs,C:\Users\raglo\OneDrive - University of Arizona\Printz Lab\Data\Capillary_Bridges\masks_json_2b
378729.0,2847.1513627767563,2.5346534653465347,0.9154765818378712,0.961768380635069,0.4881839827571425,0.2530602193086589,0,frame_0010.tif,1,C:\Users\raglo\OneDrive - University of Arizona\Printz Lab\Data\Capillary_Bridges\My_better_CLB_videos\5-9\s2b_tifs,C:\Users\raglo\OneDrive - University of Arizona\Printz Lab\Data\Capillary_Bridges\masks_json_2b
15872.0,500.93607234954834,0.8666666666666667,0.8139487179487179,0.9866965062787516,0.0555868665199639,0.5453460009935419,1,frame_0010.tif,2,C:\Users\raglo\OneDrive - University of Arizona\Printz Lab\Data\Capillary_Bridges\My_better_CLB_videos\5-9\s2b_tifs,C:\Users\raglo\OneDrive - University of Arizona\Printz Lab\Data\Capillary_Bridges\masks_json_2b
37835.5,825.8061299324036,2.099290780141844,0.9065435115967032,0.9858771415542962,0.8632161305050882,0.5414005825005668,1,frame_0010.tif,3,C:\Users\raglo\OneDrive - University of Arizona\Printz Lab\Data\Capillary_Bridges\My_better_CLB_videos\5-9\s2b_tifs,C:\Users\raglo\OneDrive - University of Arizona\Printz Lab\Data\Capillary_Bridges\masks_json_2b
3324.5,217.72286891937256,1.0615384615384615,0.7412486064659978,0.9857672349888806,0.2928896078664423,0.2834745465184318,0,frame_0010.tif,4,C:\Users\raglo\OneDrive - University of Arizona\Printz Lab\Data\Capillary_Bridges\My_better_CLB_videos\5-9\s2b_tifs,C:\Users\raglo\OneDrive - University of Arizona\Printz Lab\Data\Capillary_Bridges\masks_json_2b
4376.0,292.8528121709824,1.1842105263157894,0.639766081871345,0.985252729933581,0.0346438307054976,0.0369346043005985,0,frame_0010.tif,5,C:\Users\raglo\OneDrive - University of Arizona\Printz Lab\Data\Capillary_Bridges\My_better_CLB_videos\5-9\s2b_tifs,C:\Users\raglo\OneDrive - University of Arizona\Printz Lab\Data\Capillary_Bridges\masks_json_2b
310492.0,2680.759446501732,3.056716417910448,0.905118936567164,0.9550161941700988,0.4894654344876427,0.7904864351713765,0,frame_0011.tif,0,C:\Users\raglo\OneDrive - University of Arizona\Printz Lab\Data\Capillary_Bridges\My_better_CLB_videos\5-9\s2b_tifs,C:\Users\raglo\OneDrive - University of Arizona\Printz Lab\Data\Capillary_Bridges\masks_json_2b
369908.5,2814.8254631757736,2.585858585858586,0.912219114977904,0.9620945036510116,0.4878669035944181,0.2471493692131349,0,frame_0011.tif,1,C:\Users\raglo\OneDrive - University of Arizona\Printz Lab\Data\Capillary_Bridges\My_better_CLB_videos\5-9\s2b_tifs,C:\Users\raglo\OneDrive - University of Arizona\Printz Lab\Data\Capillary_Bridges\masks_json_2b
16753.0,506.93607199192047,0.9054054054054054,0.8447458652682533,0.9933001304399384,0.0579437622328996,0.5417042618318814,1,frame_0011.tif,2,C:\Users\raglo\OneDrive - University of Arizona\Printz Lab\Data\Capillary_Bridges\My_better_CLB_videos\5-9\s2b_tifs,C:\Users\raglo\OneDrive - University of Arizona\Printz Lab\Data\Capillary_Bridges\masks_json_2b
42955.5,874.6345565319061,2.072847682119205,0.9088610541015172,0.9882097174933284,0.8560646400161402,0.5353888863269541,1,frame_0011.tif,3,C:\Users\raglo\OneDrive - University of Arizona\Printz Lab\Data\Capillary_Bridges\My_better_CLB_videos\5-9\s2b_tifs,C:\Users\raglo\OneDrive - University of Arizona\Printz Lab\Data\Capillary_Bridges\masks_json_2b
3320.5,216.89444315433505,1.078125,0.7519248188405797,0.986775631500743,0.2926369361452841,0.2836000781097442,0,frame_0011.tif,4,C:\Users\raglo\OneDrive - University of Arizona\Printz Lab\Data\Capillary_Bridges\My_better_CLB_videos\5-9\s2b_tifs,C:\Users\raglo\OneDrive - University of Arizona\Printz Lab\Data\Capillary_Bridges\masks_json_2b
21463.0,754.4507907629013,3.9367088607594938,0.8735805283080305,0.9666058681798736,0.8529319160117765,0.6892663703432158,0,frame_0011.tif,5,C:\Users\raglo\OneDrive - University of Arizona\Printz Lab\Data\Capillary_Bridges\My_better_CLB_videos\5-9\s2b_tifs,C:\Users\raglo\OneDrive - University of Arizona\Printz Lab\Data\Capillary_Bridges\masks_json_2b
3681.5,269.78174471855164,1.318181818181818,0.6411529083942877,0.9787318888741192,0.0335464357264845,0.0321352250832019,0,frame_0011.tif,6,C:\Users\raglo\OneDrive - University of Arizona\Printz Lab\Data\Capillary_Bridges\My_better_CLB_videos\5-9\s2b_tifs,C:\Users\raglo\OneDrive - University of Arizona\Printz Lab\Data\Capillary_Bridges\masks_json_2b
309331.0,2676.073154091835,3.029585798816568,0.8937309310281065,0.950804706518799,0.489025541186533,0.7911674703992481,0,frame_0012.tif,0,C:\Users\raglo\OneDrive - University of Arizona\Printz Lab\Data\Capillary_Bridges\My_better_CLB_videos\5-9\s2b_tifs,C:\Users\raglo\OneDrive - University of Arizona\Printz Lab\Data\Capillary_Bridges\masks_json_2b
359731.0,2863.460018992424,2.6256410256410256,0.9007687299679488,0.9530623464190384,0.4873282942658802,0.240752188677464,0,frame_0012.tif,1,C:\Users\raglo\OneDrive - University of Arizona\Printz Lab\Data\Capillary_Bridges\My_better_CLB_videos\5-9\s2b_tifs,C:\Users\raglo\OneDrive - University of Arizona\Printz Lab\Data\Capillary_Bridges\masks_json_2b
47894.5,918.7766919136049,2.0123456790123457,0.9068866924183896,0.9878617247282552,0.8503299002669205,0.5284668004717664,1,frame_0012.tif,2,C:\Users\raglo\OneDrive - University of Arizona\Printz Lab\Data\Capillary_Bridges\My_better_CLB_videos\5-9\s2b_tifs,C:\Users\raglo\OneDrive - University of Arizona\Printz Lab\Data\Capillary_Bridges\masks_json_2b
18650.0,541.0782068967819,0.8303030303030303,0.825038708250387,0.9919948937528256,0.0587034970238095,0.533956402116402,1,frame_0012.tif,3,C:\Users\raglo\OneDrive - University of Arizona\Printz Lab\Data\Capillary_Bridges\My_better_CLB_videos\5-9\s2b_tifs,C:\Users\raglo\OneDrive - University of Arizona\Printz Lab\Data\Capillary_Bridges\masks_json_2b
3415.5,224.89444160461423,1.0298507462686568,0.7388059701492538,0.9776728209531989,0.2925481581803302,0.2827410570262833,0,frame_0012.tif,4,C:\Users\raglo\OneDrive - University of Arizona\Printz Lab\Data\Capillary_Bridges\My_better_CLB_videos\5-9\s2b_tifs,C:\Users\raglo\OneDrive - University of Arizona\Printz Lab\Data\Capillary_Bridges\masks_json_2b
48123.5,924.5756814479828,1.9878048780487805,0.9001103546311536,0.98529938679197,0.8504640781211429,0.5276926684769193,1,frame_0012.tif,5,C:\Users\raglo\OneDrive - University of Arizona\Printz Lab\Data\Capillary_Bridges\My_better_CLB_videos\5-9\s2b_tifs,C:\Users\raglo\OneDrive - University of Arizona\Printz Lab\Data\Capillary_Bridges\masks_json_2b
3132.5,264.6101721525192,1.2878787878787878,0.5583778966131907,0.9607422174513112,0.0309576914950829,0.029459127228027,0,frame_0012.tif,6,C:\Users\raglo\OneDrive - University of Arizona\Printz Lab\Data\Capillary_Bridges\My_better_CLB_videos\5-9\s2b_tifs,C:\Users\raglo\OneDrive - University of Arizona\Printz Lab\Data\Capillary_Bridges\masks_json_2b
20032.5,562.1492762565613,0.8208092485549133,0.8154563217455019,0.9909475402537656,0.0605416293212842,0.5294121821407451,1,frame_0013.tif,0,C:\Users\raglo\OneDrive - University of Arizona\Printz Lab\Data\Capillary_Bridges\My_better_CLB_videos\5-9\s2b_tifs,C:\Users\raglo\OneDrive - University of Arizona\Printz Lab\Data\Capillary_Bridges\masks_json_2b
51341.5,954.0904004573822,2.005952380952381,0.9068372898120672,0.9872321196796492,0.8449217920359322,0.5249253423952219,1,frame_0013.tif,1,C:\Users\raglo\OneDrive - University of Arizona\Printz Lab\Data\Capillary_Bridges\My_better_CLB_videos\5-9\s2b_tifs,C:\Users\raglo\OneDrive - University of Arizona\Printz Lab\Data\Capillary_Bridges\masks_json_2b
3468.0,226.30865669250488,1.0,0.7284183994959043,0.9818799546998868,0.2921115877383623,0.2819229762572443,0,frame_0013.tif,2,C:\Users\raglo\OneDrive - University of Arizona\Printz Lab\Data\Capillary_Bridges\My_better_CLB_videos\5-9\s2b_tifs,C:\Users\raglo\OneDrive - University of Arizona\Printz Lab\Data\Capillary_Bridges\masks_json_2b
2417.0,239.88224935531616,1.6153846153846154,0.5533424908424909,0.9621815286624203,0.0297774302808544,0.0235996835443037,0,frame_0013.tif,3,C:\Users\raglo\OneDrive - University of Arizona\Printz Lab\Data\Capillary_Bridges\My_better_CLB_videos\5-9\s2b_tifs,C:\Users\raglo\OneDrive - University of Arizona\Printz Lab\Data\Capillary_Bridges\masks_json_2b
55655.0,985.0193331241608,2.0114942528735638,0.9138752052545156,0.9916700075727204,0.8389695384608531,0.5196318259030921,1,frame_0014.tif,0,C:\Users\raglo\OneDrive - University of Arizona\Printz Lab\Data\Capillary_Bridges\My_better_CLB_videos\5-9\s2b_tifs,C:\Users\raglo\OneDrive - University of Arizona\Printz Lab\Data\Capillary_Bridges\masks_json_2b
308300.0,2680.357426047325,3.0206489675516224,0.8881245390855457,0.9478993560249104,0.4915756585794397,0.7938143032835951,0,frame_0014.tif,1,C:\Users\raglo\OneDrive - University of Arizona\Printz Lab\Data\Capillary_Bridges\My_better_CLB_videos\5-9\s2b_tifs,C:\Users\raglo\OneDrive - University of Arizona\Printz Lab\Data\Capillary_Bridges\masks_json_2b
21381.5,578.9777021408081,0.8202247191011236,0.8227451131291366,0.9911461351257388,0.0625703247696198,0.5252686652193327,1,frame_0014.tif,2,C:\Users\raglo\OneDrive - University of Arizona\Printz Lab\Data\Capillary_Bridges\My_better_CLB_videos\5-9\s2b_tifs,C:\Users\raglo\OneDrive - University of Arizona\Printz Lab\Data\Capillary_Bridges\masks_json_2b
337817.0,2921.317883372307,2.7601078167115904,0.8892167494946092,0.9485671123790484,0.4883025593428179,0.2261527778187493,0,frame_0014.tif,3,C:\Users\raglo\OneDrive - University of Arizona\Printz Lab\Data\Capillary_Bridges\My_better_CLB_videos\5-9\s2b_tifs,C:\Users\raglo\OneDrive - University of Arizona\Printz Lab\Data\Capillary_Bridges\masks_json_2b
3291.5,216.89444279670715,1.078125,0.7453577898550725,0.9857741838873916,0.292961826070901,0.2834146725750862,0,frame_0014.tif,4,C:\Users\raglo\OneDrive - University of Arizona\Printz Lab\Data\Capillary_Bridges\My_better_CLB_videos\5-9\s2b_tifs,C:\Users\raglo\OneDrive - University of Arizona\Printz Lab\Data\Capillary_Bridges\masks_json_2b
1754.5,189.49747490882876,1.675,0.6546641791044776,0.9782548090326176,0.0257525306904503,0.0200065111231687,0,frame_0014.tif,5,C:\Users\raglo\OneDrive - University of Arizona\Printz Lab\Data\Capillary_Bridges\My_better_CLB_videos\5-9\s2b_tifs,C:\Users\raglo\OneDrive - University of Arizona\Printz Lab\Data\Capillary_Bridges\masks_json_2b
284715.5,2724.340181112289,3.056716417910448,0.8299775536380597,0.9130896315289008,0.4974948814372618,0.8087060331666841,0,frame_0015.tif,0,C:\Users\raglo\OneDrive - University of Arizona\Printz Lab\Data\Capillary_Bridges\My_better_CLB_videos\5-9\s2b_tifs,C:\Users\raglo\OneDrive - University of Arizona\Printz Lab\Data\Capillary_Bridges\masks_json_2b
59848.5,1025.060962557793,1.983516483516484,0.9109083437338285,0.9899841201574752,0.8342396033614002,0.5147114853366925,1,frame_0015.tif,1,C:\Users\raglo\OneDrive - University of Arizona\Printz Lab\Data\Capillary_Bridges\My_better_CLB_videos\5-9\s2b_tifs,C:\Users\raglo\OneDrive - University of Arizona\Printz Lab\Data\Capillary_Bridges\masks_json_2b
23047.5,600.2914118766785,0.8162162162162162,0.8250402720601396,0.9926351831513665,0.0643262187687575,0.5194710455610816,1,frame_0015.tif,2,C:\Users\raglo\OneDrive - University of Arizona\Printz Lab\Data\Capillary_Bridges\My_better_CLB_videos\5-9\s2b_tifs,C:\Users\raglo\OneDrive - University of Arizona\Printz Lab\Data\Capillary_Bridges\masks_json_2b
3317.5,216.8944432735443,1.078125,0.7512454710144928,0.9867638310529446,0.2929753348541483,0.2835657187530538,0,frame_0015.tif,3,C:\Users\raglo\OneDrive - University of Arizona\Printz Lab\Data\Capillary_Bridges\My_better_CLB_videos\5-9\s2b_tifs,C:\Users\raglo\OneDrive - University of Arizona\Printz Lab\Data\Capillary_Bridges\masks_json_2b
1051.0,148.76955258846283,1.8,0.6487654320987655,0.9772198977219898,0.0202900242528992,0.0151995242343146,0,frame_0015.tif,4,C:\Users\raglo\OneDrive - University of Arizona\Printz Lab\Data\Capillary_Bridges\My_better_CLB_videos\5-9\s2b_tifs,C:\Users\raglo\OneDrive - University of Arizona\Printz Lab\Data\Capillary_Bridges\masks_json_2b
64153.5,1067.0020880699158,1.921875,0.9055089769647696,0.986665743880776,0.8296858415067746,0.5089341561876479,1,frame_0016.tif,0,C:\Users\raglo\OneDrive - University of Arizona\Printz Lab\Data\Capillary_Bridges\My_better_CLB_videos\5-9\s2b_tifs,C:\Users\raglo\OneDrive - University of Arizona\Printz Lab\Data\Capillary_Bridges\masks_json_2b
308876.0,2712.9259688854218,2.968115942028985,0.874309329710145,0.9411155325074192,0.4932258437108331,0.7956448211792385,0,frame_0016.tif,1,C:\Users\raglo\OneDrive - University of Arizona\Printz Lab\Data\Capillary_Bridges\My_better_CLB_videos\5-9\s2b_tifs,C:\Users\raglo\OneDrive - University of Arizona\Printz Lab\Data\Capillary_Bridges\masks_json_2b
24553.5,615.4629844427109,0.8297872340425532,0.8372033551554828,0.9938877532433362,0.0667312859202633,0.5150206940977534,1,frame_0016.tif,2,C:\Users\raglo\OneDrive - University of Arizona\Printz Lab\Data\Capillary_Bridges\My_better_CLB_videos\5-9\s2b_tifs,C:\Users\raglo\OneDrive - University of Arizona\Printz Lab\Data\Capillary_Bridges\masks_json_2b
326993.5,2879.158503651619,2.8131868131868134,0.8772790929773352,0.942708423425761,0.4841773916101974,0.220334277873586,0,frame_0016.tif,3,C:\Users\raglo\OneDrive - University of Arizona\Printz Lab\Data\Capillary_Bridges\My_better_CLB_videos\5-9\s2b_tifs,C:\Users\raglo\OneDrive - University of Arizona\Printz Lab\Data\Capillary_Bridges\masks_json_2b
3318.0,216.6518018245697,1.0952380952380951,0.7632850241545893,0.9872061886343352,0.2926510523519929,0.2837866354044548,0,frame_0016.tif,4,C:\Users\raglo\OneDrive - University of Arizona\Printz Lab\Data\Capillary_Bridges\My_better_CLB_videos\5-9\s2b_tifs,C:\Users\raglo\OneDrive - University of Arizona\Printz Lab\Data\Capillary_Bridges\masks_json_2b
37696.5,828.9777021408081,0.5842696629213483,0.9050345721694036,0.9589666620028238,0.0700147034330778,0.8234804799285883,0,frame_0016.tif,5,C:\Users\raglo\OneDrive - University of Arizona\Printz Lab\Data\Capillary_Bridges\My_better_CLB_videos\5-9\s2b_tifs,C:\Users\raglo\OneDrive - University of Arizona\Printz Lab\Data\Capillary_Bridges\masks_json_2b
293135.0,2868.406195998192,3.0206489675516224,0.8444384909660767,0.9279536806650333,0.4977273084790717,0.8022655882506072,0,frame_0017.tif,0,C:\Users\raglo\OneDrive - University of Arizona\Printz Lab\Data\Capillary_Bridges\My_better_CLB_videos\5-9\s2b_tifs,C:\Users\raglo\OneDrive - University of Arizona\Printz Lab\Data\Capillary_Bridges\masks_json_2b
67576.0,1114.3574267625809,1.89,0.8938624338624339,0.9828164200269062,0.8256787463607292,0.5039810849707758,1,frame_0017.tif,1,C:\Users\raglo\OneDrive - University of Arizona\Printz Lab\Data\Capillary_Bridges\My_better_CLB_videos\5-9\s2b_tifs,C:\Users\raglo\OneDrive - University of Arizona\Printz Lab\Data\Capillary_Bridges\masks_json_2b
26662.5,647.2619751691818,0.7843137254901961,0.8168658088235294,0.9932202127065134,0.0680685796086795,0.5080506429277942,1,frame_0017.tif,2,C:\Users\raglo\OneDrive - University of Arizona\Printz Lab\Data\Capillary_Bridges\My_better_CLB_videos\5-9\s2b_tifs,C:\Users\raglo\OneDrive - University of Arizona\Printz Lab\Data\Capillary_Bridges\masks_json_2b
3505.0,233.137082695961,0.971830985915493,0.7154521330883854,0.9697053534375432,0.2919439822518025,0.2815207986688852,0,frame_0017.tif,3,C:\Users\raglo\OneDrive - University of Arizona\Printz Lab\Data\Capillary_Bridges\My_better_CLB_videos\5-9\s2b_tifs,C:\Users\raglo\OneDrive - University of Arizona\Printz Lab\Data\Capillary_Bridges\masks_json_2b
316230.5,2877.6437846422195,2.8764044943820224,0.8674686731917135,0.9336320155885566,0.4844395248842501,0.2137625558407744,0,frame_0017.tif,4,C:\Users\raglo\OneDrive - University of Arizona\Printz Lab\Data\Capillary_Bridges\My_better_CLB_videos\5-9\s2b_tifs,C:\Users\raglo\OneDrive - University of Arizona\Printz Lab\Data\Capillary_Bridges\masks_json_2b
72138.0,1158.097539782524,1.8428571428571427,0.8876338132152085,0.9779500979468444,0.8214051695593092,0.4992740883445714,1,frame_0018.tif,0,C:\Users\raglo\OneDrive - University of Arizona\Printz Lab\Data\Capillary_Bridges\My_better_CLB_videos\5-9\s2b_tifs,C:\Users\raglo\OneDrive - University of Arizona\Printz Lab\Data\Capillary_Bridges\masks_json_2b
294465.5,2756.0802960395813,2.9854227405247813,0.83837890625,0.9216779320695424,0.4969450045820556,0.8012527933952472,0,frame_0018.tif,1,C:\Users\raglo\OneDrive - University of Arizona\Printz Lab\Data\Capillary_Bridges\My_better_CLB_videos\5-9\s2b_tifs,C:\Users\raglo\OneDrive - University of Arizona\Printz Lab\Data\Capillary_Bridges\masks_json_2b
28423.0,678.8183221817017,0.772093023255814,0.7963855421686747,0.988402622015892,0.0701327464306222,0.5036667362706202,1,frame_0018.tif,2,C:\Users\raglo\OneDrive - University of Arizona\Printz Lab\Data\Capillary_Bridges\My_better_CLB_videos\5-9\s2b_tifs,C:\Users\raglo\OneDrive - University of Arizona\Printz Lab\Data\Capillary_Bridges\masks_json_2b
3327.0,217.48022937774655,1.078125,0.7533967391304348,0.9857777777777778,0.2925080157483192,0.2831394329143525,0,frame_0018.tif,3,C:\Users\raglo\OneDrive - University of Arizona\Printz Lab\Data\Capillary_Bridges\My_better_CLB_videos\5-9\s2b_tifs,C:\Users\raglo\OneDrive - University of Arizona\Printz Lab\Data\Capillary_Bridges\masks_json_2b
309771.5,2812.187941074372,2.917378917378917,0.8618553574608262,0.9357270373872146,0.4840289791084,0.2092390865935856,0,frame_0018.tif,4,C:\Users\raglo\OneDrive - University of Arizona\Printz Lab\Data\Capillary_Bridges\My_better_CLB_videos\5-9\s2b_tifs,C:\Users\raglo\OneDrive - University of Arizona\Printz Lab\Data\Capillary_Bridges\masks_json_2b
25202.0,1027.2792183160782,7.639344262295082,0.8865827059734046,0.9800124436148702,0.3840817880404117,0.5021658754248061,0,frame_0018.tif,5,C:\Users\raglo\OneDrive - University of Arizona\Printz Lab\Data\Capillary_Bridges\My_better_CLB_videos\5-9\s2b_tifs,C:\Users\raglo\OneDrive - University of Arizona\Printz Lab\Data\Capillary_Bridges\masks_json_2b
30106.0,694.4751768112183,0.7798165137614679,0.812358337830545,0.9911766642523212,0.0723676016980837,0.498440880007012,1,frame_0019.tif,0,C:\Users\raglo\OneDrive - University of Arizona\Printz Lab\Data\Capillary_Bridges\My_better_CLB_videos\5-9\s2b_tifs,C:\Users\raglo\OneDrive - University of Arizona\Printz Lab\Data\Capillary_Bridges\masks_json_2b
3437.5,228.89444279670715,1.0,0.7220121823146398,0.9706339121841028,0.2922009184160305,0.2819070775610215,0,frame_0019.tif,1,C:\Users\raglo\OneDrive - University of Arizona\Printz Lab\Data\Capillary_Bridges\My_better_CLB_videos\5-9\s2b_tifs,C:\Users\raglo\OneDrive - University of Arizona\Printz Lab\Data\Capillary_Bridges\masks_json_2b
26885.5,1022.3502861261368,6.878787878787879,0.8972600453877987,0.9826392061548584,0.3825897076347797,0.4975173253463851,0,frame_0019.tif,2,C:\Users\raglo\OneDrive - University of Arizona\Printz Lab\Data\Capillary_Bridges\My_better_CLB_videos\5-9\s2b_tifs,C:\Users\raglo\OneDrive - University of Arizona\Printz Lab\Data\Capillary_Bridges\masks_json_2b
80146.5,1227.854898571968,1.7106382978723405,0.8483804382343602,0.9677600478165584,0.8157153093710113,0.4901417896576081,1,frame_0020.tif,0,C:\Users\raglo\OneDrive - University of Arizona\Printz Lab\Data\Capillary_Bridges\My_better_CLB_videos\5-9\s2b_tifs,C:\Users\raglo\OneDrive - University of Arizona\Printz Lab\Data\Capillary_Bridges\masks_json_2b
32244.0,716.4751756191254,0.7787610619469026,0.8106395816572808,0.9929174108517584,0.0743745898635372,0.4938014510995814,1,frame_0020.tif,1,C:\Users\raglo\OneDrive - University of Arizona\Printz Lab\Data\Capillary_Bridges\My_better_CLB_videos\5-9\s2b_tifs,C:\Users\raglo\OneDrive - University of Arizona\Printz Lab\Data\Capillary_Bridges\masks_json_2b
3282.0,217.48022866249084,1.078125,0.7432065217391305,0.982781853570894,0.2927726275547986,0.2829154818325434,0,frame_0020.tif,2,C:\Users\raglo\OneDrive - University of Arizona\Printz Lab\Data\Capillary_Bridges\My_better_CLB_videos\5-9\s2b_tifs,C:\Users\raglo\OneDrive - University of Arizona\Printz Lab\Data\Capillary_Bridges\masks_json_2b
28602.0,1001.96550989151,6.152777777777778,0.8967268623024831,0.9854772856478372,0.3811273278762849,0.4919227604542694,0,frame_0020.tif,3,C:\Users\raglo\OneDrive - University of Arizona\Printz Lab\Data\Capillary_Bridges\My_better_CLB_videos\5-9\s2b_tifs,C:\Users\raglo\OneDrive - University of Arizona\Printz Lab\Data\Capillary_Bridges\masks_json_2b
102967.0,1350.1320297718048,1.4851851851851852,0.9510205966565068,0.9921517804232932,0.8092037159767637,0.819791904536512,0,frame_0020.tif,4,C:\Users\raglo\OneDrive - University of Arizona\Printz Lab\Data\Capillary_Bridges\My_better_CLB_videos\5-9\s2b_tifs,C:\Users\raglo\OneDrive - University of Arizona\Printz Lab\Data\Capillary_Bridges\masks_json_2b
42441.5,860.634556055069,0.6741573033707865,0.8830940491052851,0.9652376620423015,0.0792584078787666,0.826024694815956,0,frame_0020.tif,5,C:\Users\raglo\OneDrive - University of Arizona\Printz Lab\Data\Capillary_Bridges\My_better_CLB_videos\5-9\s2b_tifs,C:\Users\raglo\OneDrive - University of Arizona\Printz Lab\Data\Capillary_Bridges\masks_json_2b
33912.0,721.9898954629898,0.8116591928251121,0.8401754081708496,0.9958301521113524,0.0773487974978099,0.4899216041271231,1,frame_0021.tif,0,C:\Users\raglo\OneDrive - University of Arizona\Printz Lab\Data\Capillary_Bridges\My_better_CLB_videos\5-9\s2b_tifs,C:\Users\raglo\OneDrive - University of Arizona\Printz Lab\Data\Capillary_Bridges\masks_json_2b
81069.5,1261.7371495962143,1.7860262008733625,0.8655630411804273,0.9673414353301952,0.8095044300560972,0.4895347116750771,1,frame_0021.tif,1,C:\Users\raglo\OneDrive - University of Arizona\Printz Lab\Data\Capillary_Bridges\My_better_CLB_videos\5-9\s2b_tifs,C:\Users\raglo\OneDrive - University of Arizona\Printz Lab\Data\Capillary_Bridges\masks_json_2b
3258.0,214.65180122852323,1.0793650793650793,0.7605042016806722,0.9865253595760788,0.2925423963928678,0.2830522232169501,0,frame_0021.tif,2,C:\Users\raglo\OneDrive - University of Arizona\Printz Lab\Data\Capillary_Bridges\My_better_CLB_videos\5-9\s2b_tifs,C:\Users\raglo\OneDrive - University of Arizona\Printz Lab\Data\Capillary_Bridges\masks_json_2b
29290.5,980.4091610908508,5.657894736842105,0.8962821297429621,0.9857806347390032,0.3812681159610475,0.4858321855298372,0,frame_0021.tif,3,C:\Users\raglo\OneDrive - University of Arizona\Printz Lab\Data\Capillary_Bridges\My_better_CLB_videos\5-9\s2b_tifs,C:\Users\raglo\OneDrive - University of Arizona\Printz Lab\Data\Capillary_Bridges\masks_json_2b
88956.5,1319.653888463974,1.689795918367347,0.8770235630484078,0.9824236868843044,0.8114691913027992,0.4776392148098484,1,frame_0022.tif,0,C:\Users\raglo\OneDrive - University of Arizona\Printz Lab\Data\Capillary_Bridges\My_better_CLB_videos\5-9\s2b_tifs,C:\Users\raglo\OneDrive - University of Arizona\Printz Lab\Data\Capillary_Bridges\masks_json_2b
36133.0,747.7888849973679,0.8025751072961373,0.8292901241651557,0.9952486537852392,0.0794636905945005,0.4844670468253098,1,frame_0022.tif,1,C:\Users\raglo\OneDrive - University of Arizona\Printz Lab\Data\Capillary_Bridges\My_better_CLB_videos\5-9\s2b_tifs,C:\Users\raglo\OneDrive - University of Arizona\Printz Lab\Data\Capillary_Bridges\masks_json_2b
311523.5,2691.712762594223,2.852367688022284,0.8474155096622563,0.928035736362404,0.4876673628151414,0.7875298312119153,0,frame_0022.tif,2,C:\Users\raglo\OneDrive - University of Arizona\Printz Lab\Data\Capillary_Bridges\My_better_CLB_videos\5-9\s2b_tifs,C:\Users\raglo\OneDrive - University of Arizona\Printz Lab\Data\Capillary_Bridges\masks_json_2b
3239.0,213.8233745098114,1.096774193548387,0.7682637571157496,0.9878011588899056,0.2926205638505402,0.2831916766706683,0,frame_0022.tif,3,C:\Users\raglo\OneDrive - University of Arizona\Printz Lab\Data\Capillary_Bridges\My_better_CLB_videos\5-9\s2b_tifs,C:\Users\raglo\OneDrive - University of Arizona\Printz Lab\Data\Capillary_Bridges\masks_json_2b
30311.0,970.4507911205292,5.197530864197531,0.8888595642356529,0.9796544981496744,0.3812258675253419,0.4807074953702199,0,frame_0022.tif,4,C:\Users\raglo\OneDrive - University of Arizona\Printz Lab\Data\Capillary_Bridges\My_better_CLB_videos\5-9\s2b_tifs,C:\Users\raglo\OneDrive - University of Arizona\Printz Lab\Data\Capillary_Bridges\masks_json_2b
93146.5,1283.712764620781,1.686746987951807,0.8906722126601645,0.98835469632019,0.8089197749239067,0.4722515725957174,1,frame_0023.tif,0,C:\Users\raglo\OneDrive - University of Arizona\Printz Lab\Data\Capillary_Bridges\My_better_CLB_videos\5-9\s2b_tifs,C:\Users\raglo\OneDrive - University of Arizona\Printz Lab\Data\Capillary_Bridges\masks_json_2b
38485.0,775.9310208559036,0.7901234567901234,0.8248671124828533,0.9945343894150632,0.0816277516735324,0.4786157912804669,1,frame_0023.tif,1,C:\Users\raglo\OneDrive - University of Arizona\Printz Lab\Data\Capillary_Bridges\My_better_CLB_videos\5-9\s2b_tifs,C:\Users\raglo\OneDrive - University of Arizona\Printz Lab\Data\Capillary_Bridges\masks_json_2b
3491.0,229.4802287817001,0.9857142857142858,0.7227743271221532,0.971341124095715,0.2919445967348928,0.2808146291655063,0,frame_0023.tif,2,C:\Users\raglo\OneDrive - University of Arizona\Printz Lab\Data\Capillary_Bridges\My_better_CLB_videos\5-9\s2b_tifs,C:\Users\raglo\OneDrive - University of Arizona\Printz Lab\Data\Capillary_Bridges\masks_json_2b
208968.0,2635.577768445015,4.357446808510638,0.8683843085106383,0.8911177351056072,0.5043460796198239,0.1410490115817864,0,frame_0023.tif,3,C:\Users\raglo\OneDrive - University of Arizona\Printz Lab\Data\Capillary_Bridges\My_better_CLB_videos\5-9\s2b_tifs,C:\Users\raglo\OneDrive - University of Arizona\Printz Lab\Data\Capillary_Bridges\masks_json_2b
29984.0,958.3919161558152,4.857142857142857,0.8748832866479925,0.9748041223706884,0.3815262644336585,0.473574061298906,0,frame_0023.tif,4,C:\Users\raglo\OneDrive - University of Arizona\Printz Lab\Data\Capillary_Bridges\My_better_CLB_videos\5-9\s2b_tifs,C:\Users\raglo\OneDrive - University of Arizona\Printz Lab\Data\Capillary_Bridges\masks_json_2b
105051.0,1358.4163012504578,1.5315985130111525,0.9478741834193524,0.9914212910532276,0.8053643821294912,0.8193780158151889,0,frame_0023.tif,5,C:\Users\raglo\OneDrive - University of Arizona\Printz Lab\Data\Capillary_Bridges\My_better_CLB_videos\5-9\s2b_tifs,C:\Users\raglo\OneDrive - University of Arizona\Printz Lab\Data\Capillary_Bridges\masks_json_2b
97402.5,1287.1686086654663,1.66015625,0.8952435661764706,0.991813169189412,0.8071679595820833,0.4662773389933127,1,frame_0024.tif,0,C:\Users\raglo\OneDrive - University of Arizona\Printz Lab\Data\Capillary_Bridges\My_better_CLB_videos\5-9\s2b_tifs,C:\Users\raglo\OneDrive - University of Arizona\Printz Lab\Data\Capillary_Bridges\masks_json_2b
41480.0,814.0731557607651,0.7683397683397684,0.8047961816806037,0.9939733774247272,0.0836495129041025,0.4712751919462232,1,frame_0024.tif,1,C:\Users\raglo\OneDrive - University of Arizona\Printz Lab\Data\Capillary_Bridges\My_better_CLB_videos\5-9\s2b_tifs,C:\Users\raglo\OneDrive - University of Arizona\Printz Lab\Data\Capillary_Bridges\masks_json_2b
202279.0,2645.0924878120422,4.530973451327434,0.8740623271570797,0.8951111150445611,0.5052064218667778,0.1365669733824472,0,frame_0024.tif,2,C:\Users\raglo\OneDrive - University of Arizona\Printz Lab\Data\Capillary_Bridges\My_better_CLB_videos\5-9\s2b_tifs,C:\Users\raglo\OneDrive - University of Arizona\Printz Lab\Data\Capillary_Bridges\masks_json_2b
3248.5,214.89444291591644,1.0952380952380951,0.7472969864274213,0.9867861482381532,0.2927036371034121,0.2832074229272673,0,frame_0024.tif,3,C:\Users\raglo\OneDrive - University of Arizona\Printz Lab\Data\Capillary_Bridges\My_better_CLB_videos\5-9\s2b_tifs,C:\Users\raglo\OneDrive - University of Arizona\Printz Lab\Data\Capillary_Bridges\masks_json_2b
32397.0,951.2792184352876,4.433333333333334,0.9021720969089392,0.9819504432825642,0.3831418650604931,0.4695764216506873,0,frame_0024.tif,4,C:\Users\raglo\OneDrive - University of Arizona\Printz Lab\Data\Capillary_Bridges\My_better_CLB_videos\5-9\s2b_tifs,C:\Users\raglo\OneDrive - University of Arizona\Printz Lab\Data\Capillary_Bridges\masks_json_2b
46598.5,880.2914113998413,0.7142857142857143,0.9220122675108824,0.9896571131239978,0.0872856688964989,0.8260820181222615,0,frame_0024.tif,5,C:\Users\raglo\OneDrive - University of Arizona\Printz Lab\Data\Capillary_Bridges\My_better_CLB_videos\5-9\s2b_tifs,C:\Users\raglo\OneDrive - University of Arizona\Printz Lab\Data\Capillary_Bridges\masks_json_2b
100571.5,1287.2274842262268,1.6602316602316602,0.9030394181556972,0.9934999185020176,0.8044161854451682,0.4619658640095949,1,frame_0025.tif,0,C:\Users\raglo\OneDrive - University of Arizona\Printz Lab\Data\Capillary_Bridges\My_better_CLB_videos\5-9\s2b_tifs,C:\Users\raglo\OneDrive - University of Arizona\Printz Lab\Data\Capillary_Bridges\masks_json_2b
313752.0,2720.867092370987,2.790190735694823,0.8348731267029973,0.9175054538223544,0.4871294427514019,0.7857905057609649,0,frame_0025.tif,1,C:\Users\raglo\OneDrive - University of Arizona\Printz Lab\Data\Capillary_Bridges\My_better_CLB_videos\5-9\s2b_tifs,C:\Users\raglo\OneDrive - University of Arizona\Printz Lab\Data\Capillary_Bridges\masks_json_2b
43714.5,831.1442233324051,0.7786259541984732,0.817888414907948,0.9951171208085776,0.0863763706513357,0.4671711948715623,1,frame_0025.tif,2,C:\Users\raglo\OneDrive - University of Arizona\Printz Lab\Data\Capillary_Bridges\My_better_CLB_videos\5-9\s2b_tifs,C:\Users\raglo\OneDrive - University of Arizona\Printz Lab\Data\Capillary_Bridges\masks_json_2b
312789.5,2715.7960246801376,2.797814207650273,0.8345860549009563,0.9205823879731644,0.4890842047363511,0.7894995474230967,0,frame_0025.tif,3,C:\Users\raglo\OneDrive - University of Arizona\Printz Lab\Data\Capillary_Bridges\My_better_CLB_videos\5-9\s2b_tifs,C:\Users\raglo\OneDrive - University of Arizona\Printz Lab\Data\Capillary_Bridges\masks_json_2b
3247.5,214.0660153627396,1.1129032258064515,0.7591164095371669,0.9881332724783204,0.2928643689184131,0.2827560878243513,0,frame_0025.tif,4,C:\Users\raglo\OneDrive - University of Arizona\Printz Lab\Data\Capillary_Bridges\My_better_CLB_videos\5-9\s2b_tifs,C:\Users\raglo\OneDrive - University of Arizona\Printz Lab\Data\Capillary_Bridges\masks_json_2b
32025.5,929.5218589305878,4.217391304347826,0.8971733527566114,0.9845669049266006,0.3819159042309528,0.4632537570830253,0,frame_0025.tif,5,C:\Users\raglo\OneDrive - University of Arizona\Printz Lab\Data\Capillary_Bridges\My_better_CLB_videos\5-9\s2b_tifs,C:\Users\raglo\OneDrive - University of Arizona\Printz Lab\Data\Capillary_Bridges\masks_json_2b
104547.5,1312.1980471611023,1.6353383458646618,0.9035303776683088,0.9943646566482784,0.8027902295195389,0.4568499938182959,1,frame_0026.tif,0,C:\Users\raglo\OneDrive - University of Arizona\Printz Lab\Data\Capillary_Bridges\My_better_CLB_videos\5-9\s2b_tifs,C:\Users\raglo\OneDrive - University of Arizona\Printz Lab\Data\Capillary_Bridges\masks_json_2b
46392.5,856.3157957792282,0.7814814814814814,0.8143321046164648,0.994672069638301,0.0893172808458907,0.4620190231911937,0,frame_0026.tif,1,C:\Users\raglo\OneDrive - University of Arizona\Printz Lab\Data\Capillary_Bridges\My_better_CLB_videos\5-9\s2b_tifs,C:\Users\raglo\OneDrive - University of Arizona\Printz Lab\Data\Capillary_Bridges\masks_json_2b
3176.5,214.0660148859024,1.1129032258064515,0.7425198690977092,0.9849612403100776,0.292635959964821,0.282751096155807,0,frame_0026.tif,2,C:\Users\raglo\OneDrive - University of Arizona\Printz Lab\Data\Capillary_Bridges\My_better_CLB_videos\5-9\s2b_tifs,C:\Users\raglo\OneDrive - University of Arizona\Printz Lab\Data\Capillary_Bridges\masks_json_2b
109006.0,1364.759447336197,1.6133828996282529,0.933702225343909,0.991928512280127,0.7981602811089326,0.8201155259678081,0,frame_0026.tif,3,C:\Users\raglo\OneDrive - University of Arizona\Printz Lab\Data\Capillary_Bridges\My_better_CLB_videos\5-9\s2b_tifs,C:\Users\raglo\OneDrive - University of Arizona\Printz Lab\Data\Capillary_Bridges\masks_json_2b
312989.0,2722.1219267845154,2.8054794520547945,0.837406357020548,0.9247007173329866,0.4880314693949877,0.789127136002154,0,frame_0026.tif,4,C:\Users\raglo\OneDrive - University of Arizona\Printz Lab\Data\Capillary_Bridges\My_better_CLB_videos\5-9\s2b_tifs,C:\Users\raglo\OneDrive - University of Arizona\Printz Lab\Data\Capillary_Bridges\masks_json_2b
34926.0,941.078207731247,3.8,0.9191052631578948,0.9779905913978496,0.3877849945572268,0.4600076905677449,0,frame_0026.tif,5,C:\Users\raglo\OneDrive - University of Arizona\Printz Lab\Data\Capillary_Bridges\My_better_CLB_videos\5-9\s2b_tifs,C:\Users\raglo\OneDrive - University of Arizona\Printz Lab\Data\Capillary_Bridges\masks_json_2b
48590.0,914.3330404758452,0.7744360902255639,0.886743557923936,0.9800816902828904,0.0914201354357915,0.8250421052631579,0,frame_0026.tif,6,C:\Users\raglo\OneDrive - University of Arizona\Printz Lab\Data\Capillary_Bridges\My_better_CLB_videos\5-9\s2b_tifs,C:\Users\raglo\OneDrive - University of Arizona\Printz Lab\Data\Capillary_Bridges\masks_json_2b
109070.5,1334.8843384981155,1.579136690647482,0.8937128201766605,0.9928180994816106,0.8016596882244998,0.4509116900492087,1,frame_0027.tif,0,C:\Users\raglo\OneDrive - University of Arizona\Printz Lab\Data\Capillary_Bridges\My_better_CLB_videos\5-9\s2b_tifs,C:\Users\raglo\OneDrive - University of Arizona\Printz Lab\Data\Capillary_Bridges\masks_json_2b
49191.5,877.9726495742798,0.7898550724637681,0.8175691397420556,0.996061636901146,0.0921242205458321,0.4567683187482356,1,frame_0027.tif,1,C:\Users\raglo\OneDrive - University of Arizona\Printz Lab\Data\Capillary_Bridges\My_better_CLB_videos\5-9\s2b_tifs,C:\Users\raglo\OneDrive - University of Arizona\Printz Lab\Data\Capillary_Bridges\masks_json_2b
285724.0,2695.896529078484,3.250793650793651,0.8858010912698413,0.9499497968601428,0.4975824202332494,0.8079946006101031,0,frame_0027.tif,2,C:\Users\raglo\OneDrive - University of Arizona\Printz Lab\Data\Capillary_Bridges\My_better_CLB_videos\5-9\s2b_tifs,C:\Users\raglo\OneDrive - University of Arizona\Printz Lab\Data\Capillary_Bridges\masks_json_2b
314106.0,2714.1808021068573,2.7750677506775068,0.8312849339430894,0.919275890174823,0.4875933142048057,0.786797348026927,0,frame_0027.tif,3,C:\Users\raglo\OneDrive - University of Arizona\Printz Lab\Data\Capillary_Bridges\My_better_CLB_videos\5-9\s2b_tifs,C:\Users\raglo\OneDrive - University of Arizona\Printz Lab\Data\Capillary_Bridges\masks_json_2b
3206.5,212.5512973070145,1.0952380952380951,0.737635150678629,0.9875269479519556,0.2925635520928116,0.2835232029117379,0,frame_0027.tif,4,C:\Users\raglo\OneDrive - University of Arizona\Printz Lab\Data\Capillary_Bridges\My_better_CLB_videos\5-9\s2b_tifs,C:\Users\raglo\OneDrive - University of Arizona\Printz Lab\Data\Capillary_Bridges\masks_json_2b
111877.5,1350.8843376636505,1.5454545454545454,0.885022782647217,0.9917163067758747,0.8010452050561548,0.4465484348091567,1,frame_0028.tif,0,C:\Users\raglo\OneDrive - University of Arizona\Printz Lab\Data\Capillary_Bridges\My_better_CLB_videos\5-9\s2b_tifs,C:\Users\raglo\OneDrive - University of Arizona\Printz Lab\Data\Capillary_Bridges\masks_json_2b
51870.5,896.4579327106476,0.8064516129032258,0.8262923138191955,0.9963504000153668,0.0953828716754174,0.4518119648310731,1,frame_0028.tif,1,C:\Users\raglo\OneDrive - University of Arizona\Printz Lab\Data\Capillary_Bridges\My_better_CLB_videos\5-9\s2b_tifs,C:\Users\raglo\OneDrive - University of Arizona\Printz Lab\Data\Capillary_Bridges\masks_json_2b
108530.0,1354.6173112392426,1.617100371747212,0.9274879288980046,0.9927417252466304,0.7987271580502477,0.8201674468026637,0,frame_0028.tif,2,C:\Users\raglo\OneDrive - University of Arizona\Printz Lab\Data\Capillary_Bridges\My_better_CLB_videos\5-9\s2b_tifs,C:\Users\raglo\OneDrive - University of Arizona\Printz Lab\Data\Capillary_Bridges\masks_json_2b
313596.0,2738.867092609405,2.782608695652174,0.8321904721467391,0.9229859092748612,0.4882791307710842,0.7876894090014074,0,frame_0028.tif,3,C:\Users\raglo\OneDrive - University of Arizona\Printz Lab\Data\Capillary_Bridges\My_better_CLB_videos\5-9\s2b_tifs,C:\Users\raglo\OneDrive - University of Arizona\Printz Lab\Data\Capillary_Bridges\masks_json_2b
234087.5,2593.134118080139,3.518900343642612,0.7855707017826461,0.8970433543012287,0.4780112216966089,0.1618385514333297,0,frame_0028.tif,4,C:\Users\raglo\OneDrive - University of Arizona\Printz Lab\Data\Capillary_Bridges\My_better_CLB_videos\5-9\s2b_tifs,C:\Users\raglo\OneDrive - University of Arizona\Printz Lab\Data\Capillary_Bridges\masks_json_2b
3199.0,212.30865585803983,1.0793650793650793,0.7467320261437909,0.9878029952138336,0.2927609707446808,0.2823100303951368,0,frame_0028.tif,5,C:\Users\raglo\OneDrive - University of Arizona\Printz Lab\Data\Capillary_Bridges\My_better_CLB_videos\5-9\s2b_tifs,C:\Users\raglo\OneDrive - University of Arizona\Printz Lab\Data\Capillary_Bridges\masks_json_2b
23439.0,793.7056243419647,4.271604938271605,0.8363305502033825,0.982520120724346,0.3928723815066983,0.4499017302200571,0,frame_0028.tif,6,C:\Users\raglo\OneDrive - University of Arizona\Printz Lab\Data\Capillary_Bridges\My_better_CLB_videos\5-9\s2b_tifs,C:\Users\raglo\OneDrive - University of Arizona\Printz Lab\Data\Capillary_Bridges\masks_json_2b
55115.0,927.5289987325668,0.8090277777777778,0.821337029089175,0.9964023574501936,0.0983666930646831,0.4456292161805306,1,frame_0029.tif,0,C:\Users\raglo\OneDrive - University of Arizona\Printz Lab\Data\Capillary_Bridges\My_better_CLB_videos\5-9\s2b_tifs,C:\Users\raglo\OneDrive - University of Arizona\Printz Lab\Data\Capillary_Bridges\masks_json_2b
314819.5,2700.3401794433594,2.767567567567568,0.8309213999155406,0.921237331210834,0.4871894839613429,0.7858516727228222,0,frame_0029.tif,1,C:\Users\raglo\OneDrive - University of Arizona\Printz Lab\Data\Capillary_Bridges\My_better_CLB_videos\5-9\s2b_tifs,C:\Users\raglo\OneDrive - University of Arizona\Printz Lab\Data\Capillary_Bridges\masks_json_2b
3219.0,213.4802285432816,1.1129032258064515,0.7524544179523142,0.9872718908142925,0.2927094934498641,0.282050135910601,0,frame_0029.tif,2,C:\Users\raglo\OneDrive - University of Arizona\Printz Lab\Data\Capillary_Bridges\My_better_CLB_videos\5-9\s2b_tifs,C:\Users\raglo\OneDrive - University of Arizona\Printz Lab\Data\Capillary_Bridges\masks_json_2b
226073.0,2558.7493426799774,3.56794425087108,0.7692488294860628,0.888857871912118,0.4770502312433999,0.1570690074947566,0,frame_0029.tif,3,C:\Users\raglo\OneDrive - University of Arizona\Printz Lab\Data\Capillary_Bridges\My_better_CLB_videos\5-9\s2b_tifs,C:\Users\raglo\OneDrive - University of Arizona\Printz Lab\Data\Capillary_Bridges\masks_json_2b
23314.5,775.1198382377625,4.097560975609756,0.846199912891986,0.9850017955596864,0.3950602797823929,0.4448185376017118,0,frame_0029.tif,4,C:\Users\raglo\OneDrive - University of Arizona\Printz Lab\Data\Capillary_Bridges\My_better_CLB_videos\5-9\s2b_tifs,C:\Users\raglo\OneDrive - University of Arizona\Printz Lab\Data\Capillary_Bridges\masks_json_2b
117371.0,1381.896530032158,1.4735099337748343,0.8733611131780639,0.9905394457009756,0.8007370915729375,0.4376341795372507,1,frame_0029.tif,5,C:\Users\raglo\OneDrive - University of Arizona\Printz Lab\Data\Capillary_Bridges\My_better_CLB_videos\5-9\s2b_tifs,C:\Users\raglo\OneDrive - University of Arizona\Printz Lab\Data\Capillary_Bridges\masks_json_2b
36013.0,923.5634890794754,3.06140350877193,0.9051676469109736,0.9699034486473384,0.3948191015089163,0.4429870324645633,0,frame_0029.tif,6,C:\Users\raglo\OneDrive - University of Arizona\Printz Lab\Data\Capillary_Bridges\My_better_CLB_videos\5-9\s2b_tifs,C:\Users\raglo\OneDrive - University of Arizona\Printz Lab\Data\Capillary_Bridges\masks_json_2b
56450.5,946.2569216489792,0.7972972972972973,0.8080980874942739,0.9948539454553466,0.0992268395214739,0.4441019871197604,1,frame_0030.tif,0,C:\Users\raglo\OneDrive - University of Arizona\Printz Lab\Data\Capillary_Bridges\My_better_CLB_videos\5-9\s2b_tifs,C:\Users\raglo\OneDrive - University of Arizona\Printz Lab\Data\Capillary_Bridges\masks_json_2b
116700.0,1376.0975408554075,1.5084745762711864,0.8889735288516473,0.9947322661484173,0.8003749229610354,0.4383393823187016,1,frame_0030.tif,1,C:\Users\raglo\OneDrive - University of Arizona\Printz Lab\Data\Capillary_Bridges\My_better_CLB_videos\5-9\s2b_tifs,C:\Users\raglo\OneDrive - University of Arizona\Printz Lab\Data\Capillary_Bridges\masks_json_2b
55772.0,938.357426404953,0.8103448275862069,0.8183712399119589,0.9948626471637532,0.570363490596557,0.4411066329349501,0,frame_0030.tif,2,C:\Users\raglo\OneDrive - University of Arizona\Printz Lab\Data\Capillary_Bridges\My_better_CLB_videos\5-9\s2b_tifs,C:\Users\raglo\OneDrive - University of Arizona\Printz Lab\Data\Capillary_Bridges\masks_json_2b
3241.5,214.8944422006607,1.0952380952380951,0.7456866804692892,0.98675799086758,0.2923603755811337,0.2823367326534693,0,frame_0030.tif,3,C:\Users\raglo\OneDrive - University of Arizona\Printz Lab\Data\Capillary_Bridges\My_better_CLB_videos\5-9\s2b_tifs,C:\Users\raglo\OneDrive - University of Arizona\Printz Lab\Data\Capillary_Bridges\masks_json_2b
224226.0,2548.121924519539,3.631205673758865,0.7764918550531915,0.8938203198963576,0.477065496397323,0.1559563756801514,0,frame_0030.tif,4,C:\Users\raglo\OneDrive - University of Arizona\Printz Lab\Data\Capillary_Bridges\My_better_CLB_videos\5-9\s2b_tifs,C:\Users\raglo\OneDrive - University of Arizona\Printz Lab\Data\Capillary_Bridges\masks_json_2b
22952.5,760.2914102077484,4.111111111111111,0.8509435361287213,0.9885010443808008,0.3961215943278347,0.4421281622263217,0,frame_0030.tif,5,C:\Users\raglo\OneDrive - University of Arizona\Printz Lab\Data\Capillary_Bridges\My_better_CLB_videos\5-9\s2b_tifs,C:\Users\raglo\OneDrive - University of Arizona\Printz Lab\Data\Capillary_Bridges\masks_json_2b
114583.0,1374.7249591350555,1.5171232876712328,0.8857957883669872,0.9912067093715804,0.8010632469673168,0.441893729883509,1,frame_0031.tif,0,C:\Users\raglo\OneDrive - University of Arizona\Printz Lab\Data\Capillary_Bridges\My_better_CLB_videos\5-9\s2b_tifs,C:\Users\raglo\OneDrive - University of Arizona\Printz Lab\Data\Capillary_Bridges\masks_json_2b
54529.0,922.357427597046,0.8175438596491228,0.821158045327912,0.9959725659595065,0.0985609800378974,0.4470446033739149,1,frame_0031.tif,1,C:\Users\raglo\OneDrive - University of Arizona\Printz Lab\Data\Capillary_Bridges\My_better_CLB_videos\5-9\s2b_tifs,C:\Users\raglo\OneDrive - University of Arizona\Printz Lab\Data\Capillary_Bridges\masks_json_2b
314525.5,2726.6833279132843,2.7750677506775068,0.8323951452405149,0.921655387437493,0.4878968735768542,0.7864702568154963,0,frame_0031.tif,2,C:\Users\raglo\OneDrive - University of Arizona\Printz Lab\Data\Capillary_Bridges\My_better_CLB_videos\5-9\s2b_tifs,C:\Users\raglo\OneDrive - University of Arizona\Printz Lab\Data\Capillary_Bridges\masks_json_2b
3176.5,212.89444255828855,1.1129032258064515,0.7425198690977092,0.9852667493796526,0.2929430509868421,0.2830820073439412,0,frame_0031.tif,3,C:\Users\raglo\OneDrive - University of Arizona\Printz Lab\Data\Capillary_Bridges\My_better_CLB_videos\5-9\s2b_tifs,C:\Users\raglo\OneDrive - University of Arizona\Printz Lab\Data\Capillary_Bridges\masks_json_2b
227779.5,2579.276252865792,3.555555555555556,0.7723642985026041,0.8888401114466999,0.4771254213263102,0.1578074820692656,0,frame_0031.tif,4,C:\Users\raglo\OneDrive - University of Arizona\Printz Lab\Data\Capillary_Bridges\My_better_CLB_videos\5-9\s2b_tifs,C:\Users\raglo\OneDrive - University of Arizona\Printz Lab\Data\Capillary_Bridges\masks_json_2b
23194.0,776.534051656723,4.072289156626506,0.8267626719897341,0.9801800278916452,0.3967348372898803,0.4457261227608455,0,frame_0031.tif,5,C:\Users\raglo\OneDrive - University of Arizona\Printz Lab\Data\Capillary_Bridges\My_better_CLB_videos\5-9\s2b_tifs,C:\Users\raglo\OneDrive - University of Arizona\Printz Lab\Data\Capillary_Bridges\masks_json_2b
36096.5,928.1492756605148,3.0608695652173914,0.8917119565217392,0.9675270719416748,0.3960878327352281,0.4443962524061049,0,frame_0031.tif,6,C:\Users\raglo\OneDrive - University of Arizona\Printz Lab\Data\Capillary_Bridges\My_better_CLB_videos\5-9\s2b_tifs,C:\Users\raglo\OneDrive - University of Arizona\Printz Lab\Data\Capillary_Bridges\masks_json_2b
110201.5,1339.369619488716,1.5770609318996416,0.8976987618116651,0.9933611566821108,0.8006767133748955,0.4484202466623052,1,frame_0032.tif,0,C:\Users\raglo\OneDrive - University of Arizona\Printz Lab\Data\Capillary_Bridges\My_better_CLB_videos\5-9\s2b_tifs,C:\Users\raglo\OneDrive - University of Arizona\Printz Lab\Data\Capillary_Bridges\masks_json_2b
51731.5,898.457931637764,0.8129496402877698,0.8233828866110652,0.9961487729027662,0.0956067291810501,0.452760012529646,1,frame_0032.tif,1,C:\Users\raglo\OneDrive - University of Arizona\Printz Lab\Data\Capillary_Bridges\My_better_CLB_videos\5-9\s2b_tifs,C:\Users\raglo\OneDrive - University of Arizona\Printz Lab\Data\Capillary_Bridges\masks_json_2b
235460.5,2701.418389081955,3.5310344827586206,0.7929030845905173,0.8985875878702764,0.4792216417063732,0.1623787201090061,0,frame_0032.tif,2,C:\Users\raglo\OneDrive - University of Arizona\Printz Lab\Data\Capillary_Bridges\My_better_CLB_videos\5-9\s2b_tifs,C:\Users\raglo\OneDrive - University of Arizona\Printz Lab\Data\Capillary_Bridges\masks_json_2b
3256.5,214.89444267749784,1.0952380952380951,0.7491373360938578,0.9869677223821792,0.292481489343834,0.2826188912113068,0,frame_0032.tif,3,C:\Users\raglo\OneDrive - University of Arizona\Printz Lab\Data\Capillary_Bridges\My_better_CLB_videos\5-9\s2b_tifs,C:\Users\raglo\OneDrive - University of Arizona\Printz Lab\Data\Capillary_Bridges\masks_json_2b
314501.0,2719.009227752685,2.7601078167115904,0.8278433498989218,0.9185300061916613,0.4868227203383055,0.7860161060168532,0,frame_0032.tif,4,C:\Users\raglo\OneDrive - University of Arizona\Printz Lab\Data\Capillary_Bridges\My_better_CLB_videos\5-9\s2b_tifs,C:\Users\raglo\OneDrive - University of Arizona\Printz Lab\Data\Capillary_Bridges\masks_json_2b
107797.5,1360.173660993576,1.6111111111111112,0.917816091954023,0.990731209675937,0.8003820113196014,0.8195045193830635,0,frame_0032.tif,5,C:\Users\raglo\OneDrive - University of Arizona\Printz Lab\Data\Capillary_Bridges\My_better_CLB_videos\5-9\s2b_tifs,C:\Users\raglo\OneDrive - University of Arizona\Printz Lab\Data\Capillary_Bridges\masks_json_2b
29725.5,869.1198379993439,3.736842105263158,0.8814084507042254,0.9808939266445578,0.3905665086503683,0.4423432882045837,0,frame_0032.tif,6,C:\Users\raglo\OneDrive - University of Arizona\Printz Lab\Data\Capillary_Bridges\My_better_CLB_videos\5-9\s2b_tifs,C:\Users\raglo\OneDrive - University of Arizona\Printz Lab\Data\Capillary_Bridges\masks_json_2b
108312.5,1330.1980472803116,1.5776173285198556,0.8947822782509562,0.9932188313831932,0.8032996914789731,0.4512287665699703,1,frame_0033.tif,0,C:\Users\raglo\OneDrive - University of Arizona\Printz Lab\Data\Capillary_Bridges\My_better_CLB_videos\5-9\s2b_tifs,C:\Users\raglo\OneDrive - University of Arizona\Printz Lab\Data\Capillary_Bridges\masks_json_2b
48542.5,878.8010774850845,0.7890909090909091,0.8134478424801005,0.994499190756182,0.0918877175592501,0.4582913338100589,1,frame_0033.tif,1,C:\Users\raglo\OneDrive - University of Arizona\Printz Lab\Data\Capillary_Bridges\My_better_CLB_videos\5-9\s2b_tifs,C:\Users\raglo\OneDrive - University of Arizona\Printz Lab\Data\Capillary_Bridges\masks_json_2b
314158.0,2702.7249584198,2.790190735694823,0.835953465599455,0.9234386964311172,0.4871042220512588,0.7864968933061696,0,frame_0033.tif,2,C:\Users\raglo\OneDrive - University of Arizona\Printz Lab\Data\Capillary_Bridges\My_better_CLB_videos\5-9\s2b_tifs,C:\Users\raglo\OneDrive - University of Arizona\Printz Lab\Data\Capillary_Bridges\masks_json_2b
3239.5,214.8944422006607,1.0952380952380951,0.74522659305268,0.985249391727494,0.2923069618472389,0.2824417767106842,0,frame_0033.tif,3,C:\Users\raglo\OneDrive - University of Arizona\Printz Lab\Data\Capillary_Bridges\My_better_CLB_videos\5-9\s2b_tifs,C:\Users\raglo\OneDrive - University of Arizona\Printz Lab\Data\Capillary_Bridges\masks_json_2b
243649.5,2631.8204114437103,3.447811447811448,0.801141295770202,0.9058730362331368,0.4788376953932635,0.1674570230350472,0,frame_0033.tif,4,C:\Users\raglo\OneDrive - University of Arizona\Printz Lab\Data\Capillary_Bridges\My_better_CLB_videos\5-9\s2b_tifs,C:\Users\raglo\OneDrive - University of Arizona\Printz Lab\Data\Capillary_Bridges\masks_json_2b
108493.0,1362.3818100690842,1.4965753424657535,0.8502319676499169,0.9788209183466332,0.8036199609171041,0.4504658245318335,1,frame_0033.tif,5,C:\Users\raglo\OneDrive - University of Arizona\Printz Lab\Data\Capillary_Bridges\My_better_CLB_videos\5-9\s2b_tifs,C:\Users\raglo\OneDrive - University of Arizona\Printz Lab\Data\Capillary_Bridges\masks_json_2b
103017.0,1299.3279883861542,1.6463878326996195,0.9046180595193144,0.9940079893475366,0.8033940198253079,0.4588148621437422,1,frame_0034.tif,0,C:\Users\raglo\OneDrive - University of Arizona\Printz Lab\Data\Capillary_Bridges\My_better_CLB_videos\5-9\s2b_tifs,C:\Users\raglo\OneDrive - University of Arizona\Printz Lab\Data\Capillary_Bridges\masks_json_2b
46004.5,850.3157956600189,0.793233082706767,0.8196646830346007,0.9952298539751216,0.0894444021586843,0.4626430716615654,1,frame_0034.tif,1,C:\Users\raglo\OneDrive - University of Arizona\Printz Lab\Data\Capillary_Bridges\My_better_CLB_videos\5-9\s2b_tifs,C:\Users\raglo\OneDrive - University of Arizona\Printz Lab\Data\Capillary_Bridges\masks_json_2b
284680.5,2745.452879071236,3.250793650793651,0.8825660342261905,0.9456928496803458,0.497423085017111,0.808772341658302,0,frame_0034.tif,2,C:\Users\raglo\OneDrive - University of Arizona\Printz Lab\Data\Capillary_Bridges\My_better_CLB_videos\5-9\s2b_tifs,C:\Users\raglo\OneDrive - University of Arizona\Printz Lab\Data\Capillary_Bridges\masks_json_2b
3283.0,216.65180158615112,1.0952380952380951,0.7552334943639292,0.9851462865716428,0.292826473201066,0.2830547823511993,0,frame_0034.tif,3,C:\Users\raglo\OneDrive - University of Arizona\Printz Lab\Data\Capillary_Bridges\My_better_CLB_videos\5-9\s2b_tifs,C:\Users\raglo\OneDrive - University of Arizona\Printz Lab\Data\Capillary_Bridges\masks_json_2b
34249.0,933.6223641633989,3.887755102040817,0.9172692699126896,0.9807846506300114,0.3887954263811637,0.4613154269575492,0,frame_0034.tif,4,C:\Users\raglo\OneDrive - University of Arizona\Printz Lab\Data\Capillary_Bridges\My_better_CLB_videos\5-9\s2b_tifs,C:\Users\raglo\OneDrive - University of Arizona\Printz Lab\Data\Capillary_Bridges\masks_json_2b
99105.5,1281.0853484869003,1.6784313725490196,0.9080584570276709,0.993583670441273,0.8047052150624326,0.4645544055549396,1,frame_0035.tif,0,C:\Users\raglo\OneDrive - University of Arizona\Printz Lab\Data\Capillary_Bridges\My_better_CLB_videos\5-9\s2b_tifs,C:\Users\raglo\OneDrive - University of Arizona\Printz Lab\Data\Capillary_Bridges\masks_json_2b
43304.0,826.5584365129471,0.7876447876447876,0.8195927019456432,0.9949110291668104,0.0864787554228383,0.4685266362949566,1,frame_0035.tif,1,C:\Users\raglo\OneDrive - University of Arizona\Printz Lab\Data\Capillary_Bridges\My_better_CLB_videos\5-9\s2b_tifs,C:\Users\raglo\OneDrive - University of Arizona\Printz Lab\Data\Capillary_Bridges\masks_json_2b
3193.0,211.82337510585785,1.1147540983606556,0.7697685631629702,0.9882389353141442,0.2927080360540335,0.2830007102993404,0,frame_0035.tif,2,C:\Users\raglo\OneDrive - University of Arizona\Printz Lab\Data\Capillary_Bridges\My_better_CLB_videos\5-9\s2b_tifs,C:\Users\raglo\OneDrive - University of Arizona\Printz Lab\Data\Capillary_Bridges\masks_json_2b
96325.5,1272.256921172142,1.6798418972332017,0.8958428272494768,0.9905546871786434,0.8071952775104743,0.4674578001596081,1,frame_0036.tif,0,C:\Users\raglo\OneDrive - University of Arizona\Printz Lab\Data\Capillary_Bridges\My_better_CLB_videos\5-9\s2b_tifs,C:\Users\raglo\OneDrive - University of Arizona\Printz Lab\Data\Capillary_Bridges\masks_json_2b
40895.0,801.9310188293457,0.782608695652174,0.8163652333612808,0.9952906531024496,0.0838184471787679,0.4731535758427647,1,frame_0036.tif,1,C:\Users\raglo\OneDrive - University of Arizona\Printz Lab\Data\Capillary_Bridges\My_better_CLB_videos\5-9\s2b_tifs,C:\Users\raglo\OneDrive - University of Arizona\Printz Lab\Data\Capillary_Bridges\masks_json_2b
204284.0,2615.837655067444,4.432900432900433,0.8636194534632035,0.8936640251277934,0.5045080005408028,0.1379572665387649,0,frame_0036.tif,2,C:\Users\raglo\OneDrive - University of Arizona\Printz Lab\Data\Capillary_Bridges\My_better_CLB_videos\5-9\s2b_tifs,C:\Users\raglo\OneDrive - University of Arizona\Printz Lab\Data\Capillary_Bridges\masks_json_2b
3236.0,215.4802287817001,1.0952380952380951,0.744421440073614,0.9853836784409256,0.2926888939996996,0.2825857614899369,0,frame_0036.tif,3,C:\Users\raglo\OneDrive - University of Arizona\Printz Lab\Data\Capillary_Bridges\My_better_CLB_videos\5-9\s2b_tifs,C:\Users\raglo\OneDrive - University of Arizona\Printz Lab\Data\Capillary_Bridges\masks_json_2b
33057.0,962.1076452732086,4.444444444444445,0.91825,0.98097809959048,0.3860548506488663,0.4716207239459029,0,frame_0036.tif,4,C:\Users\raglo\OneDrive - University of Arizona\Printz Lab\Data\Capillary_Bridges\My_better_CLB_videos\5-9\s2b_tifs,C:\Users\raglo\OneDrive - University of Arizona\Printz Lab\Data\Capillary_Bridges\masks_json_2b
105574.5,1351.2030985355375,1.5333333333333334,0.9444847020933976,0.9916543775771864,0.8047059557236247,0.8190020025486984,0,frame_0036.tif,5,C:\Users\raglo\OneDrive - University of Arizona\Printz Lab\Data\Capillary_Bridges\My_better_CLB_videos\5-9\s2b_tifs,C:\Users\raglo\OneDrive - University of Arizona\Printz Lab\Data\Capillary_Bridges\masks_json_2b
46300.0,888.534050822258,0.7078651685393258,0.9175039137585954,0.9855572229849824,0.0864383854278146,0.8254648116438357,0,frame_0036.tif,6,C:\Users\raglo\OneDrive - University of Arizona\Printz Lab\Data\Capillary_Bridges\My_better_CLB_videos\5-9\s2b_tifs,C:\Users\raglo\OneDrive - University of Arizona\Printz Lab\Data\Capillary_Bridges\masks_json_2b
90738.0,1392.3229347467422,1.7355371900826446,0.8927390791027154,0.980416097157768,0.8078588647568342,0.4748820649755229,1,frame_0037.tif,0,C:\Users\raglo\OneDrive - University of Arizona\Printz Lab\Data\Capillary_Bridges\My_better_CLB_videos\5-9\s2b_tifs,C:\Users\raglo\OneDrive - University of Arizona\Printz Lab\Data\Capillary_Bridges\masks_json_2b
38241.5,778.1736598014832,0.7868852459016393,0.8162888490437158,0.9929504323215538,0.081253279076094,0.4795910908447116,1,frame_0037.tif,1,C:\Users\raglo\OneDrive - University of Arizona\Printz Lab\Data\Capillary_Bridges\My_better_CLB_videos\5-9\s2b_tifs,C:\Users\raglo\OneDrive - University of Arizona\Printz Lab\Data\Capillary_Bridges\masks_json_2b
311261.5,2697.369617700577,2.8603351955307263,0.8490679010998603,0.9294426088527444,0.4879531774670387,0.7892267493224323,0,frame_0037.tif,2,C:\Users\raglo\OneDrive - University of Arizona\Printz Lab\Data\Capillary_Bridges\My_better_CLB_videos\5-9\s2b_tifs,C:\Users\raglo\OneDrive - University of Arizona\Printz Lab\Data\Capillary_Bridges\masks_json_2b
3295.5,217.2375880479813,1.0952380952380951,0.7581090407177363,0.9846130863459814,0.2926170146570796,0.2826458210422812,0,frame_0037.tif,3,C:\Users\raglo\OneDrive - University of Arizona\Printz Lab\Data\Capillary_Bridges\My_better_CLB_videos\5-9\s2b_tifs,C:\Users\raglo\OneDrive - University of Arizona\Printz Lab\Data\Capillary_Bridges\masks_json_2b
30392.5,966.1492755413057,4.951807228915663,0.8909360068009263,0.9793291228974672,0.3816074483353049,0.4758257168168363,0,frame_0037.tif,4,C:\Users\raglo\OneDrive - University of Arizona\Printz Lab\Data\Capillary_Bridges\My_better_CLB_videos\5-9\s2b_tifs,C:\Users\raglo\OneDrive - University of Arizona\Printz Lab\Data\Capillary_Bridges\masks_json_2b
105116.5,1356.0315254926682,1.522222222222222,0.9472515094169596,0.9908471780369976,0.805662427737977,0.8191038476694882,0,frame_0037.tif,5,C:\Users\raglo\OneDrive - University of Arizona\Printz Lab\Data\Capillary_Bridges\My_better_CLB_videos\5-9\s2b_tifs,C:\Users\raglo\OneDrive - University of Arizona\Printz Lab\Data\Capillary_Bridges\masks_json_2b
45694.0,879.7056246995926,0.6992481203007519,0.9235588972431078,0.984710205049188,0.0856257243209173,0.8265380177835611,0,frame_0037.tif,6,C:\Users\raglo\OneDrive - University of Arizona\Printz Lab\Data\Capillary_Bridges\My_better_CLB_videos\5-9\s2b_tifs,C:\Users\raglo\OneDrive - University of Arizona\Printz Lab\Data\Capillary_Bridges\masks_json_2b
36004.5,769.6883797645569,0.7489878542510121,0.7879308458255827,0.989732805541811,0.0779197599069642,0.4828226017914936,1,frame_0038.tif,0,C:\Users\raglo\OneDrive - University of Arizona\Printz Lab\Data\Capillary_Bridges\My_better_CLB_videos\5-9\s2b_tifs,C:\Users\raglo\OneDrive - University of Arizona\Printz Lab\Data\Capillary_Bridges\masks_json_2b
220807.0,2688.8914769887924,4.112449799196787,0.8659913089859438,0.8921999628261801,0.5034692299962708,0.1487366553549083,0,frame_0038.tif,1,C:\Users\raglo\OneDrive - University of Arizona\Printz Lab\Data\Capillary_Bridges\My_better_CLB_videos\5-9\s2b_tifs,C:\Users\raglo\OneDrive - University of Arizona\Printz Lab\Data\Capillary_Bridges\masks_json_2b
3443.0,228.65180134773252,1.0,0.7231674018063432,0.975907029478458,0.2919682075571549,0.2811316210367861,0,frame_0038.tif,2,C:\Users\raglo\OneDrive - University of Arizona\Printz Lab\Data\Capillary_Bridges\My_better_CLB_videos\5-9\s2b_tifs,C:\Users\raglo\OneDrive - University of Arizona\Printz Lab\Data\Capillary_Bridges\masks_json_2b
312007.0,2696.7838329076767,2.8365650969529086,0.8440286314058172,0.9275570419918246,0.4866266119116089,0.7882592729717768,0,frame_0038.tif,3,C:\Users\raglo\OneDrive - University of Arizona\Printz Lab\Data\Capillary_Bridges\My_better_CLB_videos\5-9\s2b_tifs,C:\Users\raglo\OneDrive - University of Arizona\Printz Lab\Data\Capillary_Bridges\masks_json_2b
28346.5,950.3502860069276,5.358974358974359,0.8694178628389154,0.984356009306525,0.3751804418159566,0.4830271846682637,0,frame_0038.tif,4,C:\Users\raglo\OneDrive - University of Arizona\Printz Lab\Data\Capillary_Bridges\My_better_CLB_videos\5-9\s2b_tifs,C:\Users\raglo\OneDrive - University of Arizona\Printz Lab\Data\Capillary_Bridges\masks_json_2b
33949.0,733.3036044836044,0.7758620689655172,0.8129549808429118,0.9932271324293092,0.0763232043053287,0.4893736996636139,1,frame_0039.tif,0,C:\Users\raglo\OneDrive - University of Arizona\Printz Lab\Data\Capillary_Bridges\My_better_CLB_videos\5-9\s2b_tifs,C:\Users\raglo\OneDrive - University of Arizona\Printz Lab\Data\Capillary_Bridges\masks_json_2b
81151.0,1263.4945095777512,1.7782608695652171,0.8626660997129797,0.9683139135985872,0.8094516581308808,0.4896841435510908,1,frame_0039.tif,1,C:\Users\raglo\OneDrive - University of Arizona\Printz Lab\Data\Capillary_Bridges\My_better_CLB_videos\5-9\s2b_tifs,C:\Users\raglo\OneDrive - University of Arizona\Printz Lab\Data\Capillary_Bridges\masks_json_2b
3347.0,223.4802285432816,1.0454545454545454,0.7349582784365393,0.975801749271137,0.292415534716173,0.2825292295780101,0,frame_0039.tif,2,C:\Users\raglo\OneDrive - University of Arizona\Printz Lab\Data\Capillary_Bridges\My_better_CLB_videos\5-9\s2b_tifs,C:\Users\raglo\OneDrive - University of Arizona\Printz Lab\Data\Capillary_Bridges\masks_json_2b
29440.0,983.4802290201188,5.671052631578948,0.8987666381731592,0.9844507607423508,0.3809138551555135,0.487447493621241,0,frame_0039.tif,3,C:\Users\raglo\OneDrive - University of Arizona\Printz Lab\Data\Capillary_Bridges\My_better_CLB_videos\5-9\s2b_tifs,C:\Users\raglo\OneDrive - University of Arizona\Printz Lab\Data\Capillary_Bridges\masks_json_2b
78364.5,1246.541191458702,1.7787610619469028,0.8625511821423855,0.9697196562370456,0.8146327443139354,0.4919226952780275,1,frame_0040.tif,0,C:\Users\raglo\OneDrive - University of Arizona\Printz Lab\Data\Capillary_Bridges\My_better_CLB_videos\5-9\s2b_tifs,C:\Users\raglo\OneDrive - University of Arizona\Printz Lab\Data\Capillary_Bridges\masks_json_2b
31742.0,712.1320297718048,0.7733333333333333,0.810779054916986,0.9911786288622774,0.0740643844233348,0.4943653486341524,1,frame_0040.tif,1,C:\Users\raglo\OneDrive - University of Arizona\Printz Lab\Data\Capillary_Bridges\My_better_CLB_videos\5-9\s2b_tifs,C:\Users\raglo\OneDrive - University of Arizona\Printz Lab\Data\Capillary_Bridges\masks_json_2b
3388.0,222.65180206298828,1.0454545454545454,0.7439613526570048,0.9824561403508772,0.2924304496951219,0.2823866092778574,0,frame_0040.tif,2,C:\Users\raglo\OneDrive - University of Arizona\Printz Lab\Data\Capillary_Bridges\My_better_CLB_videos\5-9\s2b_tifs,C:\Users\raglo\OneDrive - University of Arizona\Printz Lab\Data\Capillary_Bridges\masks_json_2b
27928.0,987.3380934000016,6.3,0.9046971169420148,0.9881470473764286,0.3809149251777605,0.4933186900864749,0,frame_0040.tif,3,C:\Users\raglo\OneDrive - University of Arizona\Printz Lab\Data\Capillary_Bridges\My_better_CLB_videos\5-9\s2b_tifs,C:\Users\raglo\OneDrive - University of Arizona\Printz Lab\Data\Capillary_Bridges\masks_json_2b
310872.5,2712.766586542129,2.8603351955307263,0.8480067759252793,0.9278252824163196,0.4865588644990202,0.7890410636681097,0,frame_0040.tif,4,C:\Users\raglo\OneDrive - University of Arizona\Printz Lab\Data\Capillary_Bridges\My_better_CLB_videos\5-9\s2b_tifs,C:\Users\raglo\OneDrive - University of Arizona\Printz Lab\Data\Capillary_Bridges\masks_json_2b
29812.5,691.4041105508804,0.771689497716895,0.8055037691497122,0.9914696198742892,0.0717693704883006,0.4999758822878636,1,frame_0041.tif,0,C:\Users\raglo\OneDrive - University of Arizona\Printz Lab\Data\Capillary_Bridges\My_better_CLB_videos\5-9\s2b_tifs,C:\Users\raglo\OneDrive - University of Arizona\Printz Lab\Data\Capillary_Bridges\masks_json_2b
3342.5,218.89444231987,1.0615384615384615,0.7452619843924192,0.9854068396226416,0.2926485329684318,0.2829219280380176,0,frame_0041.tif,1,C:\Users\raglo\OneDrive - University of Arizona\Printz Lab\Data\Capillary_Bridges\My_better_CLB_videos\5-9\s2b_tifs,C:\Users\raglo\OneDrive - University of Arizona\Printz Lab\Data\Capillary_Bridges\masks_json_2b
26377.0,1005.1370830535888,6.969230769230769,0.8958057395143488,0.9855955161139656,0.3805603063695838,0.4985978757196744,0,frame_0041.tif,2,C:\Users\raglo\OneDrive - University of Arizona\Printz Lab\Data\Capillary_Bridges\My_better_CLB_videos\5-9\s2b_tifs,C:\Users\raglo\OneDrive - University of Arizona\Printz Lab\Data\Capillary_Bridges\masks_json_2b
72688.5,1183.4528785943985,1.8009259259259258,0.865092116538132,0.9712974283938988,0.8212616971991588,0.4994323300741065,1,frame_0042.tif,0,C:\Users\raglo\OneDrive - University of Arizona\Printz Lab\Data\Capillary_Bridges\My_better_CLB_videos\5-9\s2b_tifs,C:\Users\raglo\OneDrive - University of Arizona\Printz Lab\Data\Capillary_Bridges\masks_json_2b
27909.0,666.6761863231659,0.780952380952381,0.8103658536585366,0.991755801144238,0.0697271716402041,0.5050211227672243,1,frame_0042.tif,1,C:\Users\raglo\OneDrive - University of Arizona\Printz Lab\Data\Capillary_Bridges\My_better_CLB_videos\5-9\s2b_tifs,C:\Users\raglo\OneDrive - University of Arizona\Printz Lab\Data\Capillary_Bridges\masks_json_2b
3421.0,224.65180253982544,1.0,0.7398356401384083,0.9796678121420388,0.2922982825376527,0.2824851757127972,0,frame_0042.tif,2,C:\Users\raglo\OneDrive - University of Arizona\Printz Lab\Data\Capillary_Bridges\My_better_CLB_videos\5-9\s2b_tifs,C:\Users\raglo\OneDrive - University of Arizona\Printz Lab\Data\Capillary_Bridges\masks_json_2b
24853.0,1019.9655100107192,7.75,0.8907885304659499,0.9830897331935682,0.3819182712697755,0.5037510290501177,0,frame_0042.tif,3,C:\Users\raglo\OneDrive - University of Arizona\Printz Lab\Data\Capillary_Bridges\My_better_CLB_videos\5-9\s2b_tifs,C:\Users\raglo\OneDrive - University of Arizona\Printz Lab\Data\Capillary_Bridges\masks_json_2b
39746.5,884.0903998613358,0.6179775280898876,0.9022017932130292,0.9627113307174344,0.0740069126288531,0.8244948292747706,0,frame_0042.tif,4,C:\Users\raglo\OneDrive - University of Arizona\Printz Lab\Data\Capillary_Bridges\My_better_CLB_videos\5-9\s2b_tifs,C:\Users\raglo\OneDrive - University of Arizona\Printz Lab\Data\Capillary_Bridges\masks_json_2b
67827.0,1099.2447286844254,1.9,0.8924605263157894,0.9821317386078974,0.8248696154313965,0.505726941948826,1,frame_0043.tif,0,C:\Users\raglo\OneDrive - University of Arizona\Printz Lab\Data\Capillary_Bridges\My_better_CLB_videos\5-9\s2b_tifs,C:\Users\raglo\OneDrive - University of Arizona\Printz Lab\Data\Capillary_Bridges\masks_json_2b
26102.0,645.0193331241608,0.7832512315270936,0.8086873005545745,0.9906634279641718,0.0675076248745217,0.509344697400154,1,frame_0043.tif,1,C:\Users\raglo\OneDrive - University of Arizona\Printz Lab\Data\Capillary_Bridges\My_better_CLB_videos\5-9\s2b_tifs,C:\Users\raglo\OneDrive - University of Arizona\Printz Lab\Data\Capillary_Bridges\masks_json_2b
3315.5,216.0660145282745,1.0625,0.7618336397058824,0.9871966651779068,0.2925413427691405,0.2832819008506893,0,frame_0043.tif,2,C:\Users\raglo\OneDrive - University of Arizona\Printz Lab\Data\Capillary_Bridges\My_better_CLB_videos\5-9\s2b_tifs,C:\Users\raglo\OneDrive - University of Arizona\Printz Lab\Data\Capillary_Bridges\masks_json_2b
63722.5,1066.6589419841766,1.947643979057592,0.8968431571243596,0.9861568936967052,0.828158697116208,0.5105043106356695,1,frame_0044.tif,0,C:\Users\raglo\OneDrive - University of Arizona\Printz Lab\Data\Capillary_Bridges\My_better_CLB_videos\5-9\s2b_tifs,C:\Users\raglo\OneDrive - University of Arizona\Printz Lab\Data\Capillary_Bridges\masks_json_2b
24493.5,623.9482659101486,0.7897435897435897,0.8156343656343656,0.9932280367389144,0.0653961121297566,0.5145925238421909,1,frame_0044.tif,1,C:\Users\raglo\OneDrive - University of Arizona\Printz Lab\Data\Capillary_Bridges\My_better_CLB_videos\5-9\s2b_tifs,C:\Users\raglo\OneDrive - University of Arizona\Printz Lab\Data\Capillary_Bridges\masks_json_2b
326083.0,2894.3717052936554,2.828729281767956,0.879669695269337,0.9395065676690322,0.4862633460856097,0.2192432955459814,0,frame_0044.tif,2,C:\Users\raglo\OneDrive - University of Arizona\Printz Lab\Data\Capillary_Bridges\My_better_CLB_videos\5-9\s2b_tifs,C:\Users\raglo\OneDrive - University of Arizona\Printz Lab\Data\Capillary_Bridges\masks_json_2b
3547.0,230.3086565732956,0.971830985915493,0.724025311288018,0.9735144778372444,0.2920168224739511,0.2812949456174024,0,frame_0044.tif,3,C:\Users\raglo\OneDrive - University of Arizona\Printz Lab\Data\Capillary_Bridges\My_better_CLB_videos\5-9\s2b_tifs,C:\Users\raglo\OneDrive - University of Arizona\Printz Lab\Data\Capillary_Bridges\masks_json_2b
59616.5,1023.0609637498856,2.0,0.9098699673392144,0.990661116511711,0.8331565417061848,0.5160333449807817,0,frame_0045.tif,0,C:\Users\raglo\OneDrive - University of Arizona\Printz Lab\Data\Capillary_Bridges\My_better_CLB_videos\5-9\s2b_tifs,C:\Users\raglo\OneDrive - University of Arizona\Printz Lab\Data\Capillary_Bridges\masks_json_2b
22660.5,597.4629836082458,0.8054054054054054,0.8220750952294577,0.992227865837639,0.0636174947408004,0.5210709801185909,1,frame_0045.tif,1,C:\Users\raglo\OneDrive - University of Arizona\Printz Lab\Data\Capillary_Bridges\My_better_CLB_videos\5-9\s2b_tifs,C:\Users\raglo\OneDrive - University of Arizona\Printz Lab\Data\Capillary_Bridges\masks_json_2b
3496.5,231.72286915779117,0.971830985915493,0.7137170851194121,0.9686937248926444,0.2920958980574089,0.281346307107775,0,frame_0045.tif,2,C:\Users\raglo\OneDrive - University of Arizona\Printz Lab\Data\Capillary_Bridges\My_better_CLB_videos\5-9\s2b_tifs,C:\Users\raglo\OneDrive - University of Arizona\Printz Lab\Data\Capillary_Bridges\masks_json_2b
1363.5,167.8406195640564,1.6388888888888888,0.6419491525423728,0.9819949585884048,0.0220945572555478,0.0180351363846509,0,frame_0045.tif,3,C:\Users\raglo\OneDrive - University of Arizona\Printz Lab\Data\Capillary_Bridges\My_better_CLB_videos\5-9\s2b_tifs,C:\Users\raglo\OneDrive - University of Arizona\Printz Lab\Data\Capillary_Bridges\masks_json_2b
307589.5,2671.9726502895355,3.0476190476190474,0.8939891996837798,0.95114250771902,0.4908885266807974,0.7937733313748851,0,frame_0046.tif,0,C:\Users\raglo\OneDrive - University of Arizona\Printz Lab\Data\Capillary_Bridges\My_better_CLB_videos\5-9\s2b_tifs,C:\Users\raglo\OneDrive - University of Arizona\Printz Lab\Data\Capillary_Bridges\masks_json_2b
55122.5,985.6051197052002,2.0584795321637426,0.9157778442317916,0.9910642850079558,0.8375035134466631,0.5217298554895964,1,frame_0046.tif,1,C:\Users\raglo\OneDrive - University of Arizona\Printz Lab\Data\Capillary_Bridges\My_better_CLB_videos\5-9\s2b_tifs,C:\Users\raglo\OneDrive - University of Arizona\Printz Lab\Data\Capillary_Bridges\masks_json_2b
21023.0,577.2203435897827,0.8100558659217877,0.8099788094779425,0.9901796858441466,0.0617789887089576,0.525556484569496,1,frame_0046.tif,2,C:\Users\raglo\OneDrive - University of Arizona\Printz Lab\Data\Capillary_Bridges\My_better_CLB_videos\5-9\s2b_tifs,C:\Users\raglo\OneDrive - University of Arizona\Printz Lab\Data\Capillary_Bridges\masks_json_2b
3501.0,229.48022937774655,0.9857142857142858,0.7248447204968944,0.9758885017421602,0.292121817290336,0.281743960011108,0,frame_0046.tif,3,C:\Users\raglo\OneDrive - University of Arizona\Printz Lab\Data\Capillary_Bridges\My_better_CLB_videos\5-9\s2b_tifs,C:\Users\raglo\OneDrive - University of Arizona\Printz Lab\Data\Capillary_Bridges\masks_json_2b
1884.5,201.98275542259216,1.6666666666666667,0.6409863945578231,0.9573279146558292,0.0261410673660262,0.0211520053926525,0,frame_0046.tif,4,C:\Users\raglo\OneDrive - University of Arizona\Printz Lab\Data\Capillary_Bridges\My_better_CLB_videos\5-9\s2b_tifs,C:\Users\raglo\OneDrive - University of Arizona\Printz Lab\Data\Capillary_Bridges\masks_json_2b
51702.5,966.8599519729614,2.0,0.9051241203039108,0.9845657265819892,0.8438550856198846,0.5248961555909094,1,frame_0047.tif,0,C:\Users\raglo\OneDrive - University of Arizona\Printz Lab\Data\Capillary_Bridges\My_better_CLB_videos\5-9\s2b_tifs,C:\Users\raglo\OneDrive - University of Arizona\Printz Lab\Data\Capillary_Bridges\masks_json_2b
19762.0,567.2203438282013,0.7865168539325843,0.7930176565008026,0.9887674180071548,0.0594061945949657,0.5301914132081439,1,frame_0047.tif,1,C:\Users\raglo\OneDrive - University of Arizona\Printz Lab\Data\Capillary_Bridges\My_better_CLB_videos\5-9\s2b_tifs,C:\Users\raglo\OneDrive - University of Arizona\Printz Lab\Data\Capillary_Bridges\masks_json_2b
3324.5,218.06601548194885,1.078125,0.7528306159420289,0.9851829900726032,0.2924871810105294,0.2833307984790874,0,frame_0047.tif,2,C:\Users\raglo\OneDrive - University of Arizona\Printz Lab\Data\Capillary_Bridges\My_better_CLB_videos\5-9\s2b_tifs,C:\Users\raglo\OneDrive - University of Arizona\Printz Lab\Data\Capillary_Bridges\masks_json_2b
50108.0,954.4751762151718,2.08641975308642,0.9151143253707356,0.989709455055403,0.6232113271974135,0.5281317654196349,0,frame_0047.tif,3,C:\Users\raglo\OneDrive - University of Arizona\Printz Lab\Data\Capillary_Bridges\My_better_CLB_videos\5-9\s2b_tifs,C:\Users\raglo\OneDrive - University of Arizona\Printz Lab\Data\Capillary_Bridges\masks_json_2b
2639.5,241.2964633703232,1.6153846153846154,0.6042811355311355,0.9788614871129242,0.0309397435023627,0.0248675633103114,0,frame_0047.tif,4,C:\Users\raglo\OneDrive - University of Arizona\Printz Lab\Data\Capillary_Bridges\My_better_CLB_videos\5-9\s2b_tifs,C:\Users\raglo\OneDrive - University of Arizona\Printz Lab\Data\Capillary_Bridges\masks_json_2b
50136.0,950.1909056901932,2.080246913580247,0.9183426750192328,0.9896565337544414,0.8437795752530345,0.5271776644394365,1,frame_0047.tif,5,C:\Users\raglo\OneDrive - University of Arizona\Printz Lab\Data\Capillary_Bridges\My_better_CLB_videos\5-9\s2b_tifs,C:\Users\raglo\OneDrive - University of Arizona\Printz Lab\Data\Capillary_Bridges\masks_json_2b
307794.0,2674.0731558799744,3.075075075075075,0.9026428772522522,0.9544192363567018,0.4892839222424068,0.792289644075766,0,frame_0048.tif,0,C:\Users\raglo\OneDrive - University of Arizona\Printz Lab\Data\Capillary_Bridges\My_better_CLB_videos\5-9\s2b_tifs,C:\Users\raglo\OneDrive - University of Arizona\Printz Lab\Data\Capillary_Bridges\masks_json_2b
363448.0,2839.518893480301,2.6189258312020463,0.9077485613810742,0.9579395159802429,0.4876381600446576,0.2430367853503698,0,frame_0048.tif,1,C:\Users\raglo\OneDrive - University of Arizona\Printz Lab\Data\Capillary_Bridges\My_better_CLB_videos\5-9\s2b_tifs,C:\Users\raglo\OneDrive - University of Arizona\Printz Lab\Data\Capillary_Bridges\masks_json_2b
18054.5,532.0071402788162,0.84472049689441,0.8245569967117282,0.9911885808399672,0.0582177673009671,0.5363564103965175,1,frame_0048.tif,2,C:\Users\raglo\OneDrive - University of Arizona\Printz Lab\Data\Capillary_Bridges\My_better_CLB_videos\5-9\s2b_tifs,C:\Users\raglo\OneDrive - University of Arizona\Printz Lab\Data\Capillary_Bridges\masks_json_2b
46290.5,913.9482654333116,2.1161290322580646,0.9105133752950432,0.989377504675394,0.8486531910809452,0.5325142649230572,1,frame_0048.tif,3,C:\Users\raglo\OneDrive - University of Arizona\Printz Lab\Data\Capillary_Bridges\My_better_CLB_videos\5-9\s2b_tifs,C:\Users\raglo\OneDrive - University of Arizona\Printz Lab\Data\Capillary_Bridges\masks_json_2b
3358.5,218.8944432735443,1.0615384615384615,0.7488294314381271,0.9863436123348016,0.2927266597885896,0.2831230813785114,0,frame_0048.tif,4,C:\Users\raglo\OneDrive - University of Arizona\Printz Lab\Data\Capillary_Bridges\My_better_CLB_videos\5-9\s2b_tifs,C:\Users\raglo\OneDrive - University of Arizona\Printz Lab\Data\Capillary_Bridges\masks_json_2b
308471.5,2670.173660635948,3.093655589123867,0.9100957680324774,0.9575057851419242,0.4900158051722552,0.7919129986581571,0,frame_0049.tif,0,C:\Users\raglo\OneDrive - University of Arizona\Printz Lab\Data\Capillary_Bridges\My_better_CLB_videos\5-9\s2b_tifs,C:\Users\raglo\OneDrive - University of Arizona\Printz Lab\Data\Capillary_Bridges\masks_json_2b
16798.5,521.663994550705,0.825,0.7953835227272728,0.9867829764736982,0.056183780133077,0.5411237748694172,1,frame_0049.tif,1,C:\Users\raglo\OneDrive - University of Arizona\Printz Lab\Data\Capillary_Bridges\My_better_CLB_videos\5-9\s2b_tifs,C:\Users\raglo\OneDrive - University of Arizona\Printz Lab\Data\Capillary_Bridges\masks_json_2b
41908.0,868.8771976232529,2.136986301369863,0.920003512469266,0.9915298348554392,0.8559204208290011,0.5371822585599849,1,frame_0049.tif,2,C:\Users\raglo\OneDrive - University of Arizona\Printz Lab\Data\Capillary_Bridges\My_better_CLB_videos\5-9\s2b_tifs,C:\Users\raglo\OneDrive - University of Arizona\Printz Lab\Data\Capillary_Bridges\masks_json_2b
371521.0,2826.523946285248,2.585858585858586,0.916195647885101,0.9643371173530636,0.4888238847740573,0.248454561910036,0,frame_0049.tif,3,C:\Users\raglo\OneDrive - University of Arizona\Printz Lab\Data\Capillary_Bridges\My_better_CLB_videos\5-9\s2b_tifs,C:\Users\raglo\OneDrive - University of Arizona\Printz Lab\Data\Capillary_Bridges\masks_json_2b
3357.0,218.30865669250488,1.0615384615384615,0.748494983277592,0.986482515427564,0.2927021832439872,0.2834359122959529,0,frame_0049.tif,4,C:\Users\raglo\OneDrive - University of Arizona\Printz Lab\Data\Capillary_Bridges\My_better_CLB_videos\5-9\s2b_tifs,C:\Users\raglo\OneDrive - University of Arizona\Printz Lab\Data\Capillary_Bridges\masks_json_2b
3909.0,274.36753022670746,1.3134328358208955,0.6629918588873813,0.9790857858484658,0.0338300510251486,0.0339147670961347,0,frame_0049.tif,5,C:\Users\raglo\OneDrive - University of Arizona\Printz Lab\Data\Capillary_Bridges\My_better_CLB_videos\5-9\s2b_tifs,C:\Users\raglo\OneDrive - University of Arizona\Printz Lab\Data\Capillary_Bridges\masks_json_2b
308580.5,2673.8305164575577,3.103030303030303,0.9131761955492425,0.9581445101153356,0.4904448154373989,0.7918731779413521,0,frame_0050.tif,0,C:\Users\raglo\OneDrive - University of Arizona\Printz Lab\Data\Capillary_Bridges\My_better_CLB_videos\5-9\s2b_tifs,C:\Users\raglo\OneDrive - University of Arizona\Printz Lab\Data\Capillary_Bridges\masks_json_2b
380917.0,2845.009228348732,2.5346534653465347,0.920765489634901,0.96462767641212,0.4886079267549081,0.2544337419333407,0,frame_0050.tif,1,C:\Users\raglo\OneDrive - University of Arizona\Printz Lab\Data\Capillary_Bridges\My_better_CLB_videos\5-9\s2b_tifs,C:\Users\raglo\OneDrive - University of Arizona\Printz Lab\Data\Capillary_Bridges\masks_json_2b
15534.0,496.1076453924179,0.8590604026845637,0.8144924496644296,0.988010812529814,0.0547595465736805,0.5466075446164256,1,frame_0050.tif,2,C:\Users\raglo\OneDrive - University of Arizona\Printz Lab\Data\Capillary_Bridges\My_better_CLB_videos\5-9\s2b_tifs,C:\Users\raglo\OneDrive - University of Arizona\Printz Lab\Data\Capillary_Bridges\masks_json_2b
37258.5,825.8061289787292,2.1366906474820144,0.90251435215464,0.9874902267396404,0.8629134924732397,0.5430066845511612,1,frame_0050.tif,3,C:\Users\raglo\OneDrive - University of Arizona\Printz Lab\Data\Capillary_Bridges\My_better_CLB_videos\5-9\s2b_tifs,C:\Users\raglo\OneDrive - University of Arizona\Printz Lab\Data\Capillary_Bridges\masks_json_2b
3308.0,216.30865585803983,1.078125,0.7490942028985508,0.9871680095493882,0.2930115338319612,0.283783201019308,0,frame_0050.tif,4,C:\Users\raglo\OneDrive - University of Arizona\Printz Lab\Data\Capillary_Bridges\My_better_CLB_videos\5-9\s2b_tifs,C:\Users\raglo\OneDrive - University of Arizona\Printz Lab\Data\Capillary_Bridges\masks_json_2b
4510.0,290.0243849754333,1.2162162162162162,0.6771771771771772,0.9882765421277528,0.0349249367463393,0.0378917599770312,0,frame_0050.tif,5,C:\Users\raglo\OneDrive - University of Arizona\Printz Lab\Data\Capillary_Bridges\My_better_CLB_videos\5-9\s2b_tifs,C:\Users\raglo\OneDrive - University of Arizona\Printz Lab\Data\Capillary_Bridges\masks_json_2b
31629.5,822.4924216270447,0.5468164794007491,0.8113873069621876,0.9030549607423268,0.0589945615045284,0.8234620445554862,0,frame_0050.tif,6,C:\Users\raglo\OneDrive - University of Arizona\Printz Lab\Data\Capillary_Bridges\My_better_CLB_videos\5-9\s2b_tifs,C:\Users\raglo\OneDrive - University of Arizona\Printz Lab\Data\Capillary_Bridges\masks_json_2b
306955.5,2669.830515384674,3.1314984709480123,0.9167010106077982,0.960658913515645,0.4916459322354697,0.7931543337637144,0,frame_0051.tif,0,C:\Users\raglo\OneDrive - University of Arizona\Printz Lab\Data\Capillary_Bridges\My_better_CLB_videos\5-9\s2b_tifs,C:\Users\raglo\OneDrive - University of Arizona\Printz Lab\Data\Capillary_Bridges\masks_json_2b
14497.5,484.3502860069275,0.8435374149659864,0.7953423304805793,0.988274992331027,0.0528165678495007,0.5509251635984874,1,frame_0051.tif,1,C:\Users\raglo\OneDrive - University of Arizona\Printz Lab\Data\Capillary_Bridges\My_better_CLB_videos\5-9\s2b_tifs,C:\Users\raglo\OneDrive - University of Arizona\Printz Lab\Data\Capillary_Bridges\masks_json_2b
386613.0,2886.5828218460083,2.503667481662592,0.923109432304401,0.9668177112248112,0.4898402525992283,0.2588431310746082,0,frame_0051.tif,2,C:\Users\raglo\OneDrive - University of Arizona\Printz Lab\Data\Capillary_Bridges\My_better_CLB_videos\5-9\s2b_tifs,C:\Users\raglo\OneDrive - University of Arizona\Printz Lab\Data\Capillary_Bridges\masks_json_2b
33298.0,776.1076447963715,2.074626865671642,0.8938580478900462,0.9871777767895524,0.8726123412346293,0.5480624529721595,1,frame_0051.tif,3,C:\Users\raglo\OneDrive - University of Arizona\Printz Lab\Data\Capillary_Bridges\My_better_CLB_videos\5-9\s2b_tifs,C:\Users\raglo\OneDrive - University of Arizona\Printz Lab\Data\Capillary_Bridges\masks_json_2b
3433.0,228.3086565732956,1.0,0.7210670027305188,0.970871040723982,0.2923206575594564,0.2821313703284258,0,frame_0051.tif,4,C:\Users\raglo\OneDrive - University of Arizona\Printz Lab\Data\Capillary_Bridges\My_better_CLB_videos\5-9\s2b_tifs,C:\Users\raglo\OneDrive - University of Arizona\Printz Lab\Data\Capillary_Bridges\masks_json_2b
5381.5,366.4091604948044,1.3837209302325582,0.5258452218096541,0.9256902038358992,0.0375680128017474,0.0420580075662042,0,frame_0051.tif,5,C:\Users\raglo\OneDrive - University of Arizona\Printz Lab\Data\Capillary_Bridges\My_better_CLB_videos\5-9\s2b_tifs,C:\Users\raglo\OneDrive - University of Arizona\Printz Lab\Data\Capillary_Bridges\masks_json_2b
306325.5,2658.2325364351277,3.1604938271604937,0.9232901114004628,0.9623904127126752,0.4921187972062667,0.7936893110465306,0,frame_0052.tif,0,C:\Users\raglo\OneDrive - University of Arizona\Printz Lab\Data\Capillary_Bridges\My_better_CLB_videos\5-9\s2b_tifs,C:\Users\raglo\OneDrive - University of Arizona\Printz Lab\Data\Capillary_Bridges\masks_json_2b
29822.5,731.0365775823593,2.112,0.9037121212121212,0.9893837604710956,0.8786112194346393,0.5538214842066885,1,frame_0052.tif,1,C:\Users\raglo\OneDrive - University of Arizona\Printz Lab\Data\Capillary_Bridges\My_better_CLB_videos\5-9\s2b_tifs,C:\Users\raglo\OneDrive - University of Arizona\Printz Lab\Data\Capillary_Bridges\masks_json_2b
392967.0,2878.440685749054,2.4854368932038837,0.9314486309162622,0.9698494632678774,0.4913916976605113,0.2629685180662406,0,frame_0052.tif,2,C:\Users\raglo\OneDrive - University of Arizona\Printz Lab\Data\Capillary_Bridges\My_better_CLB_videos\5-9\s2b_tifs,C:\Users\raglo\OneDrive - University of Arizona\Printz Lab\Data\Capillary_Bridges\masks_json_2b
13082.0,456.45079123973846,0.8888888888888888,0.8075308641975308,0.9880664652567976,0.0515025971140826,0.5568659194062038,1,frame_0052.tif,3,C:\Users\raglo\OneDrive - University of Arizona\Printz Lab\Data\Capillary_Bridges\My_better_CLB_videos\5-9\s2b_tifs,C:\Users\raglo\OneDrive - University of Arizona\Printz Lab\Data\Capillary_Bridges\masks_json_2b
3333.0,217.480229139328,1.078125,0.7547554347826086,0.9871168369613506,0.2927917890100671,0.2835871996887462,0,frame_0052.tif,4,C:\Users\raglo\OneDrive - University of Arizona\Printz Lab\Data\Capillary_Bridges\My_better_CLB_videos\5-9\s2b_tifs,C:\Users\raglo\OneDrive - University of Arizona\Printz Lab\Data\Capillary_Bridges\masks_json_2b
5970.0,350.6518020629883,1.1630434782608696,0.6064607882974401,0.9692345157886192,0.0385387783395857,0.0452285108465176,0,frame_0052.tif,5,C:\Users\raglo\OneDrive - University of Arizona\Printz Lab\Data\Capillary_Bridges\My_better_CLB_videos\5-9\s2b_tifs,C:\Users\raglo\OneDrive - University of Arizona\Printz Lab\Data\Capillary_Bridges\masks_json_2b
31010.0,824.3919154405594,0.5559701492537313,0.7765701692877892,0.8994662953938972,0.0578119401871019,0.8252952441613588,0,frame_0052.tif,6,C:\Users\raglo\OneDrive - University of Arizona\Printz Lab\Data\Capillary_Bridges\My_better_CLB_videos\5-9\s2b_tifs,C:\Users\raglo\OneDrive - University of Arizona\Printz Lab\Data\Capillary_Bridges\masks_json_2b
305440.0,2679.8721454143524,3.190031152647975,0.92922507788162,0.965142200798492,0.4932160771511563,0.7944279731283401,0,frame_0053.tif,0,C:\Users\raglo\OneDrive - University of Arizona\Printz Lab\Data\Capillary_Bridges\My_better_CLB_videos\5-9\s2b_tifs,C:\Users\raglo\OneDrive - University of Arizona\Printz Lab\Data\Capillary_Bridges\masks_json_2b
401662.0,2882.381810903549,2.443914081145585,0.93615285650358,0.9738559080604686,0.4926297533363939,0.2678068575461336,0,frame_0053.tif,1,C:\Users\raglo\OneDrive - University of Arizona\Printz Lab\Data\Capillary_Bridges\My_better_CLB_videos\5-9\s2b_tifs,C:\Users\raglo\OneDrive - University of Arizona\Printz Lab\Data\Capillary_Bridges\masks_json_2b
26153.5,679.7228693962097,2.1206896551724137,0.916508971124194,0.9933532103993772,0.8865168946271433,0.5583597955535413,1,frame_0053.tif,2,C:\Users\raglo\OneDrive - University of Arizona\Printz Lab\Data\Capillary_Bridges\My_better_CLB_videos\5-9\s2b_tifs,C:\Users\raglo\OneDrive - University of Arizona\Printz Lab\Data\Capillary_Bridges\masks_json_2b
12193.0,444.4507930278778,0.8863636363636364,0.7894975394975395,0.9864487682537114,0.0496458129587433,0.5612991342689682,1,frame_0053.tif,3,C:\Users\raglo\OneDrive - University of Arizona\Printz Lab\Data\Capillary_Bridges\My_better_CLB_videos\5-9\s2b_tifs,C:\Users\raglo\OneDrive - University of Arizona\Printz Lab\Data\Capillary_Bridges\masks_json_2b
3344.5,218.89444267749784,1.0615384615384615,0.7457079152731326,0.9851251840942564,0.2926862028387613,0.283508384220219,0,frame_0053.tif,4,C:\Users\raglo\OneDrive - University of Arizona\Printz Lab\Data\Capillary_Bridges\My_better_CLB_videos\5-9\s2b_tifs,C:\Users\raglo\OneDrive - University of Arizona\Printz Lab\Data\Capillary_Bridges\masks_json_2b
234107.0,2663.102592945099,3.806691449814126,0.8498889114776952,0.8610119622284133,0.5070394189765034,0.8406157647262161,0,frame_0054.tif,0,C:\Users\raglo\OneDrive - University of Arizona\Printz Lab\Data\Capillary_Bridges\My_better_CLB_videos\5-9\s2b_tifs,C:\Users\raglo\OneDrive - University of Arizona\Printz Lab\Data\Capillary_Bridges\masks_json_2b
405771.5,2875.227484107017,2.4615384615384617,0.9525510347806492,0.978857083582608,0.4947944121639742,0.2703694237636202,0,frame_0054.tif,1,C:\Users\raglo\OneDrive - University of Arizona\Printz Lab\Data\Capillary_Bridges\My_better_CLB_videos\5-9\s2b_tifs,C:\Users\raglo\OneDrive - University of Arizona\Printz Lab\Data\Capillary_Bridges\masks_json_2b
11000.0,418.3086565732956,0.9829059829059827,0.8175399479747306,0.9862817179234288,0.0495039718543416,0.5680008337800012,1,frame_0054.tif,2,C:\Users\raglo\OneDrive - University of Arizona\Printz Lab\Data\Capillary_Bridges\My_better_CLB_videos\5-9\s2b_tifs,C:\Users\raglo\OneDrive - University of Arizona\Printz Lab\Data\Capillary_Bridges\masks_json_2b
20544.0,602.3086562156677,1.9357798165137612,0.8932562285316753,0.9869094228136334,0.9030433306829092,0.5645194431108977,1,frame_0054.tif,3,C:\Users\raglo\OneDrive - University of Arizona\Printz Lab\Data\Capillary_Bridges\My_better_CLB_videos\5-9\s2b_tifs,C:\Users\raglo\OneDrive - University of Arizona\Printz Lab\Data\Capillary_Bridges\masks_json_2b
3471.0,231.96551060676572,0.971830985915493,0.7085119412124924,0.963497571131159,0.2920435999194903,0.2816805750023336,0,frame_0054.tif,4,C:\Users\raglo\OneDrive - University of Arizona\Printz Lab\Data\Capillary_Bridges\My_better_CLB_videos\5-9\s2b_tifs,C:\Users\raglo\OneDrive - University of Arizona\Printz Lab\Data\Capillary_Bridges\masks_json_2b
7896.0,394.450791478157,1.1634615384615383,0.6274634456452638,0.9757785467128028,0.0434842386004829,0.0530792471520554,0,frame_0054.tif,5,C:\Users\raglo\OneDrive - University of Arizona\Printz Lab\Data\Capillary_Bridges\My_better_CLB_videos\5-9\s2b_tifs,C:\Users\raglo\OneDrive - University of Arizona\Printz Lab\Data\Capillary_Bridges\masks_json_2b
15956.5,522.0660146474838,1.7623762376237624,0.8875570141283792,0.987529397202624,0.9189614047167192,0.5693158057149911,1,frame_0055.tif,0,C:\Users\raglo\OneDrive - University of Arizona\Printz Lab\Data\Capillary_Bridges\My_better_CLB_videos\5-9\s2b_tifs,C:\Users\raglo\OneDrive - University of Arizona\Printz Lab\Data\Capillary_Bridges\masks_json_2b
10016.5,400.4091612100601,1.009009009009009,0.8057030244530244,0.9854395198976832,0.048101469849554,0.5726541866771211,1,frame_0055.tif,1,C:\Users\raglo\OneDrive - University of Arizona\Printz Lab\Data\Capillary_Bridges\My_better_CLB_videos\5-9\s2b_tifs,C:\Users\raglo\OneDrive - University of Arizona\Printz Lab\Data\Capillary_Bridges\masks_json_2b
3351.5,217.7228696346283,1.0615384615384615,0.7472686733556299,0.9874779021803182,0.2928913620283019,0.2837929366231253,0,frame_0055.tif,2,C:\Users\raglo\OneDrive - University of Arizona\Printz Lab\Data\Capillary_Bridges\My_better_CLB_videos\5-9\s2b_tifs,C:\Users\raglo\OneDrive - University of Arizona\Printz Lab\Data\Capillary_Bridges\masks_json_2b
8777.5,418.6934314966202,1.106194690265487,0.6214159292035398,0.9798504130386247,0.0454111906288326,0.0564223436280521,0,frame_0055.tif,3,C:\Users\raglo\OneDrive - University of Arizona\Printz Lab\Data\Capillary_Bridges\My_better_CLB_videos\5-9\s2b_tifs,C:\Users\raglo\OneDrive - University of Arizona\Printz Lab\Data\Capillary_Bridges\masks_json_2b
16190.5,521.5807346105576,1.7722772277227723,0.8955417888157531,0.9905778702315764,0.586555317004441,0.5708010989424561,0,frame_0055.tif,4,C:\Users\raglo\OneDrive - University of Arizona\Printz Lab\Data\Capillary_Bridges\My_better_CLB_videos\5-9\s2b_tifs,C:\Users\raglo\OneDrive - University of Arizona\Printz Lab\Data\Capillary_Bridges\masks_json_2b
234003.5,2659.688379406929,3.7925925925925927,0.8463668258101852,0.8561145420221562,0.5029115305184737,0.8410872209918683,0,frame_0056.tif,0,C:\Users\raglo\OneDrive - University of Arizona\Printz Lab\Data\Capillary_Bridges\My_better_CLB_videos\5-9\s2b_tifs,C:\Users\raglo\OneDrive - University of Arizona\Printz Lab\Data\Capillary_Bridges\masks_json_2b
13295.5,465.23758828639984,1.5612244897959184,0.8867213552087502,0.98987454863567,0.9304706866490308,0.5718220117409106,1,frame_0056.tif,1,C:\Users\raglo\OneDrive - University of Arizona\Printz Lab\Data\Capillary_Bridges\My_better_CLB_videos\5-9\s2b_tifs,C:\Users\raglo\OneDrive - University of Arizona\Printz Lab\Data\Capillary_Bridges\masks_json_2b
3330.5,216.89444255828855,1.078125,0.7541893115942029,0.9866686416827136,0.2926789756133177,0.2836479750778816,0,frame_0056.tif,2,C:\Users\raglo\OneDrive - University of Arizona\Printz Lab\Data\Capillary_Bridges\My_better_CLB_videos\5-9\s2b_tifs,C:\Users\raglo\OneDrive - University of Arizona\Printz Lab\Data\Capillary_Bridges\masks_json_2b
6869.0,338.7106764316559,1.5555555555555556,0.8518105158730159,0.977237160335752,0.0501541048691136,0.6875690235690236,0,frame_0056.tif,3,C:\Users\raglo\OneDrive - University of Arizona\Printz Lab\Data\Capillary_Bridges\My_better_CLB_videos\5-9\s2b_tifs,C:\Users\raglo\OneDrive - University of Arizona\Printz Lab\Data\Capillary_Bridges\masks_json_2b
9574.0,390.9949471950531,1.0185185185185186,0.8058922558922559,0.9833607230895643,0.0474058231793255,0.5753090064233976,1,frame_0056.tif,4,C:\Users\raglo\OneDrive - University of Arizona\Printz Lab\Data\Capillary_Bridges\My_better_CLB_videos\5-9\s2b_tifs,C:\Users\raglo\OneDrive - University of Arizona\Printz Lab\Data\Capillary_Bridges\masks_json_2b
9147.0,424.1076464653015,1.0598290598290598,0.630479735318445,0.9749520358132594,0.0453160127395353,0.0590120972058666,0,frame_0056.tif,5,C:\Users\raglo\OneDrive - University of Arizona\Printz Lab\Data\Capillary_Bridges\My_better_CLB_videos\5-9\s2b_tifs,C:\Users\raglo\OneDrive - University of Arizona\Printz Lab\Data\Capillary_Bridges\masks_json_2b
233907.5,2672.658941745758,3.7925925925925927,0.8460196035879629,0.8549844470193471,0.5024419377803823,0.8411464727643833,0,frame_0057.tif,0,C:\Users\raglo\OneDrive - University of Arizona\Printz Lab\Data\Capillary_Bridges\My_better_CLB_videos\5-9\s2b_tifs,C:\Users\raglo\OneDrive - University of Arizona\Printz Lab\Data\Capillary_Bridges\masks_json_2b
13311.5,463.5807337760925,1.5612244897959184,0.8877884487128185,0.9909919970221478,0.9303513170962676,0.5721129342202512,1,frame_0057.tif,1,C:\Users\raglo\OneDrive - University of Arizona\Printz Lab\Data\Capillary_Bridges\My_better_CLB_videos\5-9\s2b_tifs,C:\Users\raglo\OneDrive - University of Arizona\Printz Lab\Data\Capillary_Bridges\masks_json_2b
3316.0,216.30865669250488,1.078125,0.7509057971014492,0.9867579229281356,0.2927493170651217,0.2838861836315635,0,frame_0057.tif,2,C:\Users\raglo\OneDrive - University of Arizona\Printz Lab\Data\Capillary_Bridges\My_better_CLB_videos\5-9\s2b_tifs,C:\Users\raglo\OneDrive - University of Arizona\Printz Lab\Data\Capillary_Bridges\masks_json_2b
9474.5,387.580734372139,1.0377358490566038,0.8125643224699829,0.9840569173244704,0.0474505194847229,0.5750462972553081,1,frame_0057.tif,3,C:\Users\raglo\OneDrive - University of Arizona\Printz Lab\Data\Capillary_Bridges\My_better_CLB_videos\5-9\s2b_tifs,C:\Users\raglo\OneDrive - University of Arizona\Printz Lab\Data\Capillary_Bridges\masks_json_2b
6838.0,336.2253956794739,1.5492957746478873,0.8755441741357234,0.9812728707756332,0.0497308661849814,0.6867935600647803,0,frame_0057.tif,4,C:\Users\raglo\OneDrive - University of Arizona\Printz Lab\Data\Capillary_Bridges\My_better_CLB_videos\5-9\s2b_tifs,C:\Users\raglo\OneDrive - University of Arizona\Printz Lab\Data\Capillary_Bridges\masks_json_2b
9119.5,421.0365782976151,1.0695652173913044,0.6447154471544716,0.9760783474258804,0.0454403035407494,0.0586636601166827,0,frame_0057.tif,5,C:\Users\raglo\OneDrive - University of Arizona\Printz Lab\Data\Capillary_Bridges\My_better_CLB_videos\5-9\s2b_tifs,C:\Users\raglo\OneDrive - University of Arizona\Printz Lab\Data\Capillary_Bridges\masks_json_2b
233230.0,2672.7594470977783,3.7925925925925927,0.8435691550925926,0.8521622846118995,0.5026771226325838,0.8415545188874486,0,frame_0058.tif,0,C:\Users\raglo\OneDrive - University of Arizona\Printz Lab\Data\Capillary_Bridges\My_better_CLB_videos\5-9\s2b_tifs,C:\Users\raglo\OneDrive - University of Arizona\Printz Lab\Data\Capillary_Bridges\masks_json_2b
13408.5,463.9238796234131,1.5454545454545454,0.8852247969895028,0.9913496728401908,0.9305222502614104,0.5717365228451228,1,frame_0058.tif,1,C:\Users\raglo\OneDrive - University of Arizona\Printz Lab\Data\Capillary_Bridges\My_better_CLB_videos\5-9\s2b_tifs,C:\Users\raglo\OneDrive - University of Arizona\Printz Lab\Data\Capillary_Bridges\masks_json_2b
3514.0,229.13708317279816,1.0,0.7380802352446965,0.9755691282620766,0.2923887048505397,0.2827445336285635,0,frame_0058.tif,2,C:\Users\raglo\OneDrive - University of Arizona\Printz Lab\Data\Capillary_Bridges\My_better_CLB_videos\5-9\s2b_tifs,C:\Users\raglo\OneDrive - University of Arizona\Printz Lab\Data\Capillary_Bridges\masks_json_2b
9587.5,391.2375888824463,1.0185185185185186,0.8070286195286195,0.9822754981814455,0.0472079849204115,0.5749595659739993,1,frame_0058.tif,3,C:\Users\raglo\OneDrive - University of Arizona\Printz Lab\Data\Capillary_Bridges\My_better_CLB_videos\5-9\s2b_tifs,C:\Users\raglo\OneDrive - University of Arizona\Printz Lab\Data\Capillary_Bridges\masks_json_2b
9068.0,420.4507918357849,1.087719298245614,0.6414827391058291,0.9755782678859602,0.0454550247678436,0.0583266025987114,0,frame_0058.tif,4,C:\Users\raglo\OneDrive - University of Arizona\Printz Lab\Data\Capillary_Bridges\My_better_CLB_videos\5-9\s2b_tifs,C:\Users\raglo\OneDrive - University of Arizona\Printz Lab\Data\Capillary_Bridges\masks_json_2b
757768.5,3739.1686083078384,1.3763440860215057,0.9946348128780242,0.9976170994834636,0.5000117722017419,0.4994259185799126,0,frame_0058.tif,5,C:\Users\raglo\OneDrive - University of Arizona\Printz Lab\Data\Capillary_Bridges\My_better_CLB_videos\5-9\s2b_tifs,C:\Users\raglo\OneDrive - University of Arizona\Printz Lab\Data\Capillary_Bridges\masks_json_2b
6948.0,339.5391035079956,1.5416666666666667,0.8693693693693694,0.9773526515684344,0.0503961480462155,0.6880787844682048,0,frame_0058.tif,6,C:\Users\raglo\OneDrive - University of Arizona\Printz Lab\Data\Capillary_Bridges\My_better_CLB_videos\5-9\s2b_tifs,C:\Users\raglo\OneDrive - University of Arizona\Printz Lab\Data\Capillary_Bridges\masks_json_2b
419267.5,2901.8548998832703,2.403755868544601,0.961128915419601,0.98540231762592,0.4967843682790659,0.279573697440585,0,frame_0059.tif,0,C:\Users\raglo\OneDrive - University of Arizona\Printz Lab\Data\Capillary_Bridges\My_better_CLB_videos\5-9\s2b_tifs,C:\Users\raglo\OneDrive - University of Arizona\Printz Lab\Data\Capillary_Bridges\masks_json_2b
13428.0,464.1665209531784,1.53,0.8776470588235294,0.9883703812748418,0.9305713938960944,0.5720313622041474,1,frame_0059.tif,1,C:\Users\raglo\OneDrive - University of Arizona\Printz Lab\Data\Capillary_Bridges\My_better_CLB_videos\5-9\s2b_tifs,C:\Users\raglo\OneDrive - University of Arizona\Printz Lab\Data\Capillary_Bridges\masks_json_2b
9572.0,388.9949480295181,1.02803738317757,0.8132540356839423,0.9859401555338104,0.0473550205705936,0.5751451519190676,1,frame_0059.tif,2,C:\Users\raglo\OneDrive - University of Arizona\Printz Lab\Data\Capillary_Bridges\My_better_CLB_videos\5-9\s2b_tifs,C:\Users\raglo\OneDrive - University of Arizona\Printz Lab\Data\Capillary_Bridges\masks_json_2b
3323.5,215.7228707075119,1.078125,0.7526041666666666,0.9888426063671526,0.292815518881733,0.2837338017174083,0,frame_0059.tif,3,C:\Users\raglo\OneDrive - University of Arizona\Printz Lab\Data\Capillary_Bridges\My_better_CLB_videos\5-9\s2b_tifs,C:\Users\raglo\OneDrive - University of Arizona\Printz Lab\Data\Capillary_Bridges\masks_json_2b
9238.0,425.2792180776596,1.0775862068965518,0.6371034482758621,0.9756561229339388,0.0454958241678151,0.0593524859535672,0,frame_0059.tif,4,C:\Users\raglo\OneDrive - University of Arizona\Printz Lab\Data\Capillary_Bridges\My_better_CLB_videos\5-9\s2b_tifs,C:\Users\raglo\OneDrive - University of Arizona\Printz Lab\Data\Capillary_Bridges\masks_json_2b
6795.0,335.053822517395,1.5857142857142856,0.8745173745173745,0.9832863034512698,0.0501762699525452,0.6870342249065287,0,frame_0059.tif,5,C:\Users\raglo\OneDrive - University of Arizona\Printz Lab\Data\Capillary_Bridges\My_better_CLB_videos\5-9\s2b_tifs,C:\Users\raglo\OneDrive - University of Arizona\Printz Lab\Data\Capillary_Bridges\masks_json_2b
73258.0,1761.4701237678528,7.901960784313726,0.8910864593976549,0.9769296420760656,0.4822367241801066,0.6378714533144386,0,frame_0059.tif,6,C:\Users\raglo\OneDrive - University of Arizona\Printz Lab\Data\Capillary_Bridges\My_better_CLB_videos\5-9\s2b_tifs,C:\Users\raglo\OneDrive - University of Arizona\Printz Lab\Data\Capillary_Bridges\masks_json_2b
13536.0,465.82337474823,1.5454545454545454,0.8936423054070113,0.9927392739273928,0.5689972627565809,0.5735138632427249,0,frame_0059.tif,7,C:\Users\raglo\OneDrive - University of Arizona\Printz Lab\Data\Capillary_Bridges\My_better_CLB_videos\5-9\s2b_tifs,C:\Users\raglo\OneDrive - University of Arizona\Printz Lab\Data\Capillary_Bridges\masks_json_2b
233716.0,2671.7300095558167,3.7925925925925927,0.8453269675925926,0.8541158842984268,0.5027442202095347,0.8412554957408629,0,frame_0060.tif,0,C:\Users\raglo\OneDrive - University of Arizona\Printz Lab\Data\Capillary_Bridges\My_better_CLB_videos\5-9\s2b_tifs,C:\Users\raglo\OneDrive - University of Arizona\Printz Lab\Data\Capillary_Bridges\masks_json_2b
13463.0,465.82337415218353,1.5555555555555556,0.8830512921422012,0.9914573974519478,0.9301895567625348,0.5716733421039809,0,frame_0060.tif,1,C:\Users\raglo\OneDrive - University of Arizona\Printz Lab\Data\Capillary_Bridges\My_better_CLB_videos\5-9\s2b_tifs,C:\Users\raglo\OneDrive - University of Arizona\Printz Lab\Data\Capillary_Bridges\masks_json_2b
9558.5,393.580734372139,1.0091743119266054,0.7972060050041702,0.9826770844042356,0.0472804809394888,0.5747082734551427,1,frame_0060.tif,2,C:\Users\raglo\OneDrive - University of Arizona\Printz Lab\Data\Capillary_Bridges\My_better_CLB_videos\5-9\s2b_tifs,C:\Users\raglo\OneDrive - University of Arizona\Printz Lab\Data\Capillary_Bridges\masks_json_2b
3550.0,232.30865621566767,0.971830985915493,0.7246376811594203,0.9722032041626728,0.2922551184606957,0.282107550442801,0,frame_0060.tif,3,C:\Users\raglo\OneDrive - University of Arizona\Printz Lab\Data\Capillary_Bridges\My_better_CLB_videos\5-9\s2b_tifs,C:\Users\raglo\OneDrive - University of Arizona\Printz Lab\Data\Capillary_Bridges\masks_json_2b
9156.0,422.9360729455948,1.0956521739130434,0.6318840579710145,0.98003746320578,0.0458022331933896,0.0583400720219631,0,frame_0060.tif,4,C:\Users\raglo\OneDrive - University of Arizona\Printz Lab\Data\Capillary_Bridges\My_better_CLB_videos\5-9\s2b_tifs,C:\Users\raglo\OneDrive - University of Arizona\Printz Lab\Data\Capillary_Bridges\masks_json_2b
6688.5,332.1248904466629,1.5857142857142856,0.8608108108108108,0.984326710816777,0.0495848361029948,0.6861430728025322,0,frame_0060.tif,5,C:\Users\raglo\OneDrive - University of Arizona\Printz Lab\Data\Capillary_Bridges\My_better_CLB_videos\5-9\s2b_tifs,C:\Users\raglo\OneDrive - University of Arizona\Printz Lab\Data\Capillary_Bridges\masks_json_2b
13432.0,466.1665204763413,1.54,0.8722077922077922,0.9869576398839046,0.9301830060384926,0.5713582381091903,1,frame_0061.tif,0,C:\Users\raglo\OneDrive - University of Arizona\Printz Lab\Data\Capillary_Bridges\My_better_CLB_videos\5-9\s2b_tifs,C:\Users\raglo\OneDrive - University of Arizona\Printz Lab\Data\Capillary_Bridges\masks_json_2b
3320.0,216.30865621566767,1.078125,0.7518115942028986,0.9879482219907753,0.2926451367015822,0.2837816192987596,0,frame_0061.tif,1,C:\Users\raglo\OneDrive - University of Arizona\Printz Lab\Data\Capillary_Bridges\My_better_CLB_videos\5-9\s2b_tifs,C:\Users\raglo\OneDrive - University of Arizona\Printz Lab\Data\Capillary_Bridges\masks_json_2b
9492.5,387.58073449134827,1.0377358490566038,0.8141080617495712,0.9821012880864932,0.0475487907707019,0.5757245942313656,1,frame_0061.tif,2,C:\Users\raglo\OneDrive - University of Arizona\Printz Lab\Data\Capillary_Bridges\My_better_CLB_videos\5-9\s2b_tifs,C:\Users\raglo\OneDrive - University of Arizona\Printz Lab\Data\Capillary_Bridges\masks_json_2b
9254.5,430.3502871990204,1.0588235294117647,0.6172135520875016,0.9761101149667756,0.0453455239524918,0.0595956688886537,0,frame_0061.tif,3,C:\Users\raglo\OneDrive - University of Arizona\Printz Lab\Data\Capillary_Bridges\My_better_CLB_videos\5-9\s2b_tifs,C:\Users\raglo\OneDrive - University of Arizona\Printz Lab\Data\Capillary_Bridges\masks_json_2b
233727.5,2676.65894138813,3.7925925925925927,0.8453685619212963,0.8549452599466683,0.5032944705657085,0.8411815132367437,0,frame_0062.tif,0,C:\Users\raglo\OneDrive - University of Arizona\Printz Lab\Data\Capillary_Bridges\My_better_CLB_videos\5-9\s2b_tifs,C:\Users\raglo\OneDrive - University of Arizona\Printz Lab\Data\Capillary_Bridges\masks_json_2b
13324.5,464.7523066997528,1.5714285714285714,0.8828849721706865,0.9888678615161972,0.929960265500406,0.5716598739909431,1,frame_0062.tif,1,C:\Users\raglo\OneDrive - University of Arizona\Printz Lab\Data\Capillary_Bridges\My_better_CLB_videos\5-9\s2b_tifs,C:\Users\raglo\OneDrive - University of Arizona\Printz Lab\Data\Capillary_Bridges\masks_json_2b
9594.0,392.99494755268097,1.0091743119266054,0.8001668056713929,0.9830925299723332,0.047210109664263,0.574741127135113,1,frame_0062.tif,2,C:\Users\raglo\OneDrive - University of Arizona\Printz Lab\Data\Capillary_Bridges\My_better_CLB_videos\5-9\s2b_tifs,C:\Users\raglo\OneDrive - University of Arizona\Printz Lab\Data\Capillary_Bridges\masks_json_2b
3313.5,218.06601512432096,1.078125,0.7503396739130435,0.9839643652561249,0.292835790786385,0.2838791079812206,0,frame_0062.tif,3,C:\Users\raglo\OneDrive - University of Arizona\Printz Lab\Data\Capillary_Bridges\My_better_CLB_videos\5-9\s2b_tifs,C:\Users\raglo\OneDrive - University of Arizona\Printz Lab\Data\Capillary_Bridges\masks_json_2b
417587.0,2889.730009436608,2.398126463700234,0.9550346713992974,0.9806793576538112,0.4970847938796874,0.277466006965286,0,frame_0062.tif,4,C:\Users\raglo\OneDrive - University of Arizona\Printz Lab\Data\Capillary_Bridges\My_better_CLB_videos\5-9\s2b_tifs,C:\Users\raglo\OneDrive - University of Arizona\Printz Lab\Data\Capillary_Bridges\masks_json_2b
9092.5,424.6934322118759,1.0775862068965518,0.6270689655172413,0.9765855754255948,0.0455582652498115,0.058209683787373,0,frame_0062.tif,5,C:\Users\raglo\OneDrive - University of Arizona\Printz Lab\Data\Capillary_Bridges\My_better_CLB_videos\5-9\s2b_tifs,C:\Users\raglo\OneDrive - University of Arizona\Printz Lab\Data\Capillary_Bridges\masks_json_2b
757610.5,3819.428493857384,1.3763440860215057,0.9944274246051747,0.9974018673379113,0.4998809429231936,0.4993841852733386,0,frame_0062.tif,6,C:\Users\raglo\OneDrive - University of Arizona\Printz Lab\Data\Capillary_Bridges\My_better_CLB_videos\5-9\s2b_tifs,C:\Users\raglo\OneDrive - University of Arizona\Printz Lab\Data\Capillary_Bridges\masks_json_2b
6638.0,333.539103269577,1.6,0.8466836734693878,0.9808644255633544,0.0494478361846946,0.6860346333088055,0,frame_0062.tif,7,C:\Users\raglo\OneDrive - University of Arizona\Printz Lab\Data\Capillary_Bridges\My_better_CLB_videos\5-9\s2b_tifs,C:\Users\raglo\OneDrive - University of Arizona\Printz Lab\Data\Capillary_Bridges\masks_json_2b
234135.5,2674.658941745758,3.7925925925925927,0.8468442563657408,0.8568686401056925,0.502771363910678,0.8409775489483902,0,frame_0063.tif,0,C:\Users\raglo\OneDrive - University of Arizona\Printz Lab\Data\Capillary_Bridges\My_better_CLB_videos\5-9\s2b_tifs,C:\Users\raglo\OneDrive - University of Arizona\Printz Lab\Data\Capillary_Bridges\masks_json_2b
13457.0,464.5096663236618,1.5714285714285714,0.8916644579909886,0.9927701954998156,0.9300007397227096,0.5713667227218445,1,frame_0063.tif,1,C:\Users\raglo\OneDrive - University of Arizona\Printz Lab\Data\Capillary_Bridges\My_better_CLB_videos\5-9\s2b_tifs,C:\Users\raglo\OneDrive - University of Arizona\Printz Lab\Data\Capillary_Bridges\masks_json_2b
9555.0,390.9949480295181,1.02803738317757,0.8118096856414614,0.9848484848484848,0.0473487887696415,0.5750551504570196,1,frame_0063.tif,2,C:\Users\raglo\OneDrive - University of Arizona\Printz Lab\Data\Capillary_Bridges\My_better_CLB_videos\5-9\s2b_tifs,C:\Users\raglo\OneDrive - University of Arizona\Printz Lab\Data\Capillary_Bridges\masks_json_2b
3572.0,234.79393768310547,0.9722222222222222,0.7087301587301588,0.963972473350425,0.2920871052273346,0.2822361375805426,0,frame_0063.tif,3,C:\Users\raglo\OneDrive - University of Arizona\Printz Lab\Data\Capillary_Bridges\My_better_CLB_videos\5-9\s2b_tifs,C:\Users\raglo\OneDrive - University of Arizona\Printz Lab\Data\Capillary_Bridges\masks_json_2b
419171.5,2883.9726507663727,2.386946386946387,0.9541892027243588,0.9806213519551764,0.4971870181509971,0.2787801841175229,0,frame_0063.tif,4,C:\Users\raglo\OneDrive - University of Arizona\Printz Lab\Data\Capillary_Bridges\My_better_CLB_videos\5-9\s2b_tifs,C:\Users\raglo\OneDrive - University of Arizona\Printz Lab\Data\Capillary_Bridges\masks_json_2b
9034.5,421.0365779399872,1.0517241379310345,0.6383903335217637,0.973492807499596,0.0451965993443866,0.0585805519433607,0,frame_0063.tif,5,C:\Users\raglo\OneDrive - University of Arizona\Printz Lab\Data\Capillary_Bridges\My_better_CLB_videos\5-9\s2b_tifs,C:\Users\raglo\OneDrive - University of Arizona\Printz Lab\Data\Capillary_Bridges\masks_json_2b
13511.0,466.9949479103088,1.5714285714285714,0.8952425125894513,0.9910874747845224,0.5691781317276642,0.5733842554718335,0,frame_0063.tif,6,C:\Users\raglo\OneDrive - University of Arizona\Printz Lab\Data\Capillary_Bridges\My_better_CLB_videos\5-9\s2b_tifs,C:\Users\raglo\OneDrive - University of Arizona\Printz Lab\Data\Capillary_Bridges\masks_json_2b
